case_id,memory_id,oracle_proxy_relation,predicted_relation,question_type
memos_medium:3,m1,SUPPORT,INSUFFICIENT,Memory Conflict
memos_medium:3,m9,SUPPORT,INSUFFICIENT,Memory Conflict
memos_medium:4,m1,SUPPORT,REFUTE,Memory Conflict
memos_medium:4,m2,SUPPORT,REFUTE,Memory Conflict
memos_medium:4,m3,SUPPORT,REFUTE,Memory Conflict
memos_medium:4,m4,SUPPORT,REFUTE,Memory Conflict
memos_medium:4,m5,SUPPORT,REFUTE,Memory Conflict
memos_medium:6,m5,SUPPORT,INSUFFICIENT,Basic Fact Recall
memos_medium:8,m1,SUPPORT,REFUTE,Memory Conflict
memos_medium:8,m12,SUPPORT,REFUTE,Memory Conflict
memos_medium:9,m1,SUPPORT,SUPPORT,Basic Fact Recall
memos_medium:9,m2,SUPPORT,SUPPORT,Basic Fact Recall
memos_medium:10,m3,SUPPORT,REFUTE,Memory Conflict
memos_medium:10,m4,SUPPORT,REFUTE,Memory Conflict
memos_medium:10,m8,SUPPORT,REFUTE,Memory Conflict
memos_medium:10,m9,SUPPORT,REFUTE,Memory Conflict
memos_medium:10,m10,SUPPORT,REFUTE,Memory Conflict
memos_medium:12,m3,SUPPORT,SUPPORT,Generalization & Application
memos_medium:12,m4,SUPPORT,SUPPORT,Generalization & Application
memos_medium:12,m5,SUPPORT,SUPPORT,Generalization & Application
memos_medium:12,m7,SUPPORT,SUPPORT,Generalization & Application
memos_medium:12,m8,SUPPORT,SUPPORT,Generalization & Application
memos_medium:12,m9,SUPPORT,SUPPORT,Generalization & Application
memos_medium:12,m11,SUPPORT,SUPPORT,Generalization & Application
memos_medium:17,m1,SUPPORT,SUPPORT,Multi-hop Inference
memos_medium:18,m1,SUPPORT,SUPPORT,Multi-hop Inference
memos_medium:18,m2,SUPPORT,SUPPORT,Multi-hop Inference
memos_medium:19,m2,SUPPORT,SUPPORT,Multi-hop Inference
memos_medium:20,m1,SUPPORT,SUPPORT,Multi-hop Inference
memos_medium:20,m2,SUPPORT,SUPPORT,Multi-hop Inference
memos_medium:20,m3,SUPPORT,SUPPORT,Multi-hop Inference
memos_medium:21,m1,SUPPORT,INSUFFICIENT,Generalization & Application
memos_medium:21,m5,SUPPORT,SUPPORT,Generalization & Application
memos_medium:22,m12,SUPPORT,SUPPORT,Generalization & Application
memos_medium:23,m1,SUPPORT,SUPPORT,Basic Fact Recall
memos_medium:24,m4,SUPPORT,SUPPORT,Generalization & Application
memos_medium:24,m7,SUPPORT,SUPPORT,Generalization & Application
memos_medium:24,m10,SUPPORT,SUPPORT,Generalization & Application
memos_medium:24,m11,SUPPORT,SUPPORT,Generalization & Application
memos_medium:24,m12,SUPPORT,SUPPORT,Generalization & Application
memos_medium:31,m1,SUPPORT,REFUTE,Memory Conflict
memos_medium:31,m7,SUPPORT,REFUTE,Memory Conflict
memos_medium:32,m2,SUPPORT,SUPPORT,Generalization & Application
memos_medium:32,m7,SUPPORT,SUPPORT,Generalization & Application
memos_medium:36,m1,SUPPORT,SUPPORT,Generalization & Application
memos_medium:36,m3,SUPPORT,SUPPORT,Generalization & Application
memos_medium:38,m1,SUPPORT,SUPPORT,Generalization & Application
memos_medium:38,m2,SUPPORT,INSUFFICIENT,Generalization & Application
memos_medium:38,m6,SUPPORT,SUPPORT,Generalization & Application
memos_medium:40,m1,SUPPORT,INSUFFICIENT,Memory Conflict
memos_medium:41,m3,SUPPORT,SUPPORT,Basic Fact Recall
memos_medium:42,m1,SUPPORT,INSUFFICIENT,Memory Conflict
memos_medium:42,m4,SUPPORT,REFUTE,Memory Conflict
memos_medium:44,m1,SUPPORT,SUPPORT,Basic Fact Recall
memos_medium:45,m1,SUPPORT,SUPPORT,Memory Conflict
memos_medium:46,m1,SUPPORT,REFUTE,Memory Conflict
memos_medium:46,m6,SUPPORT,REFUTE,Memory Conflict
memos_medium:47,m1,SUPPORT,INSUFFICIENT,Memory Conflict
memos_medium:47,m4,SUPPORT,INSUFFICIENT,Memory Conflict
memos_medium:47,m5,SUPPORT,REFUTE,Memory Conflict
memos_medium:48,m7,SUPPORT,SUPPORT,Memory Conflict
memos_medium:50,m6,SUPPORT,SUPPORT,Multi-hop Inference
memos_medium:50,m12,SUPPORT,SUPPORT,Multi-hop Inference
memos_medium:51,m3,SUPPORT,SUPPORT,Multi-hop Inference
memos_medium:51,m4,SUPPORT,INSUFFICIENT,Multi-hop Inference
memos_medium:51,m10,SUPPORT,SUPPORT,Multi-hop Inference
memos_medium:52,m1,SUPPORT,SUPPORT,Multi-hop Inference
memos_medium:52,m4,SUPPORT,SUPPORT,Multi-hop Inference
memos_medium:53,m6,SUPPORT,SUPPORT,Multi-hop Inference
memos_medium:53,m10,SUPPORT,SUPPORT,Multi-hop Inference
memos_medium:56,m1,SUPPORT,SUPPORT,Basic Fact Recall
memos_medium:56,m2,SUPPORT,SUPPORT,Basic Fact Recall
memos_medium:56,m10,SUPPORT,SUPPORT,Basic Fact Recall
memos_medium:57,m1,SUPPORT,SUPPORT,Basic Fact Recall
memos_medium:57,m4,SUPPORT,SUPPORT,Basic Fact Recall
memos_medium:57,m6,SUPPORT,SUPPORT,Basic Fact Recall
memos_medium:57,m7,SUPPORT,SUPPORT,Basic Fact Recall
memos_medium:57,m9,SUPPORT,SUPPORT,Basic Fact Recall
memos_medium:57,m11,SUPPORT,SUPPORT,Basic Fact Recall
memos_medium:58,m6,SUPPORT,SUPPORT,Basic Fact Recall
memos_medium:58,m9,SUPPORT,SUPPORT,Basic Fact Recall
memos_medium:61,m1,SUPPORT,REFUTE,Memory Conflict
memos_medium:61,m7,SUPPORT,REFUTE,Memory Conflict
memos_medium:61,m9,SUPPORT,REFUTE,Memory Conflict
memos_medium:62,m3,SUPPORT,REFUTE,Memory Conflict
memos_medium:62,m7,SUPPORT,REFUTE,Memory Conflict
memos_medium:64,m10,SUPPORT,SUPPORT,Generalization & Application
memos_medium:65,m5,SUPPORT,REFUTE,Memory Conflict
memos_medium:65,m7,SUPPORT,REFUTE,Memory Conflict
memos_medium:65,m10,SUPPORT,REFUTE,Memory Conflict
memos_medium:65,m11,SUPPORT,INSUFFICIENT,Memory Conflict
memos_medium:66,m1,SUPPORT,SUPPORT,Generalization & Application
memos_medium:66,m2,SUPPORT,SUPPORT,Generalization & Application
memos_medium:67,m1,SUPPORT,REFUTE,Memory Conflict
memos_medium:67,m7,SUPPORT,INSUFFICIENT,Memory Conflict
memos_medium:69,m1,SUPPORT,SUPPORT,Basic Fact Recall
memos_medium:69,m2,SUPPORT,SUPPORT,Basic Fact Recall
memos_medium:70,m1,SUPPORT,SUPPORT,Generalization & Application
memos_medium:70,m4,SUPPORT,SUPPORT,Generalization & Application
memos_medium:70,m5,SUPPORT,SUPPORT,Generalization & Application
memos_medium:77,m1,SUPPORT,SUPPORT,Memory Conflict
memos_medium:77,m3,SUPPORT,SUPPORT,Memory Conflict
memos_medium:77,m6,SUPPORT,SUPPORT,Memory Conflict
memos_medium:79,m1,SUPERSEDED,SUPPORT,Dynamic Update
memos_medium:79,m2,SUPERSEDED,INSUFFICIENT,Dynamic Update
memos_medium:79,m3,SUPERSEDED,SUPPORT,Dynamic Update
memos_medium:79,m4,SUPERSEDED,INSUFFICIENT,Dynamic Update
memos_medium:79,m5,SUPERSEDED,INSUFFICIENT,Dynamic Update
memos_medium:79,m6,SUPERSEDED,INSUFFICIENT,Dynamic Update
memos_medium:79,m7,SUPPORT,SUPPORT,Dynamic Update
memos_medium:79,m8,SUPERSEDED,INSUFFICIENT,Dynamic Update
memos_medium:79,m9,SUPERSEDED,SUPPORT,Dynamic Update
memos_medium:79,m10,SUPERSEDED,INSUFFICIENT,Dynamic Update
memos_medium:79,m11,SUPERSEDED,INSUFFICIENT,Dynamic Update
memos_medium:79,m12,SUPERSEDED,INSUFFICIENT,Dynamic Update
memos_medium:80,m2,SUPPORT,SUPPORT,Basic Fact Recall
memos_medium:81,m2,SUPPORT,SUPPORT,Generalization & Application
memos_medium:84,m1,SUPPORT,SUPPORT,Generalization & Application
memos_medium:84,m4,SUPPORT,SUPPORT,Generalization & Application
memos_medium:84,m7,SUPPORT,SUPPORT,Generalization & Application
memos_medium:84,m8,SUPPORT,SUPPORT,Generalization & Application
memos_medium:85,m1,SUPPORT,SUPPORT,Memory Conflict
memos_medium:86,m1,SUPPORT,INSUFFICIENT,Memory Conflict
memos_medium:86,m2,SUPPORT,REFUTE,Memory Conflict
memos_medium:86,m4,SUPPORT,REFUTE,Memory Conflict
memos_medium:86,m9,SUPPORT,REFUTE,Memory Conflict
memos_medium:86,m11,SUPPORT,REFUTE,Memory Conflict
memos_medium:89,m1,SUPPORT,SUPPORT,Basic Fact Recall
memos_medium:89,m2,SUPPORT,SUPPORT,Basic Fact Recall
memos_medium:90,m1,SUPPORT,REFUTE,Memory Conflict
memos_medium:90,m2,SUPPORT,REFUTE,Memory Conflict
memos_medium:90,m4,SUPPORT,REFUTE,Memory Conflict
memos_medium:90,m5,SUPPORT,REFUTE,Memory Conflict
memos_medium:90,m8,SUPPORT,REFUTE,Memory Conflict
memos_medium:90,m9,SUPPORT,REFUTE,Memory Conflict
memos_medium:94,m7,SUPPORT,INSUFFICIENT,Memory Conflict
memos_medium:95,m2,SUPPORT,CURRENT,Memory Conflict
memos_medium:97,m6,SUPPORT,SUPPORT,Basic Fact Recall
memos_medium:97,m9,SUPPORT,SUPPORT,Basic Fact Recall
memos_medium:110,m5,SUPPORT,SUPPORT,Generalization & Application
memos_medium:112,m1,SUPPORT,REFUTE,Memory Conflict
memos_medium:113,m3,SUPPORT,REFUTE,Memory Conflict
memos_medium:114,m1,SUPPORT,SUPPORT,Generalization & Application
memos_medium:114,m7,SUPPORT,SUPPORT,Generalization & Application
memos_medium:114,m8,SUPPORT,SUPPORT,Generalization & Application
memos_medium:115,m1,SUPPORT,SUPPORT,Basic Fact Recall
memos_medium:117,m2,SUPPORT,SUPPORT,Basic Fact Recall
memos_medium:119,m1,SUPPORT,SUPPORT,Generalization & Application
memos_medium:119,m2,SUPPORT,SUPPORT,Generalization & Application
memos_medium:119,m5,SUPPORT,SUPPORT,Generalization & Application
memos_medium:119,m7,SUPPORT,SUPPORT,Generalization & Application
memos_medium:119,m9,SUPPORT,SUPPORT,Generalization & Application
memos_medium:120,m1,SUPPORT,SUPPORT,Generalization & Application
memos_medium:120,m2,SUPPORT,SUPPORT,Generalization & Application
memos_medium:120,m3,SUPPORT,SUPPORT,Generalization & Application
memos_medium:121,m1,SUPPORT,SUPPORT,Basic Fact Recall
memos_medium:121,m2,SUPPORT,SUPPORT,Basic Fact Recall
memos_medium:121,m9,SUPPORT,SUPPORT,Basic Fact Recall
memos_medium:121,m12,SUPPORT,SUPPORT,Basic Fact Recall
memos_medium:123,m1,SUPPORT,REFUTE,Memory Conflict
memos_medium:124,m1,SUPPORT,SUPPORT,Generalization & Application
memos_medium:124,m3,SUPPORT,SUPPORT,Generalization & Application
memos_medium:124,m4,SUPPORT,INSUFFICIENT,Generalization & Application
memos_medium:124,m8,SUPPORT,SUPPORT,Generalization & Application
memos_medium:124,m9,SUPPORT,SUPPORT,Generalization & Application
memos_medium:124,m11,SUPPORT,SUPPORT,Generalization & Application
memos_medium:125,m1,SUPPORT,SUPPORT,Basic Fact Recall
memos_medium:127,m1,SUPPORT,SUPPORT,Multi-hop Inference
memos_medium:127,m8,SUPPORT,INSUFFICIENT,Multi-hop Inference
memos_medium:127,m9,SUPPORT,INSUFFICIENT,Multi-hop Inference
memos_medium:128,m1,SUPERSEDED,SUPPORT,Dynamic Update
memos_medium:128,m2,SUPERSEDED,INSUFFICIENT,Dynamic Update
memos_medium:128,m3,SUPERSEDED,INSUFFICIENT,Dynamic Update
memos_medium:128,m4,SUPERSEDED,INSUFFICIENT,Dynamic Update
memos_medium:128,m5,SUPERSEDED,INSUFFICIENT,Dynamic Update
memos_medium:128,m6,SUPERSEDED,INSUFFICIENT,Dynamic Update
memos_medium:128,m7,SUPERSEDED,INSUFFICIENT,Dynamic Update
memos_medium:128,m8,SUPERSEDED,INSUFFICIENT,Dynamic Update
memos_medium:128,m9,SUPERSEDED,INSUFFICIENT,Dynamic Update
memos_medium:128,m10,SUPERSEDED,INSUFFICIENT,Dynamic Update
memos_medium:128,m11,SUPERSEDED,INSUFFICIENT,Dynamic Update
memos_medium:128,m12,SUPERSEDED,INSUFFICIENT,Dynamic Update
memos_medium:129,m1,SUPERSEDED,SUPERSEDED,Dynamic Update
memos_medium:129,m2,SUPPORT,SUPPORT,Dynamic Update
memos_medium:129,m3,SUPERSEDED,SUPERSEDED,Dynamic Update
memos_medium:129,m4,SUPERSEDED,INSUFFICIENT,Dynamic Update
memos_medium:129,m5,SUPERSEDED,INSUFFICIENT,Dynamic Update
memos_medium:129,m6,SUPERSEDED,INSUFFICIENT,Dynamic Update
memos_medium:129,m7,SUPERSEDED,INSUFFICIENT,Dynamic Update
memos_medium:129,m8,SUPERSEDED,INSUFFICIENT,Dynamic Update
memos_medium:129,m9,SUPERSEDED,INSUFFICIENT,Dynamic Update
memos_medium:129,m10,SUPERSEDED,INSUFFICIENT,Dynamic Update
memos_medium:129,m11,SUPERSEDED,INSUFFICIENT,Dynamic Update
memos_medium:129,m12,SUPERSEDED,INSUFFICIENT,Dynamic Update
memos_medium:130,m1,SUPERSEDED,INSUFFICIENT,Dynamic Update
memos_medium:130,m2,SUPERSEDED,SUPPORT,Dynamic Update
memos_medium:130,m3,SUPERSEDED,SUPPORT,Dynamic Update
memos_medium:130,m4,SUPERSEDED,INSUFFICIENT,Dynamic Update
memos_medium:130,m5,SUPERSEDED,INSUFFICIENT,Dynamic Update
memos_medium:130,m6,SUPERSEDED,INSUFFICIENT,Dynamic Update
memos_medium:130,m7,SUPERSEDED,INSUFFICIENT,Dynamic Update
memos_medium:130,m8,SUPERSEDED,INSUFFICIENT,Dynamic Update
memos_medium:130,m9,SUPERSEDED,INSUFFICIENT,Dynamic Update
memos_medium:130,m10,SUPERSEDED,INSUFFICIENT,Dynamic Update
memos_medium:130,m11,SUPERSEDED,INSUFFICIENT,Dynamic Update
memos_medium:130,m12,SUPERSEDED,INSUFFICIENT,Dynamic Update
memos_medium:131,m7,SUPPORT,SUPPORT,Generalization & Application
memos_medium:131,m8,SUPPORT,SUPPORT,Generalization & Application
memos_medium:131,m10,SUPPORT,SUPPORT,Generalization & Application
memos_medium:132,m1,SUPPORT,SUPPORT,Generalization & Application
memos_medium:133,m1,SUPPORT,SUPPORT,Memory Conflict
memos_medium:133,m7,SUPPORT,SUPPORT,Memory Conflict
memos_medium:134,m2,SUPPORT,SUPPORT,Generalization & Application
memos_medium:134,m3,SUPPORT,SUPPORT,Generalization & Application
memos_medium:135,m1,SUPPORT,SUPPORT,Basic Fact Recall
memos_medium:135,m4,SUPPORT,CURRENT,Basic Fact Recall
memos_medium:135,m7,SUPPORT,SUPPORT,Basic Fact Recall
memos_medium:136,m3,SUPPORT,REFUTE,Memory Conflict
memos_medium:136,m9,SUPPORT,REFUTE,Memory Conflict
memos_medium:137,m3,SUPPORT,SUPPORT,Basic Fact Recall
memos_medium:137,m11,SUPPORT,SUPPORT,Basic Fact Recall
memos_medium:138,m5,SUPPORT,SUPPORT,Generalization & Application
memos_medium:141,m3,SUPPORT,REFUTE,Memory Conflict
memos_medium:141,m6,SUPPORT,REFUTE,Memory Conflict
memos_medium:141,m7,SUPPORT,INSUFFICIENT,Memory Conflict
memos_medium:141,m8,SUPPORT,INSUFFICIENT,Memory Conflict
memos_medium:141,m9,SUPPORT,INSUFFICIENT,Memory Conflict
memos_medium:141,m10,SUPPORT,INSUFFICIENT,Memory Conflict
memos_medium:141,m11,SUPPORT,INSUFFICIENT,Memory Conflict
memos_medium:148,m6,SUPPORT,CURRENT,Memory Conflict
memos_medium:148,m9,SUPPORT,SUPPORT,Memory Conflict
memos_medium:151,m1,SUPPORT,SUPPORT,Basic Fact Recall
memos_medium:151,m3,SUPPORT,SUPPORT,Basic Fact Recall
memos_medium:152,m1,SUPPORT,CURRENT,Generalization & Application
memos_medium:152,m2,SUPPORT,SUPPORT,Generalization & Application
memos_medium:152,m4,SUPPORT,SUPPORT,Generalization & Application
memos_medium:153,m1,SUPPORT,REFUTE,Memory Conflict
memos_medium:153,m2,SUPPORT,REFUTE,Memory Conflict
memos_medium:153,m8,SUPPORT,REFUTE,Memory Conflict
memos_medium:155,m1,SUPPORT,REFUTE,Memory Conflict
memos_medium:155,m2,SUPPORT,REFUTE,Memory Conflict
memos_medium:155,m8,SUPPORT,REFUTE,Memory Conflict
memos_medium:156,m1,SUPPORT,SUPPORT,Generalization & Application
memos_medium:156,m8,SUPPORT,SUPPORT,Generalization & Application
memos_medium:157,m1,SUPPORT,REFUTE,Memory Conflict
memos_medium:157,m2,SUPPORT,REFUTE,Memory Conflict
memos_medium:157,m3,SUPPORT,REFUTE,Memory Conflict
memos_medium:157,m4,SUPPORT,REFUTE,Memory Conflict
memos_medium:157,m5,SUPPORT,REFUTE,Memory Conflict
memos_medium:157,m6,SUPPORT,REFUTE,Memory Conflict
memos_medium:160,m1,SUPERSEDED,INSUFFICIENT,Dynamic Update
memos_medium:160,m2,SUPERSEDED,INSUFFICIENT,Dynamic Update
memos_medium:160,m3,SUPERSEDED,INSUFFICIENT,Dynamic Update
memos_medium:160,m4,SUPERSEDED,INSUFFICIENT,Dynamic Update
memos_medium:160,m5,SUPERSEDED,INSUFFICIENT,Dynamic Update
memos_medium:160,m6,SUPPORT,INSUFFICIENT,Dynamic Update
memos_medium:160,m7,SUPERSEDED,INSUFFICIENT,Dynamic Update
memos_medium:160,m8,SUPERSEDED,INSUFFICIENT,Dynamic Update
memos_medium:160,m9,SUPERSEDED,INSUFFICIENT,Dynamic Update
memos_medium:160,m10,SUPERSEDED,INSUFFICIENT,Dynamic Update
memos_medium:160,m11,SUPERSEDED,INSUFFICIENT,Dynamic Update
memos_medium:160,m12,SUPERSEDED,INSUFFICIENT,Dynamic Update
memos_medium:162,m10,SUPPORT,SUPPORT,Generalization & Application
memos_medium:162,m12,SUPPORT,SUPPORT,Generalization & Application
memos_medium:163,m4,SUPPORT,INSUFFICIENT,Generalization & Application
memos_medium:163,m7,SUPPORT,SUPPORT,Generalization & Application
memos_medium:163,m8,SUPPORT,SUPPORT,Generalization & Application
memos_medium:165,m1,SUPPORT,SUPPORT,Basic Fact Recall
memos_medium:166,m1,SUPPORT,INSUFFICIENT,Memory Conflict
memos_medium:167,m7,SUPPORT,INSUFFICIENT,Memory Conflict
memos_medium:168,m6,SUPPORT,INSUFFICIENT,Memory Conflict
memos_medium:171,m3,SUPPORT,SUPPORT,Basic Fact Recall
memos_medium:171,m7,SUPPORT,SUPPORT,Basic Fact Recall
memos_medium:173,m4,SUPPORT,REFUTE,Memory Conflict
memos_medium:173,m8,SUPPORT,REFUTE,Memory Conflict
memos_medium:174,m1,SUPPORT,SUPPORT,Basic Fact Recall
memos_medium:176,m1,SUPPORT,REFUTE,Memory Conflict
memos_medium:176,m4,SUPPORT,REFUTE,Memory Conflict
memos_medium:176,m6,SUPPORT,REFUTE,Memory Conflict
memos_medium:178,m2,SUPPORT,REFUTE,Memory Conflict
memos_medium:182,m4,SUPPORT,SUPPORT,Generalization & Application
memos_medium:182,m5,SUPPORT,SUPPORT,Generalization & Application
memos_medium:182,m6,SUPPORT,SUPPORT,Generalization & Application
memos_medium:182,m7,SUPPORT,SUPPORT,Generalization & Application
memos_medium:182,m10,SUPPORT,SUPPORT,Generalization & Application
memos_medium:184,m1,SUPPORT,REFUTE,Memory Conflict
memos_medium:184,m2,SUPPORT,REFUTE,Memory Conflict
memos_medium:184,m3,SUPPORT,REFUTE,Memory Conflict
memos_medium:185,m1,SUPPORT,SUPPORT,Generalization & Application
memos_medium:185,m2,SUPPORT,REFUTE,Generalization & Application
memos_medium:185,m7,SUPPORT,SUPPORT,Generalization & Application
memos_medium:185,m8,SUPPORT,SUPPORT,Generalization & Application
memos_medium:185,m9,SUPPORT,SUPPORT,Generalization & Application
memos_medium:186,m1,SUPPORT,SUPPORT,Basic Fact Recall
memos_medium:189,m9,SUPPORT,INSUFFICIENT,Memory Conflict
memos_medium:189,m12,SUPPORT,INSUFFICIENT,Memory Conflict
memos_medium:190,m4,SUPPORT,SUPPORT,Generalization & Application
memos_medium:193,m1,SUPPORT,SUPPORT,Multi-hop Inference
memos_medium:193,m8,SUPPORT,SUPPORT,Multi-hop Inference
memos_medium:193,m9,SUPPORT,SUPPORT,Multi-hop Inference
memos_medium:193,m12,SUPPORT,INSUFFICIENT,Multi-hop Inference
memos_medium:194,m7,SUPPORT,SUPPORT,Multi-hop Inference
memos_medium:195,m11,SUPPORT,INSUFFICIENT,Multi-hop Inference
memos_medium:195,m12,SUPPORT,INSUFFICIENT,Multi-hop Inference
memos_medium:197,m7,SUPPORT,INSUFFICIENT,Basic Fact Recall
memos_medium:197,m8,SUPPORT,INSUFFICIENT,Basic Fact Recall
memos_medium:199,m1,SUPPORT,REFUTE,Memory Conflict
memos_medium:199,m2,SUPPORT,REFUTE,Memory Conflict
memos_medium:199,m3,SUPPORT,REFUTE,Memory Conflict
memos_medium:199,m7,SUPPORT,REFUTE,Memory Conflict
memos_medium:200,m1,SUPPORT,SUPPORT,Basic Fact Recall
memos_medium:200,m2,SUPPORT,SUPPORT,Basic Fact Recall
memos_medium:200,m7,SUPPORT,SUPPORT,Basic Fact Recall
memos_medium:201,m1,SUPPORT,SUPPORT,Basic Fact Recall
memos_medium:201,m2,SUPPORT,SUPPORT,Basic Fact Recall
memos_medium:204,m2,SUPPORT,INSUFFICIENT,Memory Conflict
memos_medium:204,m11,SUPPORT,INSUFFICIENT,Memory Conflict
memos_medium:208,m4,SUPPORT,INSUFFICIENT,Multi-hop Inference
memos_medium:208,m5,SUPPORT,INSUFFICIENT,Multi-hop Inference
memos_medium:208,m7,SUPPORT,INSUFFICIENT,Multi-hop Inference
memos_medium:208,m8,SUPPORT,INSUFFICIENT,Multi-hop Inference
memos_medium:209,m2,SUPPORT,INSUFFICIENT,Multi-hop Inference
memos_medium:209,m4,SUPPORT,SUPPORT,Multi-hop Inference
memos_medium:210,m4,SUPPORT,SUPPORT,Generalization & Application
memos_medium:210,m7,SUPPORT,SUPPORT,Generalization & Application
memos_medium:210,m8,SUPPORT,SUPPORT,Generalization & Application
memos_medium:210,m9,SUPPORT,SUPPORT,Generalization & Application
memos_medium:210,m12,SUPPORT,SUPPORT,Generalization & Application
memos_medium:214,m5,SUPPORT,SUPPORT,Basic Fact Recall
memos_medium:214,m10,SUPPORT,SUPPORT,Basic Fact Recall
memos_medium:222,m1,SUPPORT,SUPPORT,Generalization & Application
memos_medium:222,m2,SUPPORT,SUPPORT,Generalization & Application
memos_medium:222,m4,SUPPORT,SUPPORT,Generalization & Application
memos_medium:222,m5,SUPPORT,SUPPORT,Generalization & Application
memos_medium:222,m7,SUPPORT,SUPPORT,Generalization & Application
memos_medium:226,m1,SUPPORT,SUPPORT,Multi-hop Inference
memos_medium:226,m2,SUPPORT,SUPPORT,Multi-hop Inference
memos_medium:226,m3,SUPPORT,SUPPORT,Multi-hop Inference
memos_medium:226,m5,SUPPORT,SUPPORT,Multi-hop Inference
memos_medium:226,m10,SUPPORT,SUPPORT,Multi-hop Inference
memos_medium:227,m2,SUPPORT,SUPPORT,Multi-hop Inference
memos_medium:227,m3,SUPPORT,SUPPORT,Multi-hop Inference
memos_medium:227,m6,SUPPORT,SUPPORT,Multi-hop Inference
memos_medium:228,m2,SUPPORT,SUPPORT,Multi-hop Inference
memos_medium:229,m1,SUPPORT,SUPPORT,Generalization & Application
memos_medium:229,m2,SUPPORT,SUPPORT,Generalization & Application
memos_medium:229,m3,SUPPORT,SUPPORT,Generalization & Application
memos_medium:229,m4,SUPPORT,SUPPORT,Generalization & Application
memos_medium:229,m6,SUPPORT,SUPPORT,Generalization & Application
memos_medium:229,m11,SUPPORT,SUPPORT,Generalization & Application
memos_medium:231,m3,SUPPORT,SUPPORT,Generalization & Application
memos_medium:231,m6,SUPPORT,SUPPORT,Generalization & Application
memos_medium:231,m7,SUPPORT,SUPPORT,Generalization & Application
memos_medium:231,m8,SUPPORT,SUPPORT,Generalization & Application
memos_medium:231,m10,SUPPORT,SUPPORT,Generalization & Application
memos_medium:231,m11,SUPPORT,SUPPORT,Generalization & Application
memos_medium:231,m12,SUPPORT,SUPPORT,Generalization & Application
memos_medium:233,m2,SUPPORT,SUPERSEDED,Basic Fact Recall
memos_medium:233,m4,SUPPORT,SUPPORT,Basic Fact Recall
memos_medium:233,m5,SUPPORT,INSUFFICIENT,Basic Fact Recall
memos_medium:234,m2,SUPPORT,SUPPORT,Basic Fact Recall
memos_medium:235,m2,SUPPORT,REFUTE,Memory Conflict
memos_medium:235,m7,SUPPORT,INSUFFICIENT,Memory Conflict
memos_medium:238,m2,SUPPORT,SUPPORT,Basic Fact Recall
memos_medium:239,m1,SUPPORT,SUPPORT,Generalization & Application
memos_medium:239,m7,SUPPORT,SUPPORT,Generalization & Application
memos_medium:239,m9,SUPPORT,SUPPORT,Generalization & Application
memos_medium:242,m1,SUPPORT,REFUTE,Memory Conflict
memos_medium:243,m1,SUPPORT,REFUTE,Memory Conflict
memos_medium:244,m1,SUPPORT,SUPPORT,Memory Conflict
memos_medium:244,m2,SUPPORT,SUPPORT,Memory Conflict
memos_medium:244,m11,SUPPORT,SUPPORT,Memory Conflict
memos_medium:245,m2,SUPPORT,SUPPORT,Basic Fact Recall
memos_medium:246,m1,SUPPORT,REFUTE,Memory Conflict
memos_medium:246,m2,SUPPORT,REFUTE,Memory Conflict
memos_medium:248,m1,SUPPORT,SUPPORT,Generalization & Application
memos_medium:248,m2,SUPPORT,SUPPORT,Generalization & Application
memos_medium:248,m3,SUPPORT,SUPPORT,Generalization & Application
memos_medium:248,m6,SUPPORT,SUPPORT,Generalization & Application
memos_medium:250,m1,SUPPORT,INSUFFICIENT,Basic Fact Recall
memos_medium:250,m7,SUPPORT,INSUFFICIENT,Basic Fact Recall
memos_medium:250,m10,SUPPORT,INSUFFICIENT,Basic Fact Recall
memos_medium:252,m2,SUPPORT,INSUFFICIENT,Multi-hop Inference
memos_medium:253,m1,SUPPORT,SUPPORT,Multi-hop Inference
memos_medium:253,m5,SUPPORT,SUPPORT,Multi-hop Inference
memos_medium:253,m12,SUPPORT,SUPPORT,Multi-hop Inference
memos_medium:255,m1,SUPPORT,SUPPORT,Generalization & Application
memos_medium:255,m2,SUPPORT,SUPPORT,Generalization & Application
memos_medium:256,m1,SUPPORT,SUPPORT,Generalization & Application
memos_medium:256,m3,SUPPORT,SUPPORT,Generalization & Application
memos_medium:256,m4,SUPPORT,SUPPORT,Generalization & Application
memos_medium:256,m5,SUPPORT,SUPPORT,Generalization & Application
memos_medium:256,m8,SUPPORT,SUPPORT,Generalization & Application
memos_medium:256,m9,SUPPORT,SUPPORT,Generalization & Application
memos_medium:256,m10,SUPPORT,SUPPORT,Generalization & Application
memos_medium:256,m11,SUPPORT,SUPPORT,Generalization & Application
memos_medium:260,m1,SUPPORT,REFUTE,Memory Conflict
memos_medium:260,m3,SUPPORT,REFUTE,Memory Conflict
memos_medium:260,m9,SUPPORT,REFUTE,Memory Conflict
memos_medium:260,m10,SUPPORT,REFUTE,Memory Conflict
memos_medium:262,m3,SUPPORT,SUPPORT,Basic Fact Recall
memos_medium:263,m2,SUPPORT,SUPPORT,Generalization & Application
memos_medium:263,m3,SUPPORT,SUPPORT,Generalization & Application
memos_medium:263,m8,SUPPORT,SUPPORT,Generalization & Application
memos_medium:264,m2,SUPPORT,SUPPORT,Basic Fact Recall
memos_medium:265,m1,SUPPORT,REFUTE,Memory Conflict
memos_medium:265,m2,SUPPORT,REFUTE,Memory Conflict
memos_medium:265,m7,SUPPORT,REFUTE,Memory Conflict
memos_medium:269,m2,SUPPORT,SUPPORT,Basic Fact Recall
memos_medium:269,m7,SUPPORT,SUPPORT,Basic Fact Recall
memos_medium:270,m1,SUPPORT,REFUTE,Memory Conflict
memos_medium:270,m7,SUPPORT,REFUTE,Memory Conflict
memos_medium:271,m1,SUPERSEDED,INSUFFICIENT,Dynamic Update
memos_medium:271,m2,SUPERSEDED,SUPPORT,Dynamic Update
memos_medium:271,m3,SUPERSEDED,INSUFFICIENT,Dynamic Update
memos_medium:271,m4,SUPERSEDED,INSUFFICIENT,Dynamic Update
memos_medium:271,m5,SUPERSEDED,INSUFFICIENT,Dynamic Update
memos_medium:271,m6,SUPERSEDED,INSUFFICIENT,Dynamic Update
memos_medium:271,m7,SUPERSEDED,INSUFFICIENT,Dynamic Update
memos_medium:271,m8,SUPERSEDED,INSUFFICIENT,Dynamic Update
memos_medium:271,m9,SUPERSEDED,INSUFFICIENT,Dynamic Update
memos_medium:271,m10,SUPERSEDED,INSUFFICIENT,Dynamic Update
memos_medium:271,m11,SUPERSEDED,INSUFFICIENT,Dynamic Update
memos_medium:271,m12,SUPERSEDED,INSUFFICIENT,Dynamic Update
memos_medium:273,m1,SUPPORT,SUPPORT,Basic Fact Recall
memos_medium:274,m6,SUPPORT,INSUFFICIENT,Basic Fact Recall
memos_medium:280,m1,SUPPORT,SUPPORT,Generalization & Application
memos_medium:280,m5,SUPPORT,SUPPORT,Generalization & Application
memos_medium:280,m7,SUPPORT,SUPPORT,Generalization & Application
memos_medium:280,m9,SUPPORT,SUPPORT,Generalization & Application
memos_medium:280,m11,SUPPORT,SUPPORT,Generalization & Application
memos_medium:280,m12,SUPPORT,SUPPORT,Generalization & Application
memos_medium:281,m2,SUPPORT,REFUTE,Memory Conflict
memos_medium:282,m1,SUPPORT,SUPPORT,Generalization & Application
memos_medium:282,m2,SUPPORT,SUPPORT,Generalization & Application
memos_medium:282,m3,SUPPORT,SUPPORT,Generalization & Application
memos_medium:282,m7,SUPPORT,SUPPORT,Generalization & Application
memos_medium:282,m8,SUPPORT,SUPPORT,Generalization & Application
memos_medium:282,m9,SUPPORT,SUPPORT,Generalization & Application
memos_medium:283,m2,SUPPORT,SUPPORT,Generalization & Application
memos_medium:283,m3,SUPPORT,SUPPORT,Generalization & Application
memos_medium:284,m3,SUPPORT,SUPPORT,Basic Fact Recall
memos_medium:284,m9,SUPPORT,SUPPORT,Basic Fact Recall
memos_medium:284,m11,SUPPORT,SUPPORT,Basic Fact Recall
memos_medium:285,m1,SUPPORT,SUPPORT,Generalization & Application
memos_medium:286,m3,SUPPORT,REFUTE,Generalization & Application
memos_medium:287,m1,SUPPORT,REFUTE,Memory Conflict
memos_medium:287,m7,SUPPORT,REFUTE,Memory Conflict
memos_medium:287,m8,SUPPORT,REFUTE,Memory Conflict
memos_medium:287,m10,SUPPORT,REFUTE,Memory Conflict
memos_medium:288,m4,SUPPORT,REFUTE,Memory Conflict
memos_medium:289,m1,SUPPORT,REFUTE,Memory Conflict
memos_medium:289,m3,SUPPORT,REFUTE,Memory Conflict
memos_medium:289,m4,SUPPORT,REFUTE,Memory Conflict
memos_medium:293,m1,SUPPORT,SUPPORT,Generalization & Application
memos_medium:293,m2,SUPPORT,SUPPORT,Generalization & Application
memos_medium:293,m3,SUPPORT,SUPPORT,Generalization & Application
memos_medium:293,m6,SUPPORT,SUPPORT,Generalization & Application
memos_medium:295,m6,SUPPORT,REFUTE,Memory Conflict
memos_medium:299,m1,SUPPORT,SUPPORT,Generalization & Application
memos_medium:299,m7,SUPPORT,SUPPORT,Generalization & Application
memos_medium:299,m9,SUPPORT,SUPPORT,Generalization & Application
memos_medium:299,m10,SUPPORT,SUPPORT,Generalization & Application
memos_medium:301,m1,SUPPORT,REFUTE,Memory Conflict
memos_medium:301,m2,SUPPORT,REFUTE,Memory Conflict
memos_medium:303,m1,SUPPORT,SUPPORT,Generalization & Application
memos_medium:303,m2,SUPPORT,SUPPORT,Generalization & Application
memos_medium:307,m1,SUPPORT,REFUTE,Memory Conflict
memos_medium:308,m1,SUPPORT,REFUTE,Memory Conflict
memos_medium:308,m2,SUPPORT,SUPERSEDED,Memory Conflict
memos_medium:308,m5,SUPPORT,REFUTE,Memory Conflict
memos_medium:309,m1,SUPPORT,SUPPORT,Dynamic Update
memos_medium:309,m2,SUPERSEDED,INSUFFICIENT,Dynamic Update
memos_medium:309,m3,SUPPORT,SUPPORT,Dynamic Update
memos_medium:309,m4,SUPERSEDED,INSUFFICIENT,Dynamic Update
memos_medium:309,m5,SUPERSEDED,SUPERSEDED,Dynamic Update
memos_medium:309,m6,SUPERSEDED,INSUFFICIENT,Dynamic Update
memos_medium:309,m7,SUPERSEDED,INSUFFICIENT,Dynamic Update
memos_medium:309,m8,SUPERSEDED,INSUFFICIENT,Dynamic Update
memos_medium:309,m9,SUPERSEDED,INSUFFICIENT,Dynamic Update
memos_medium:309,m10,SUPERSEDED,INSUFFICIENT,Dynamic Update
memos_medium:309,m11,SUPERSEDED,INSUFFICIENT,Dynamic Update
memos_medium:309,m12,SUPERSEDED,INSUFFICIENT,Dynamic Update
memos_medium:310,m1,SUPPORT,SUPPORT,Dynamic Update
memos_medium:310,m2,SUPPORT,SUPPORT,Dynamic Update
memos_medium:310,m3,SUPERSEDED,INSUFFICIENT,Dynamic Update
memos_medium:310,m4,SUPERSEDED,SUPPORT,Dynamic Update
memos_medium:310,m5,SUPERSEDED,INSUFFICIENT,Dynamic Update
memos_medium:310,m6,SUPERSEDED,INSUFFICIENT,Dynamic Update
memos_medium:310,m7,SUPERSEDED,INSUFFICIENT,Dynamic Update
memos_medium:310,m8,SUPERSEDED,INSUFFICIENT,Dynamic Update
memos_medium:310,m9,SUPERSEDED,INSUFFICIENT,Dynamic Update
memos_medium:310,m10,SUPERSEDED,INSUFFICIENT,Dynamic Update
memos_medium:310,m11,SUPERSEDED,INSUFFICIENT,Dynamic Update
memos_medium:310,m12,SUPERSEDED,INSUFFICIENT,Dynamic Update
memos_medium:311,m2,SUPPORT,SUPPORT,Multi-hop Inference
memos_medium:311,m7,SUPPORT,SUPPORT,Multi-hop Inference
memos_medium:311,m8,SUPPORT,SUPPORT,Multi-hop Inference
memos_medium:311,m12,SUPPORT,SUPPORT,Multi-hop Inference
memos_medium:313,m2,SUPPORT,SUPPORT,Generalization & Application
memos_medium:313,m7,SUPPORT,SUPPORT,Generalization & Application
memos_medium:313,m8,SUPPORT,SUPPORT,Generalization & Application
memos_medium:314,m3,SUPPORT,SUPPORT,Generalization & Application
memos_medium:316,m2,SUPPORT,SUPPORT,Basic Fact Recall
memos_medium:316,m3,SUPPORT,SUPPORT,Basic Fact Recall
memos_medium:316,m6,SUPPORT,SUPPORT,Basic Fact Recall
memos_medium:317,m1,SUPPORT,REFUTE,Memory Conflict
memos_medium:317,m2,SUPPORT,REFUTE,Memory Conflict
memos_medium:317,m5,SUPPORT,REFUTE,Memory Conflict
memos_medium:319,m4,SUPPORT,INSUFFICIENT,Basic Fact Recall
memos_medium:320,m2,SUPPORT,SUPPORT,Generalization & Application
memos_medium:320,m10,SUPPORT,SUPPORT,Generalization & Application
memos_medium:324,m1,SUPPORT,SUPPORT,Generalization & Application
memos_medium:324,m11,SUPPORT,SUPPORT,Generalization & Application
memos_medium:331,m2,SUPPORT,SUPPORT,Basic Fact Recall
memos_medium:332,m4,SUPPORT,SUPPORT,Basic Fact Recall
memos_medium:335,m1,SUPPORT,SUPPORT,Basic Fact Recall
memos_medium:335,m2,SUPPORT,SUPPORT,Basic Fact Recall
memos_medium:335,m10,SUPPORT,SUPPORT,Basic Fact Recall
memos_medium:335,m11,SUPPORT,SUPPORT,Basic Fact Recall
memos_medium:336,m1,SUPPORT,SUPPORT,Generalization & Application
memos_medium:336,m2,SUPPORT,SUPPORT,Generalization & Application
memos_medium:336,m3,SUPPORT,SUPPORT,Generalization & Application
memos_medium:336,m4,SUPPORT,SUPPORT,Generalization & Application
memos_medium:336,m5,SUPPORT,SUPPORT,Generalization & Application
memos_medium:336,m12,SUPPORT,SUPPORT,Generalization & Application
memos_medium:337,m1,SUPPORT,REFUTE,Memory Conflict
memos_medium:337,m3,SUPPORT,REFUTE,Memory Conflict
memos_medium:337,m4,SUPPORT,REFUTE,Memory Conflict
memos_medium:337,m7,SUPPORT,REFUTE,Memory Conflict
memos_medium:337,m8,SUPPORT,REFUTE,Memory Conflict
memos_medium:337,m10,SUPPORT,REFUTE,Memory Conflict
memos_medium:339,m2,SUPPORT,SUPPORT,Generalization & Application
memos_medium:339,m3,SUPPORT,SUPPORT,Generalization & Application
memos_medium:339,m4,SUPPORT,SUPPORT,Generalization & Application
memos_medium:339,m6,SUPPORT,SUPPORT,Generalization & Application
memos_medium:339,m7,SUPPORT,SUPPORT,Generalization & Application
memos_medium:339,m8,SUPPORT,SUPPORT,Generalization & Application
memos_medium:339,m9,SUPPORT,SUPPORT,Generalization & Application
memos_medium:341,m2,SUPPORT,SUPPORT,Basic Fact Recall
memos_medium:341,m3,SUPPORT,SUPPORT,Basic Fact Recall
memos_medium:341,m12,SUPPORT,SUPPORT,Basic Fact Recall
memos_medium:342,m1,SUPPORT,INSUFFICIENT,Memory Conflict
memos_medium:342,m2,SUPPORT,REFUTE,Memory Conflict
memos_medium:342,m3,SUPPORT,REFUTE,Memory Conflict
memos_medium:342,m4,SUPPORT,REFUTE,Memory Conflict
memos_medium:342,m12,SUPPORT,REFUTE,Memory Conflict
memos_medium:344,m3,SUPPORT,SUPPORT,Basic Fact Recall
memos_medium:345,m1,SUPPORT,SUPPORT,Generalization & Application
memos_medium:348,m6,SUPPORT,SUPPORT,Generalization & Application
memos_medium:353,m2,SUPPORT,REFUTE,Memory Conflict
memos_medium:355,m1,SUPPORT,SUPPORT,Basic Fact Recall
memos_medium:357,m2,SUPPORT,SUPPORT,Memory Conflict
memos_medium:359,m11,SUPPORT,REFUTE,Memory Conflict
memos_medium:360,m1,SUPPORT,SUPPORT,Basic Fact Recall
memos_medium:360,m8,SUPPORT,SUPPORT,Basic Fact Recall
memos_medium:363,m9,SUPPORT,INSUFFICIENT,Memory Conflict
memos_medium:363,m11,SUPPORT,INSUFFICIENT,Memory Conflict
memos_medium:365,m8,SUPPORT,INSUFFICIENT,Multi-hop Inference
memos_medium:366,m2,SUPPORT,SUPPORT,Multi-hop Inference
memos_medium:367,m1,SUPPORT,INSUFFICIENT,Multi-hop Inference
memos_medium:367,m2,SUPPORT,INSUFFICIENT,Multi-hop Inference
memos_medium:367,m10,SUPPORT,INSUFFICIENT,Multi-hop Inference
memos_medium:369,m6,SUPPORT,SUPPORT,Basic Fact Recall
memos_medium:370,m1,SUPPORT,SUPPORT,Basic Fact Recall
memos_medium:371,m6,SUPPORT,SUPPORT,Basic Fact Recall
memos_medium:371,m11,SUPPORT,INSUFFICIENT,Basic Fact Recall
memos_medium:373,m1,SUPERSEDED,INSUFFICIENT,Dynamic Update
memos_medium:373,m2,SUPPORT,SUPPORT,Dynamic Update
memos_medium:373,m3,SUPERSEDED,INSUFFICIENT,Dynamic Update
memos_medium:373,m4,SUPERSEDED,INSUFFICIENT,Dynamic Update
memos_medium:373,m5,SUPERSEDED,INSUFFICIENT,Dynamic Update
memos_medium:373,m6,SUPERSEDED,INSUFFICIENT,Dynamic Update
memos_medium:373,m7,SUPERSEDED,INSUFFICIENT,Dynamic Update
memos_medium:373,m8,SUPERSEDED,INSUFFICIENT,Dynamic Update
memos_medium:373,m9,SUPERSEDED,INSUFFICIENT,Dynamic Update
memos_medium:373,m10,SUPERSEDED,INSUFFICIENT,Dynamic Update
memos_medium:373,m11,SUPERSEDED,INSUFFICIENT,Dynamic Update
memos_medium:378,m1,SUPPORT,SUPPORT,Generalization & Application
memos_medium:378,m6,SUPPORT,SUPPORT,Generalization & Application
memos_medium:379,m2,SUPPORT,INSUFFICIENT,Memory Conflict
memos_medium:379,m4,SUPPORT,REFUTE,Memory Conflict
memos_medium:379,m5,SUPPORT,REFUTE,Memory Conflict
memos_medium:379,m7,SUPPORT,REFUTE,Memory Conflict
memos_medium:379,m10,SUPPORT,REFUTE,Memory Conflict
memos_medium:379,m11,SUPPORT,REFUTE,Memory Conflict
memos_medium:379,m12,SUPPORT,REFUTE,Memory Conflict
memos_medium:381,m6,SUPPORT,SUPPORT,Generalization & Application
memos_medium:383,m1,SUPPORT,SUPPORT,Basic Fact Recall
memos_medium:386,m1,SUPPORT,SUPPORT,Basic Fact Recall
memos_medium:386,m2,SUPPORT,SUPPORT,Basic Fact Recall
memos_medium:388,m2,SUPPORT,SUPPORT,Generalization & Application
memos_medium:389,m1,SUPPORT,SUPPORT,Generalization & Application
memos_medium:389,m3,SUPPORT,SUPPORT,Generalization & Application
memos_medium:389,m4,SUPPORT,SUPPORT,Generalization & Application
memos_medium:390,m1,SUPPORT,SUPPORT,Generalization & Application
memos_medium:390,m2,SUPPORT,SUPPORT,Generalization & Application
memos_medium:390,m4,SUPPORT,SUPPORT,Generalization & Application
memos_medium:390,m5,SUPPORT,SUPPORT,Generalization & Application
memos_medium:390,m6,SUPPORT,SUPPORT,Generalization & Application
memos_medium:390,m8,SUPPORT,SUPPORT,Generalization & Application
memos_medium:390,m9,SUPPORT,SUPPORT,Generalization & Application
memos_medium:390,m12,SUPPORT,SUPPORT,Generalization & Application
memos_medium:392,m1,SUPPORT,REFUTE,Memory Conflict
memos_medium:392,m4,SUPPORT,REFUTE,Memory Conflict
memos_medium:392,m5,SUPPORT,REFUTE,Memory Conflict
memos_medium:392,m8,SUPPORT,REFUTE,Memory Conflict
memos_medium:395,m1,SUPPORT,REFUTE,Memory Conflict
memos_medium:395,m2,SUPPORT,REFUTE,Memory Conflict
memos_medium:395,m3,SUPPORT,REFUTE,Memory Conflict
memos_medium:397,m1,SUPPORT,CURRENT,Generalization & Application
memos_medium:397,m2,SUPPORT,INSUFFICIENT,Generalization & Application
memos_medium:397,m3,SUPPORT,SUPPORT,Generalization & Application
memos_medium:397,m5,SUPPORT,INSUFFICIENT,Generalization & Application
memos_medium:398,m1,SUPPORT,SUPPORT,Multi-hop Inference
memos_medium:401,m3,SUPPORT,SUPPORT,Memory Conflict
memos_medium:403,m1,SUPPORT,REFUTE,Memory Conflict
memos_medium:403,m3,SUPPORT,REFUTE,Memory Conflict
memos_medium:403,m5,SUPPORT,REFUTE,Memory Conflict
memos_medium:403,m6,SUPPORT,REFUTE,Memory Conflict
memos_medium:403,m9,SUPPORT,REFUTE,Memory Conflict
memos_medium:403,m11,SUPPORT,REFUTE,Memory Conflict
memos_medium:407,m1,SUPPORT,SUPPORT,Generalization & Application
memos_medium:407,m5,SUPPORT,SUPPORT,Generalization & Application
memos_medium:407,m10,SUPPORT,SUPPORT,Generalization & Application
memos_medium:409,m2,SUPPORT,REFUTE,Memory Conflict
memos_medium:410,m4,SUPPORT,SUPPORT,Generalization & Application
memos_medium:410,m6,SUPPORT,SUPPORT,Generalization & Application
memos_medium:412,m1,SUPPORT,SUPPORT,Basic Fact Recall
memos_medium:412,m2,SUPPORT,SUPPORT,Basic Fact Recall
memos_medium:412,m9,SUPPORT,SUPPORT,Basic Fact Recall
memos_medium:412,m10,SUPPORT,SUPPORT,Basic Fact Recall
memos_medium:414,m1,SUPPORT,INSUFFICIENT,Memory Conflict
memos_medium:418,m8,SUPPORT,SUPPORT,Memory Conflict
memos_medium:420,m1,SUPPORT,SUPPORT,Generalization & Application
memos_medium:420,m2,SUPPORT,SUPPORT,Generalization & Application
memos_medium:423,m1,SUPPORT,REFUTE,Memory Conflict
memos_medium:423,m3,SUPPORT,REFUTE,Memory Conflict
memos_medium:423,m11,SUPPORT,REFUTE,Memory Conflict
memos_medium:424,m2,SUPPORT,REFUTE,Memory Conflict
memos_medium:424,m4,SUPPORT,INSUFFICIENT,Memory Conflict
memos_medium:425,m1,SUPPORT,SUPPORT,Generalization & Application
memos_medium:425,m2,SUPPORT,SUPPORT,Generalization & Application
memos_medium:425,m3,SUPPORT,SUPPORT,Generalization & Application
memos_medium:425,m4,SUPPORT,SUPPORT,Generalization & Application
memos_medium:425,m11,SUPPORT,SUPPORT,Generalization & Application
memos_medium:426,m1,SUPPORT,REFUTE,Memory Conflict
memos_medium:427,m1,SUPPORT,INSUFFICIENT,Memory Conflict
memos_medium:427,m2,SUPPORT,INSUFFICIENT,Memory Conflict
memos_medium:427,m3,SUPPORT,INSUFFICIENT,Memory Conflict
memos_medium:431,m1,SUPPORT,REFUTE,Memory Conflict
memos_medium:432,m1,SUPPORT,INSUFFICIENT,Memory Conflict
memos_medium:432,m3,SUPPORT,INSUFFICIENT,Memory Conflict
memos_medium:432,m9,SUPPORT,INSUFFICIENT,Memory Conflict
memos_medium:433,m1,SUPPORT,SUPPORT,Multi-hop Inference
memos_medium:433,m3,SUPPORT,SUPPORT,Multi-hop Inference
memos_medium:433,m8,SUPPORT,SUPPORT,Multi-hop Inference
memos_medium:434,m8,SUPPORT,INSUFFICIENT,Multi-hop Inference
memos_medium:437,m1,SUPPORT,REFUTE,Memory Conflict
memos_medium:437,m2,SUPPORT,REFUTE,Memory Conflict
memos_medium:437,m9,SUPPORT,INSUFFICIENT,Memory Conflict
memos_medium:438,m9,SUPPORT,SUPPORT,Basic Fact Recall
memos_medium:439,m8,SUPPORT,SUPPORT,Generalization & Application
memos_medium:442,m2,SUPPORT,SUPPORT,Basic Fact Recall
memos_medium:443,m2,SUPPORT,SUPPORT,Basic Fact Recall
memos_medium:444,m1,SUPPORT,SUPPORT,Generalization & Application
memos_medium:444,m5,SUPPORT,SUPPORT,Generalization & Application
memos_medium:444,m7,SUPPORT,SUPPORT,Generalization & Application
memos_medium:444,m9,SUPPORT,SUPPORT,Generalization & Application
memos_medium:444,m11,SUPPORT,SUPPORT,Generalization & Application
memos_medium:446,m2,SUPPORT,REFUTE,Memory Conflict
memos_medium:447,m3,SUPPORT,REFUTE,Memory Conflict
memos_medium:447,m4,SUPPORT,REFUTE,Memory Conflict
memos_medium:449,m1,SUPPORT,INSUFFICIENT,Basic Fact Recall
memos_medium:452,m2,SUPPORT,SUPPORT,Generalization & Application
memos_medium:452,m8,SUPPORT,SUPPORT,Generalization & Application
memos_medium:452,m9,SUPPORT,SUPPORT,Generalization & Application
memos_medium:455,m1,SUPPORT,SUPPORT,Generalization & Application
memos_medium:455,m2,SUPPORT,SUPPORT,Generalization & Application
memos_medium:455,m3,SUPPORT,SUPPORT,Generalization & Application
memos_medium:455,m7,SUPPORT,SUPPORT,Generalization & Application
memos_medium:455,m9,SUPPORT,SUPPORT,Generalization & Application
memos_medium:462,m3,SUPPORT,SUPPORT,Generalization & Application
memos_medium:462,m5,SUPPORT,SUPPORT,Generalization & Application
memos_medium:462,m8,SUPPORT,SUPPORT,Generalization & Application
memos_medium:463,m2,SUPPORT,SUPPORT,Generalization & Application
memos_medium:463,m3,SUPPORT,SUPPORT,Generalization & Application
memos_medium:463,m4,SUPPORT,SUPPORT,Generalization & Application
memos_medium:464,m5,SUPPORT,SUPPORT,Generalization & Application
memos_medium:465,m4,SUPPORT,SUPPORT,Basic Fact Recall
memos_medium:467,m1,SUPPORT,REFUTE,Memory Conflict
memos_medium:467,m2,SUPPORT,REFUTE,Memory Conflict
memos_medium:468,m1,SUPPORT,REFUTE,Memory Conflict
memos_medium:468,m2,SUPPORT,REFUTE,Memory Conflict
memos_medium:468,m3,SUPPORT,REFUTE,Memory Conflict
memos_medium:469,m1,SUPPORT,SUPPORT,Generalization & Application
memos_medium:469,m2,SUPPORT,SUPPORT,Generalization & Application
memos_medium:471,m1,SUPPORT,REFUTE,Memory Conflict
memos_medium:471,m2,SUPPORT,REFUTE,Memory Conflict
memos_medium:471,m5,SUPPORT,REFUTE,Memory Conflict
memos_medium:472,m1,SUPPORT,SUPPORT,Generalization & Application
memos_medium:473,m3,SUPPORT,SUPPORT,Generalization & Application
memos_medium:473,m6,SUPPORT,SUPPORT,Generalization & Application
memos_medium:475,m4,SUPPORT,SUPPORT,Basic Fact Recall
memos_medium:475,m7,SUPPORT,INSUFFICIENT,Basic Fact Recall
memos_medium:476,m6,SUPPORT,SUPPORT,Generalization & Application
memos_medium:477,m1,SUPPORT,CURRENT,Generalization & Application
memos_medium:478,m1,SUPPORT,INSUFFICIENT,Memory Conflict
memos_medium:478,m2,SUPPORT,REFUTE,Memory Conflict
memos_medium:478,m5,SUPPORT,REFUTE,Memory Conflict
memos_medium:481,m1,SUPPORT,SUPPORT,Basic Fact Recall
memos_medium:482,m1,SUPPORT,SUPPORT,Generalization & Application
memos_medium:482,m2,SUPPORT,SUPPORT,Generalization & Application
memos_medium:483,m2,SUPPORT,SUPPORT,Multi-hop Inference
memos_medium:483,m11,SUPPORT,SUPPORT,Multi-hop Inference
memos_medium:484,m6,SUPPORT,SUPPORT,Basic Fact Recall
memos_medium:486,m4,SUPPORT,INSUFFICIENT,Basic Fact Recall
memos_medium:487,m1,SUPERSEDED,INSUFFICIENT,Dynamic Update
memos_medium:487,m2,SUPERSEDED,INSUFFICIENT,Dynamic Update
memos_medium:487,m3,SUPERSEDED,INSUFFICIENT,Dynamic Update
memos_medium:487,m4,SUPERSEDED,INSUFFICIENT,Dynamic Update
memos_medium:487,m5,SUPPORT,INSUFFICIENT,Dynamic Update
memos_medium:487,m6,SUPERSEDED,INSUFFICIENT,Dynamic Update
memos_medium:487,m7,SUPERSEDED,INSUFFICIENT,Dynamic Update
memos_medium:487,m8,SUPERSEDED,INSUFFICIENT,Dynamic Update
memos_medium:487,m9,SUPERSEDED,INSUFFICIENT,Dynamic Update
memos_medium:487,m10,SUPERSEDED,INSUFFICIENT,Dynamic Update
memos_medium:487,m11,SUPERSEDED,INSUFFICIENT,Dynamic Update
memos_medium:489,m4,SUPPORT,REFUTE,Memory Conflict
memos_medium:495,m1,SUPPORT,SUPPORT,Basic Fact Recall
memos_medium:499,m1,SUPPORT,INSUFFICIENT,Basic Fact Recall
memos_medium:500,m1,SUPPORT,REFUTE,Memory Conflict
memos_medium:500,m2,SUPPORT,REFUTE,Memory Conflict
memos_medium:500,m4,SUPPORT,REFUTE,Memory Conflict
memos_medium:500,m7,SUPPORT,REFUTE,Memory Conflict
memos_medium:500,m9,SUPPORT,REFUTE,Memory Conflict
memos_medium:502,m1,SUPPORT,SUPPORT,Basic Fact Recall
memos_medium:502,m2,SUPPORT,SUPPORT,Basic Fact Recall
memos_medium:502,m3,SUPPORT,SUPPORT,Basic Fact Recall
memos_medium:502,m7,SUPPORT,SUPPORT,Basic Fact Recall
memos_medium:503,m1,SUPPORT,SUPPORT,Basic Fact Recall
memos_medium:503,m3,SUPPORT,SUPPORT,Basic Fact Recall
memos_medium:505,m1,SUPPORT,SUPPORT,Generalization & Application
memos_medium:505,m5,SUPPORT,INSUFFICIENT,Generalization & Application
memos_medium:505,m6,SUPPORT,INSUFFICIENT,Generalization & Application
memos_medium:506,m6,SUPPORT,REFUTE,Memory Conflict
memos_medium:514,m1,SUPERSEDED,INSUFFICIENT,Dynamic Update
memos_medium:514,m2,SUPERSEDED,SUPERSEDED,Dynamic Update
memos_medium:514,m3,SUPPORT,SUPPORT,Dynamic Update
memos_medium:514,m4,SUPERSEDED,INSUFFICIENT,Dynamic Update
memos_medium:514,m5,SUPERSEDED,SUPERSEDED,Dynamic Update
memos_medium:514,m6,SUPERSEDED,INSUFFICIENT,Dynamic Update
memos_medium:514,m7,SUPERSEDED,INSUFFICIENT,Dynamic Update
memos_medium:514,m8,SUPERSEDED,INSUFFICIENT,Dynamic Update
memos_medium:514,m9,SUPERSEDED,INSUFFICIENT,Dynamic Update
memos_medium:514,m10,SUPERSEDED,INSUFFICIENT,Dynamic Update
memos_medium:514,m11,SUPERSEDED,INSUFFICIENT,Dynamic Update
memos_medium:517,m1,SUPPORT,SUPPORT,Multi-hop Inference
memos_medium:517,m2,SUPPORT,SUPPORT,Multi-hop Inference
memos_medium:517,m3,SUPPORT,SUPPORT,Multi-hop Inference
memos_medium:518,m2,SUPPORT,SUPPORT,Multi-hop Inference
memos_medium:518,m11,SUPPORT,SUPPORT,Multi-hop Inference
memos_medium:522,m1,SUPPORT,SUPPORT,Basic Fact Recall
memos_medium:523,m1,SUPPORT,SUPPORT,Basic Fact Recall
memos_medium:527,m3,SUPPORT,INSUFFICIENT,Memory Conflict
memos_medium:531,m1,SUPPORT,SUPPORT,Basic Fact Recall
memos_medium:531,m2,SUPPORT,SUPPORT,Basic Fact Recall
memos_medium:532,m3,SUPPORT,SUPPORT,Basic Fact Recall
memos_medium:532,m4,SUPPORT,SUPPORT,Basic Fact Recall
memos_medium:532,m5,SUPPORT,SUPPORT,Basic Fact Recall
memos_medium:533,m6,SUPPORT,INSUFFICIENT,Multi-hop Inference
memos_medium:538,m2,SUPPORT,SUPPORT,Generalization & Application
memos_medium:538,m7,SUPPORT,SUPPORT,Generalization & Application
memos_medium:538,m10,SUPPORT,SUPPORT,Generalization & Application
memos_medium:539,m1,SUPPORT,SUPPORT,Generalization & Application
memos_medium:540,m7,SUPPORT,INSUFFICIENT,Generalization & Application
memos_medium:540,m12,SUPPORT,SUPPORT,Generalization & Application
memos_medium:541,m2,SUPPORT,INSUFFICIENT,Generalization & Application
memos_medium:541,m3,SUPPORT,SUPPORT,Generalization & Application
memos_medium:541,m4,SUPPORT,SUPPORT,Generalization & Application
memos_medium:541,m5,SUPPORT,SUPPORT,Generalization & Application
memos_medium:541,m10,SUPPORT,SUPPORT,Generalization & Application
memos_medium:541,m11,SUPPORT,SUPPORT,Generalization & Application
memos_medium:542,m4,SUPPORT,SUPPORT,Generalization & Application
memos_medium:550,m1,SUPPORT,SUPPORT,Basic Fact Recall
memos_medium:550,m2,SUPPORT,SUPPORT,Basic Fact Recall
memos_medium:550,m3,SUPPORT,SUPPORT,Basic Fact Recall
memos_medium:550,m4,SUPPORT,SUPPORT,Basic Fact Recall
memos_medium:551,m1,SUPPORT,INSUFFICIENT,Memory Conflict
memos_medium:551,m2,SUPPORT,SUPPORT,Memory Conflict
memos_medium:551,m3,SUPPORT,SUPPORT,Memory Conflict
memos_medium:551,m4,SUPPORT,SUPPORT,Memory Conflict
memos_medium:551,m12,SUPPORT,SUPPORT,Memory Conflict
memos_medium:552,m5,SUPPORT,REFUTE,Memory Conflict
memos_medium:555,m1,SUPPORT,REFUTE,Memory Conflict
memos_medium:555,m7,SUPPORT,REFUTE,Memory Conflict
memos_medium:555,m8,SUPPORT,REFUTE,Memory Conflict
memos_medium:556,m1,SUPERSEDED,INSUFFICIENT,Dynamic Update
memos_medium:556,m2,SUPERSEDED,INSUFFICIENT,Dynamic Update
memos_medium:556,m3,SUPERSEDED,INSUFFICIENT,Dynamic Update
memos_medium:556,m4,SUPERSEDED,SUPERSEDED,Dynamic Update
memos_medium:556,m5,SUPERSEDED,INSUFFICIENT,Dynamic Update
memos_medium:556,m6,SUPPORT,SUPPORT,Dynamic Update
memos_medium:556,m7,SUPERSEDED,INSUFFICIENT,Dynamic Update
memos_medium:556,m8,SUPERSEDED,INSUFFICIENT,Dynamic Update
memos_medium:556,m9,SUPERSEDED,INSUFFICIENT,Dynamic Update
memos_medium:556,m10,SUPERSEDED,INSUFFICIENT,Dynamic Update
memos_medium:556,m11,SUPERSEDED,INSUFFICIENT,Dynamic Update
memos_medium:556,m12,SUPERSEDED,INSUFFICIENT,Dynamic Update
memos_medium:557,m1,SUPPORT,SUPPORT,Generalization & Application
memos_medium:557,m6,SUPPORT,INSUFFICIENT,Generalization & Application
memos_medium:557,m12,SUPPORT,SUPPORT,Generalization & Application
memos_medium:558,m6,SUPPORT,SUPPORT,Generalization & Application
memos_medium:559,m1,SUPPORT,SUPPORT,Generalization & Application
memos_medium:559,m2,SUPPORT,SUPPORT,Generalization & Application
memos_medium:559,m9,SUPPORT,SUPPORT,Generalization & Application
memos_medium:560,m1,SUPPORT,SUPPORT,Generalization & Application
memos_medium:560,m7,SUPPORT,SUPPORT,Generalization & Application
memos_medium:562,m1,SUPPORT,INSUFFICIENT,Memory Conflict
memos_medium:563,m3,SUPPORT,SUPPORT,Basic Fact Recall
memos_medium:563,m8,SUPPORT,SUPPORT,Basic Fact Recall
memos_medium:566,m1,SUPPORT,SUPPORT,Basic Fact Recall
memos_medium:566,m2,SUPPORT,SUPPORT,Basic Fact Recall
memos_medium:566,m10,SUPPORT,SUPPORT,Basic Fact Recall
memos_medium:567,m1,SUPPORT,SUPPORT,Generalization & Application
memos_medium:567,m2,SUPPORT,SUPPORT,Generalization & Application
memos_medium:567,m3,SUPPORT,SUPPORT,Generalization & Application
memos_medium:567,m9,SUPPORT,INSUFFICIENT,Generalization & Application
memos_medium:567,m10,SUPPORT,SUPPORT,Generalization & Application
memos_medium:567,m12,SUPPORT,INSUFFICIENT,Generalization & Application
memos_medium:568,m1,SUPPORT,REFUTE,Memory Conflict
memos_medium:568,m2,SUPPORT,REFUTE,Memory Conflict
memos_medium:568,m3,SUPPORT,REFUTE,Memory Conflict
memos_medium:568,m7,SUPPORT,REFUTE,Memory Conflict
memos_medium:568,m8,SUPPORT,REFUTE,Memory Conflict
memos_medium:569,m1,SUPERSEDED,INSUFFICIENT,Dynamic Update
memos_medium:569,m2,SUPERSEDED,INSUFFICIENT,Dynamic Update
memos_medium:569,m3,SUPERSEDED,INSUFFICIENT,Dynamic Update
memos_medium:569,m4,SUPPORT,SUPPORT,Dynamic Update
memos_medium:569,m5,SUPERSEDED,INSUFFICIENT,Dynamic Update
memos_medium:569,m6,SUPPORT,SUPPORT,Dynamic Update
memos_medium:569,m7,SUPERSEDED,INSUFFICIENT,Dynamic Update
memos_medium:569,m8,SUPERSEDED,INSUFFICIENT,Dynamic Update
memos_medium:569,m9,SUPERSEDED,INSUFFICIENT,Dynamic Update
memos_medium:569,m10,SUPERSEDED,INSUFFICIENT,Dynamic Update
memos_medium:569,m11,SUPERSEDED,INSUFFICIENT,Dynamic Update
memos_medium:569,m12,SUPERSEDED,INSUFFICIENT,Dynamic Update
memos_medium:571,m1,SUPERSEDED,INSUFFICIENT,Dynamic Update
memos_medium:571,m2,SUPERSEDED,SUPPORT,Dynamic Update
memos_medium:571,m3,SUPERSEDED,INSUFFICIENT,Dynamic Update
memos_medium:571,m4,SUPPORT,SUPPORT,Dynamic Update
memos_medium:571,m5,SUPPORT,SUPPORT,Dynamic Update
memos_medium:571,m6,SUPERSEDED,INSUFFICIENT,Dynamic Update
memos_medium:571,m7,SUPERSEDED,INSUFFICIENT,Dynamic Update
memos_medium:571,m8,SUPERSEDED,INSUFFICIENT,Dynamic Update
memos_medium:571,m9,SUPERSEDED,INSUFFICIENT,Dynamic Update
memos_medium:571,m10,SUPPORT,INSUFFICIENT,Dynamic Update
memos_medium:571,m11,SUPERSEDED,INSUFFICIENT,Dynamic Update
memos_medium:571,m12,SUPPORT,INSUFFICIENT,Dynamic Update
memos_medium:572,m1,SUPPORT,SUPPORT,Dynamic Update
memos_medium:572,m2,SUPPORT,SUPPORT,Dynamic Update
memos_medium:572,m3,SUPERSEDED,SUPPORT,Dynamic Update
memos_medium:572,m4,SUPERSEDED,INSUFFICIENT,Dynamic Update
memos_medium:572,m5,SUPERSEDED,INSUFFICIENT,Dynamic Update
memos_medium:572,m6,SUPERSEDED,INSUFFICIENT,Dynamic Update
memos_medium:572,m7,SUPERSEDED,INSUFFICIENT,Dynamic Update
memos_medium:572,m8,SUPPORT,SUPPORT,Dynamic Update
memos_medium:572,m9,SUPERSEDED,INSUFFICIENT,Dynamic Update
memos_medium:572,m10,SUPERSEDED,SUPPORT,Dynamic Update
memos_medium:572,m11,SUPERSEDED,INSUFFICIENT,Dynamic Update
memos_medium:572,m12,SUPPORT,SUPPORT,Dynamic Update
memos_medium:573,m1,SUPPORT,INSUFFICIENT,Dynamic Update
memos_medium:573,m2,SUPPORT,INSUFFICIENT,Dynamic Update
memos_medium:573,m3,SUPERSEDED,INSUFFICIENT,Dynamic Update
memos_medium:573,m4,SUPPORT,INSUFFICIENT,Dynamic Update
memos_medium:573,m5,SUPPORT,INSUFFICIENT,Dynamic Update
memos_medium:573,m6,SUPERSEDED,INSUFFICIENT,Dynamic Update
memos_medium:573,m7,SUPPORT,INSUFFICIENT,Dynamic Update
memos_medium:573,m8,SUPPORT,INSUFFICIENT,Dynamic Update
memos_medium:573,m9,SUPERSEDED,INSUFFICIENT,Dynamic Update
memos_medium:573,m10,SUPERSEDED,INSUFFICIENT,Dynamic Update
memos_medium:573,m11,SUPPORT,INSUFFICIENT,Dynamic Update
memos_medium:573,m12,SUPPORT,INSUFFICIENT,Dynamic Update
memos_medium:574,m1,SUPPORT,SUPPORT,Dynamic Update
memos_medium:574,m2,SUPPORT,INSUFFICIENT,Dynamic Update
memos_medium:574,m3,SUPERSEDED,INSUFFICIENT,Dynamic Update
memos_medium:574,m4,SUPERSEDED,INSUFFICIENT,Dynamic Update
memos_medium:574,m5,SUPERSEDED,INSUFFICIENT,Dynamic Update
memos_medium:574,m6,SUPERSEDED,INSUFFICIENT,Dynamic Update
memos_medium:574,m7,SUPPORT,INSUFFICIENT,Dynamic Update
memos_medium:574,m8,SUPPORT,INSUFFICIENT,Dynamic Update
memos_medium:574,m9,SUPPORT,INSUFFICIENT,Dynamic Update
memos_medium:574,m10,SUPERSEDED,INSUFFICIENT,Dynamic Update
memos_medium:574,m11,SUPERSEDED,INSUFFICIENT,Dynamic Update
memos_medium:574,m12,SUPERSEDED,INSUFFICIENT,Dynamic Update
memos_medium:575,m1,SUPPORT,SUPPORT,Generalization & Application
memos_medium:575,m5,SUPPORT,SUPPORT,Generalization & Application
memos_medium:575,m6,SUPPORT,SUPPORT,Generalization & Application
memos_medium:575,m7,SUPPORT,SUPPORT,Generalization & Application
memos_medium:575,m8,SUPPORT,SUPPORT,Generalization & Application
memos_medium:575,m9,SUPPORT,SUPPORT,Generalization & Application
memos_medium:575,m12,SUPPORT,SUPPORT,Generalization & Application
memos_medium:576,m2,SUPPORT,SUPERSEDED,Generalization & Application
memos_medium:576,m3,SUPPORT,SUPPORT,Generalization & Application
memos_medium:576,m5,SUPPORT,SUPERSEDED,Generalization & Application
memos_medium:577,m1,SUPPORT,SUPPORT,Generalization & Application
memos_medium:577,m2,SUPPORT,SUPPORT,Generalization & Application
memos_medium:580,m1,SUPPORT,SUPPORT,Generalization & Application
memos_medium:580,m2,SUPPORT,SUPPORT,Generalization & Application
memos_medium:580,m8,SUPPORT,SUPPORT,Generalization & Application
memos_medium:580,m9,SUPPORT,SUPPORT,Generalization & Application
memos_medium:580,m11,SUPPORT,SUPPORT,Generalization & Application
memos_medium:581,m1,SUPPORT,REFUTE,Memory Conflict
memos_medium:581,m2,SUPPORT,REFUTE,Memory Conflict
memos_medium:581,m4,SUPPORT,REFUTE,Memory Conflict
memos_medium:581,m8,SUPPORT,REFUTE,Memory Conflict
memos_medium:581,m11,SUPPORT,REFUTE,Memory Conflict
memos_medium:582,m1,SUPPORT,SUPPORT,Basic Fact Recall
memos_medium:583,m1,SUPPORT,SUPPORT,Generalization & Application
memos_medium:585,m1,SUPPORT,REFUTE,Memory Conflict
memos_medium:587,m4,SUPPORT,REFUTE,Memory Conflict
memos_medium:589,m1,SUPPORT,SUPPORT,Generalization & Application
memos_medium:589,m3,SUPPORT,SUPPORT,Generalization & Application
memos_medium:590,m5,SUPPORT,INSUFFICIENT,Generalization & Application
memos_medium:590,m11,SUPPORT,SUPPORT,Generalization & Application
memos_medium:590,m12,SUPPORT,SUPPORT,Generalization & Application
memos_medium:591,m4,SUPPORT,SUPPORT,Generalization & Application
memos_medium:591,m5,SUPPORT,INSUFFICIENT,Generalization & Application
memos_medium:591,m6,SUPPORT,SUPPORT,Generalization & Application
memos_medium:591,m7,SUPPORT,SUPPORT,Generalization & Application
memos_medium:591,m8,SUPPORT,SUPPORT,Generalization & Application
memos_medium:598,m5,SUPPORT,REFUTE,Memory Conflict
memos_medium:601,m4,SUPPORT,REFUTE,Memory Conflict
memos_medium:601,m7,SUPPORT,INSUFFICIENT,Memory Conflict
memos_medium:601,m8,SUPPORT,INSUFFICIENT,Memory Conflict
memos_medium:601,m10,SUPPORT,REFUTE,Memory Conflict
memos_medium:603,m1,SUPPORT,SUPPORT,Generalization & Application
memos_medium:603,m2,SUPPORT,SUPPORT,Generalization & Application
memos_medium:604,m6,SUPPORT,SUPPORT,Basic Fact Recall
memos_medium:604,m8,SUPPORT,SUPPORT,Basic Fact Recall
memos_medium:607,m1,SUPPORT,SUPPORT,Basic Fact Recall
memos_medium:607,m2,SUPPORT,SUPPORT,Basic Fact Recall
memos_medium:607,m4,SUPPORT,SUPPORT,Basic Fact Recall
memos_medium:607,m10,SUPPORT,SUPPORT,Basic Fact Recall
memos_medium:610,m1,SUPPORT,SUPPORT,Generalization & Application
memos_medium:610,m8,SUPPORT,SUPPORT,Generalization & Application
memos_medium:610,m10,SUPPORT,SUPPORT,Generalization & Application
memos_medium:611,m1,SUPPORT,REFUTE,Memory Conflict
memos_medium:611,m2,SUPPORT,REFUTE,Memory Conflict
memos_medium:611,m10,SUPPORT,REFUTE,Memory Conflict
memos_medium:612,m1,SUPPORT,REFUTE,Memory Conflict
memos_medium:612,m10,SUPPORT,REFUTE,Memory Conflict
memos_medium:616,m1,SUPPORT,INSUFFICIENT,Multi-hop Inference
memos_medium:616,m2,SUPPORT,INSUFFICIENT,Multi-hop Inference
memos_medium:616,m6,SUPPORT,SUPPORT,Multi-hop Inference
memos_medium:619,m12,SUPPORT,SUPPORT,Generalization & Application
memos_medium:621,m1,SUPPORT,SUPPORT,Basic Fact Recall
memos_medium:621,m2,SUPPORT,INSUFFICIENT,Basic Fact Recall
memos_medium:621,m3,SUPPORT,INSUFFICIENT,Basic Fact Recall
memos_medium:621,m6,SUPPORT,INSUFFICIENT,Basic Fact Recall
memos_medium:621,m7,SUPPORT,SUPPORT,Basic Fact Recall
memos_medium:621,m12,SUPPORT,INSUFFICIENT,Basic Fact Recall
memos_medium:623,m2,SUPPORT,SUPPORT,Generalization & Application
memos_medium:623,m4,SUPPORT,SUPPORT,Generalization & Application
memos_medium:623,m11,SUPPORT,SUPPORT,Generalization & Application
memos_medium:624,m1,SUPPORT,SUPPORT,Basic Fact Recall
memos_medium:624,m4,SUPPORT,SUPPORT,Basic Fact Recall
memos_medium:627,m1,SUPPORT,REFUTE,Memory Conflict
memos_medium:627,m2,SUPPORT,REFUTE,Memory Conflict
memos_medium:627,m3,SUPPORT,REFUTE,Memory Conflict
memos_medium:627,m4,SUPPORT,REFUTE,Memory Conflict
memos_medium:628,m8,SUPPORT,SUPPORT,Generalization & Application
memos_medium:628,m10,SUPPORT,SUPPORT,Generalization & Application
memos_medium:631,m2,SUPPORT,SUPPORT,Generalization & Application
memos_medium:631,m7,SUPPORT,SUPPORT,Generalization & Application
memos_medium:632,m1,SUPPORT,SUPPORT,Generalization & Application
memos_medium:632,m2,SUPPORT,SUPPORT,Generalization & Application
memos_medium:632,m4,SUPPORT,SUPPORT,Generalization & Application
memos_medium:632,m5,SUPPORT,SUPPORT,Generalization & Application
memos_medium:632,m7,SUPPORT,SUPPORT,Generalization & Application
memos_medium:632,m12,SUPPORT,SUPPORT,Generalization & Application
memos_medium:633,m1,SUPPORT,SUPPORT,Memory Conflict
memos_medium:634,m1,SUPPORT,REFUTE,Memory Conflict
memos_medium:634,m2,SUPPORT,REFUTE,Memory Conflict
memos_medium:634,m3,SUPPORT,REFUTE,Memory Conflict
memos_medium:634,m4,SUPPORT,REFUTE,Memory Conflict
memos_medium:634,m5,SUPPORT,REFUTE,Memory Conflict
memos_medium:634,m6,SUPPORT,REFUTE,Memory Conflict
memos_medium:634,m7,SUPPORT,REFUTE,Memory Conflict
memos_medium:640,m4,SUPPORT,SUPPORT,Generalization & Application
memos_medium:640,m12,SUPPORT,SUPPORT,Generalization & Application
memos_medium:642,m1,SUPPORT,REFUTE,Memory Conflict
memos_medium:642,m10,SUPPORT,REFUTE,Memory Conflict
memos_medium:645,m3,SUPPORT,REFUTE,Memory Conflict
memos_medium:647,m1,SUPPORT,REFUTE,Memory Conflict
memos_medium:647,m3,SUPPORT,REFUTE,Memory Conflict
memos_medium:649,m6,SUPPORT,SUPPORT,Basic Fact Recall
memos_medium:650,m4,SUPPORT,SUPPORT,Generalization & Application
memos_medium:651,m2,SUPPORT,SUPPORT,Generalization & Application
memos_medium:652,m3,SUPPORT,SUPPORT,Multi-hop Inference
memos_medium:652,m10,SUPPORT,SUPPORT,Multi-hop Inference
memos_medium:653,m12,SUPPORT,INSUFFICIENT,Multi-hop Inference
memos_medium:654,m1,SUPPORT,SUPPORT,Generalization & Application
memos_medium:655,m11,SUPPORT,SUPPORT,Generalization & Application
memos_medium:656,m1,SUPERSEDED,INSUFFICIENT,Dynamic Update
memos_medium:656,m2,SUPERSEDED,INSUFFICIENT,Dynamic Update
memos_medium:656,m3,SUPERSEDED,INSUFFICIENT,Dynamic Update
memos_medium:656,m4,SUPERSEDED,INSUFFICIENT,Dynamic Update
memos_medium:656,m5,SUPERSEDED,INSUFFICIENT,Dynamic Update
memos_medium:656,m6,SUPERSEDED,INSUFFICIENT,Dynamic Update
memos_medium:656,m7,SUPERSEDED,INSUFFICIENT,Dynamic Update
memos_medium:656,m8,SUPERSEDED,INSUFFICIENT,Dynamic Update
memos_medium:656,m9,SUPERSEDED,INSUFFICIENT,Dynamic Update
memos_medium:656,m10,SUPERSEDED,INSUFFICIENT,Dynamic Update
memos_medium:656,m11,SUPERSEDED,INSUFFICIENT,Dynamic Update
memos_medium:656,m12,SUPERSEDED,INSUFFICIENT,Dynamic Update
memos_medium:659,m2,SUPPORT,REFUTE,Memory Conflict
memos_medium:659,m3,SUPPORT,REFUTE,Memory Conflict
memos_medium:661,m1,SUPPORT,INSUFFICIENT,Generalization & Application
memos_medium:661,m3,SUPPORT,SUPPORT,Generalization & Application
memos_medium:664,m2,SUPPORT,SUPPORT,Generalization & Application
memos_medium:664,m7,SUPPORT,SUPPORT,Generalization & Application
memos_medium:665,m1,SUPPORT,REFUTE,Memory Conflict
memos_medium:665,m7,SUPPORT,REFUTE,Memory Conflict
memos_medium:665,m9,SUPPORT,REFUTE,Memory Conflict
memos_medium:665,m10,SUPPORT,REFUTE,Memory Conflict
memos_medium:666,m1,SUPPORT,SUPPORT,Basic Fact Recall
memos_medium:666,m12,SUPPORT,SUPPORT,Basic Fact Recall
memos_medium:667,m5,SUPPORT,SUPPORT,Generalization & Application
memos_medium:667,m9,SUPPORT,SUPPORT,Generalization & Application
memos_medium:668,m1,SUPPORT,SUPPORT,Memory Conflict
memos_medium:669,m1,SUPPORT,SUPPORT,Basic Fact Recall
memos_medium:669,m10,SUPPORT,SUPPORT,Basic Fact Recall
memos_medium:670,m1,SUPPORT,CURRENT,Generalization & Application
memos_medium:670,m5,SUPPORT,SUPPORT,Generalization & Application
memos_medium:671,m1,SUPPORT,REFUTE,Memory Conflict
memos_medium:671,m2,SUPPORT,REFUTE,Memory Conflict
memos_medium:674,m2,SUPPORT,INSUFFICIENT,Memory Conflict
memos_medium:674,m3,SUPPORT,INSUFFICIENT,Memory Conflict
memos_medium:674,m5,SUPPORT,REFUTE,Memory Conflict
memos_medium:674,m8,SUPPORT,INSUFFICIENT,Memory Conflict
memos_medium:675,m1,SUPPORT,REFUTE,Memory Conflict
memos_medium:676,m1,SUPPORT,REFUTE,Memory Conflict
memos_medium:677,m1,SUPERSEDED,INSUFFICIENT,Dynamic Update
memos_medium:677,m2,SUPERSEDED,INSUFFICIENT,Dynamic Update
memos_medium:677,m3,SUPERSEDED,INSUFFICIENT,Dynamic Update
memos_medium:677,m4,SUPERSEDED,INSUFFICIENT,Dynamic Update
memos_medium:677,m5,SUPERSEDED,INSUFFICIENT,Dynamic Update
memos_medium:677,m6,SUPPORT,SUPPORT,Dynamic Update
memos_medium:677,m7,SUPERSEDED,INSUFFICIENT,Dynamic Update
memos_medium:677,m8,SUPERSEDED,INSUFFICIENT,Dynamic Update
memos_medium:677,m9,SUPERSEDED,INSUFFICIENT,Dynamic Update
memos_medium:677,m10,SUPERSEDED,INSUFFICIENT,Dynamic Update
memos_medium:677,m11,SUPERSEDED,INSUFFICIENT,Dynamic Update
memos_medium:677,m12,SUPERSEDED,INSUFFICIENT,Dynamic Update
memos_medium:678,m1,SUPERSEDED,INSUFFICIENT,Dynamic Update
memos_medium:678,m2,SUPERSEDED,INSUFFICIENT,Dynamic Update
memos_medium:678,m3,SUPPORT,SUPPORT,Dynamic Update
memos_medium:678,m4,SUPERSEDED,INSUFFICIENT,Dynamic Update
memos_medium:678,m5,SUPERSEDED,INSUFFICIENT,Dynamic Update
memos_medium:678,m6,SUPERSEDED,INSUFFICIENT,Dynamic Update
memos_medium:678,m7,SUPERSEDED,INSUFFICIENT,Dynamic Update
memos_medium:678,m8,SUPERSEDED,INSUFFICIENT,Dynamic Update
memos_medium:678,m9,SUPERSEDED,INSUFFICIENT,Dynamic Update
memos_medium:678,m10,SUPERSEDED,INSUFFICIENT,Dynamic Update
memos_medium:678,m11,SUPERSEDED,INSUFFICIENT,Dynamic Update
memos_medium:678,m12,SUPERSEDED,INSUFFICIENT,Dynamic Update
memos_medium:680,m1,SUPERSEDED,SUPPORT,Dynamic Update
memos_medium:680,m2,SUPERSEDED,SUPERSEDED,Dynamic Update
memos_medium:680,m3,SUPERSEDED,SUPPORT,Dynamic Update
memos_medium:680,m4,SUPPORT,SUPPORT,Dynamic Update
memos_medium:680,m5,SUPERSEDED,SUPERSEDED,Dynamic Update
memos_medium:680,m6,SUPERSEDED,SUPERSEDED,Dynamic Update
memos_medium:680,m7,SUPERSEDED,INSUFFICIENT,Dynamic Update
memos_medium:680,m8,SUPERSEDED,INSUFFICIENT,Dynamic Update
memos_medium:680,m9,SUPERSEDED,INSUFFICIENT,Dynamic Update
memos_medium:680,m10,SUPERSEDED,INSUFFICIENT,Dynamic Update
memos_medium:680,m11,SUPERSEDED,INSUFFICIENT,Dynamic Update
memos_medium:680,m12,SUPERSEDED,SUPPORT,Dynamic Update
memos_medium:681,m1,SUPERSEDED,INSUFFICIENT,Dynamic Update
memos_medium:681,m2,SUPERSEDED,CURRENT,Dynamic Update
memos_medium:681,m3,SUPPORT,CURRENT,Dynamic Update
memos_medium:681,m4,SUPERSEDED,INSUFFICIENT,Dynamic Update
memos_medium:681,m5,SUPERSEDED,INSUFFICIENT,Dynamic Update
memos_medium:681,m6,SUPERSEDED,INSUFFICIENT,Dynamic Update
memos_medium:681,m7,SUPERSEDED,INSUFFICIENT,Dynamic Update
memos_medium:681,m8,SUPERSEDED,INSUFFICIENT,Dynamic Update
memos_medium:681,m9,SUPERSEDED,INSUFFICIENT,Dynamic Update
memos_medium:681,m10,SUPERSEDED,INSUFFICIENT,Dynamic Update
memos_medium:681,m11,SUPERSEDED,INSUFFICIENT,Dynamic Update
memos_medium:681,m12,SUPERSEDED,INSUFFICIENT,Dynamic Update
memos_medium:682,m1,SUPERSEDED,INSUFFICIENT,Dynamic Update
memos_medium:682,m2,SUPERSEDED,INSUFFICIENT,Dynamic Update
memos_medium:682,m3,SUPERSEDED,INSUFFICIENT,Dynamic Update
memos_medium:682,m4,SUPERSEDED,INSUFFICIENT,Dynamic Update
memos_medium:682,m5,SUPERSEDED,INSUFFICIENT,Dynamic Update
memos_medium:682,m6,SUPPORT,INSUFFICIENT,Dynamic Update
memos_medium:682,m7,SUPERSEDED,INSUFFICIENT,Dynamic Update
memos_medium:682,m8,SUPERSEDED,INSUFFICIENT,Dynamic Update
memos_medium:682,m9,SUPERSEDED,INSUFFICIENT,Dynamic Update
memos_medium:682,m10,SUPERSEDED,INSUFFICIENT,Dynamic Update
memos_medium:682,m11,SUPERSEDED,INSUFFICIENT,Dynamic Update
memos_medium:682,m12,SUPERSEDED,INSUFFICIENT,Dynamic Update
memos_medium:683,m1,SUPERSEDED,SUPPORT,Dynamic Update
memos_medium:683,m2,SUPERSEDED,INSUFFICIENT,Dynamic Update
memos_medium:683,m3,SUPERSEDED,SUPPORT,Dynamic Update
memos_medium:683,m4,SUPERSEDED,INSUFFICIENT,Dynamic Update
memos_medium:683,m5,SUPERSEDED,INSUFFICIENT,Dynamic Update
memos_medium:683,m6,SUPERSEDED,INSUFFICIENT,Dynamic Update
memos_medium:683,m7,SUPERSEDED,INSUFFICIENT,Dynamic Update
memos_medium:683,m8,SUPERSEDED,INSUFFICIENT,Dynamic Update
memos_medium:683,m9,SUPERSEDED,INSUFFICIENT,Dynamic Update
memos_medium:683,m10,SUPERSEDED,INSUFFICIENT,Dynamic Update
memos_medium:683,m11,SUPERSEDED,INSUFFICIENT,Dynamic Update
memos_medium:683,m12,SUPERSEDED,INSUFFICIENT,Dynamic Update
memos_medium:684,m1,SUPPORT,REFUTE,Memory Conflict
memos_medium:684,m3,SUPPORT,REFUTE,Memory Conflict
memos_medium:688,m1,SUPPORT,SUPPORT,Memory Conflict
memos_medium:688,m2,SUPPORT,REFUTE,Memory Conflict
memos_medium:689,m2,SUPPORT,SUPPORT,Basic Fact Recall
memos_medium:689,m3,SUPPORT,SUPPORT,Basic Fact Recall
memos_medium:689,m11,SUPPORT,SUPPORT,Basic Fact Recall
memos_medium:690,m8,SUPPORT,SUPPORT,Basic Fact Recall
memos_medium:690,m10,SUPPORT,SUPPORT,Basic Fact Recall
memos_medium:690,m12,SUPPORT,INSUFFICIENT,Basic Fact Recall
memos_medium:693,m3,SUPPORT,SUPPORT,Generalization & Application
memos_medium:693,m10,SUPPORT,SUPPORT,Generalization & Application
memos_medium:694,m2,SUPPORT,INSUFFICIENT,Basic Fact Recall
memos_medium:695,m1,SUPPORT,SUPPORT,Basic Fact Recall
memos_medium:696,m1,SUPPORT,SUPPORT,Multi-hop Inference
memos_medium:696,m3,SUPPORT,SUPPORT,Multi-hop Inference
memos_medium:696,m6,SUPPORT,SUPPORT,Multi-hop Inference
memos_medium:697,m1,SUPPORT,SUPPORT,Multi-hop Inference
memos_medium:699,m1,SUPPORT,REFUTE,Memory Conflict
memos_medium:701,m1,SUPPORT,SUPPORT,Dynamic Update
memos_medium:701,m2,SUPERSEDED,INSUFFICIENT,Dynamic Update
memos_medium:701,m3,SUPERSEDED,INSUFFICIENT,Dynamic Update
memos_medium:701,m4,SUPERSEDED,SUPPORT,Dynamic Update
memos_medium:701,m5,SUPERSEDED,INSUFFICIENT,Dynamic Update
memos_medium:701,m6,SUPERSEDED,INSUFFICIENT,Dynamic Update
memos_medium:701,m7,SUPERSEDED,INSUFFICIENT,Dynamic Update
memos_medium:701,m8,SUPERSEDED,INSUFFICIENT,Dynamic Update
memos_medium:701,m9,SUPERSEDED,INSUFFICIENT,Dynamic Update
memos_medium:701,m10,SUPERSEDED,INSUFFICIENT,Dynamic Update
memos_medium:701,m11,SUPERSEDED,INSUFFICIENT,Dynamic Update
memos_medium:702,m1,SUPERSEDED,SUPPORT,Dynamic Update
memos_medium:702,m2,SUPERSEDED,INSUFFICIENT,Dynamic Update
memos_medium:702,m3,SUPERSEDED,INSUFFICIENT,Dynamic Update
memos_medium:702,m4,SUPERSEDED,INSUFFICIENT,Dynamic Update
memos_medium:702,m5,SUPERSEDED,INSUFFICIENT,Dynamic Update
memos_medium:702,m6,SUPERSEDED,INSUFFICIENT,Dynamic Update
memos_medium:702,m7,SUPERSEDED,INSUFFICIENT,Dynamic Update
memos_medium:702,m8,SUPERSEDED,INSUFFICIENT,Dynamic Update
memos_medium:702,m9,SUPERSEDED,INSUFFICIENT,Dynamic Update
memos_medium:702,m10,SUPERSEDED,INSUFFICIENT,Dynamic Update
memos_medium:702,m11,SUPERSEDED,INSUFFICIENT,Dynamic Update
memos_medium:702,m12,SUPERSEDED,INSUFFICIENT,Dynamic Update
memos_medium:712,m6,SUPPORT,REFUTE,Memory Conflict
memos_medium:712,m9,SUPPORT,REFUTE,Memory Conflict
memos_medium:713,m9,SUPPORT,REFUTE,Memory Conflict
memos_medium:717,m1,SUPPORT,INSUFFICIENT,Multi-hop Inference
memos_medium:717,m2,SUPPORT,INSUFFICIENT,Multi-hop Inference
memos_medium:717,m4,SUPPORT,INSUFFICIENT,Multi-hop Inference
memos_medium:717,m5,SUPPORT,SUPPORT,Multi-hop Inference
memos_medium:717,m6,SUPPORT,INSUFFICIENT,Multi-hop Inference
memos_medium:721,m1,SUPERSEDED,INSUFFICIENT,Dynamic Update
memos_medium:721,m2,SUPERSEDED,INSUFFICIENT,Dynamic Update
memos_medium:721,m3,SUPERSEDED,SUPPORT,Dynamic Update
memos_medium:721,m4,SUPERSEDED,INSUFFICIENT,Dynamic Update
memos_medium:721,m5,SUPERSEDED,INSUFFICIENT,Dynamic Update
memos_medium:721,m6,SUPPORT,INSUFFICIENT,Dynamic Update
memos_medium:721,m7,SUPERSEDED,INSUFFICIENT,Dynamic Update
memos_medium:721,m8,SUPERSEDED,INSUFFICIENT,Dynamic Update
memos_medium:721,m9,SUPERSEDED,INSUFFICIENT,Dynamic Update
memos_medium:721,m10,SUPERSEDED,INSUFFICIENT,Dynamic Update
memos_medium:721,m11,SUPERSEDED,INSUFFICIENT,Dynamic Update
memos_medium:721,m12,SUPERSEDED,INSUFFICIENT,Dynamic Update
memos_medium:722,m1,SUPERSEDED,INSUFFICIENT,Dynamic Update
memos_medium:722,m2,SUPERSEDED,INSUFFICIENT,Dynamic Update
memos_medium:722,m3,SUPERSEDED,INSUFFICIENT,Dynamic Update
memos_medium:722,m4,SUPPORT,SUPPORT,Dynamic Update
memos_medium:722,m5,SUPERSEDED,INSUFFICIENT,Dynamic Update
memos_medium:722,m6,SUPERSEDED,INSUFFICIENT,Dynamic Update
memos_medium:722,m7,SUPERSEDED,SUPPORT,Dynamic Update
memos_medium:722,m8,SUPERSEDED,INSUFFICIENT,Dynamic Update
memos_medium:722,m9,SUPERSEDED,SUPPORT,Dynamic Update
memos_medium:722,m10,SUPERSEDED,INSUFFICIENT,Dynamic Update
memos_medium:722,m11,SUPERSEDED,INSUFFICIENT,Dynamic Update
memos_medium:722,m12,SUPERSEDED,INSUFFICIENT,Dynamic Update
memos_medium:724,m2,SUPPORT,SUPPORT,Generalization & Application
memos_medium:725,m2,SUPPORT,SUPPORT,Generalization & Application
memos_medium:725,m3,SUPPORT,INSUFFICIENT,Generalization & Application
memos_medium:725,m4,SUPPORT,SUPPORT,Generalization & Application
memos_medium:725,m7,SUPPORT,SUPPORT,Generalization & Application
memos_medium:725,m8,SUPPORT,SUPPORT,Generalization & Application
memos_medium:725,m12,SUPPORT,SUPPORT,Generalization & Application
memos_medium:726,m3,SUPPORT,SUPPORT,Generalization & Application
memos_medium:726,m6,SUPPORT,CURRENT,Generalization & Application
memos_medium:728,m1,SUPPORT,SUPPORT,Generalization & Application
memos_medium:729,m1,SUPPORT,SUPPORT,Generalization & Application
memos_medium:729,m2,SUPPORT,SUPPORT,Generalization & Application
memos_medium:731,m2,SUPPORT,SUPPORT,Basic Fact Recall
memos_medium:733,m1,SUPPORT,REFUTE,Memory Conflict
memos_medium:733,m2,SUPPORT,REFUTE,Memory Conflict
memos_medium:733,m3,SUPPORT,REFUTE,Memory Conflict
memos_medium:734,m2,SUPPORT,SUPPORT,Generalization & Application
memos_medium:734,m3,SUPPORT,SUPPORT,Generalization & Application
memos_medium:734,m4,SUPPORT,SUPPORT,Generalization & Application
memos_medium:734,m7,SUPPORT,SUPPORT,Generalization & Application
memos_medium:735,m1,SUPPORT,SUPPORT,Generalization & Application
memos_medium:735,m3,SUPPORT,SUPPORT,Generalization & Application
memos_medium:738,m1,SUPPORT,SUPPORT,Generalization & Application
memos_medium:738,m2,SUPPORT,INSUFFICIENT,Generalization & Application
memos_medium:739,m4,SUPPORT,SUPPORT,Generalization & Application
memos_medium:739,m5,SUPPORT,SUPPORT,Generalization & Application
memos_medium:739,m8,SUPPORT,SUPPORT,Generalization & Application
memos_medium:739,m11,SUPPORT,INSUFFICIENT,Generalization & Application
memos_medium:739,m12,SUPPORT,SUPPORT,Generalization & Application
memos_medium:742,m2,SUPPORT,SUPPORT,Basic Fact Recall
memos_medium:744,m4,SUPPORT,REFUTE,Memory Conflict
memos_medium:745,m1,SUPPORT,SUPPORT,Generalization & Application
memos_medium:745,m3,SUPPORT,SUPPORT,Generalization & Application
memos_medium:745,m4,SUPPORT,SUPPORT,Generalization & Application
memos_medium:745,m10,SUPPORT,SUPPORT,Generalization & Application
memos_medium:745,m12,SUPPORT,SUPPORT,Generalization & Application
memos_medium:746,m1,SUPPORT,SUPPORT,Generalization & Application
memos_medium:746,m2,SUPPORT,INSUFFICIENT,Generalization & Application
memos_medium:746,m7,SUPPORT,SUPPORT,Generalization & Application
memos_medium:746,m11,SUPPORT,SUPPORT,Generalization & Application
memos_medium:749,m2,SUPPORT,REFUTE,Memory Conflict
memos_medium:749,m4,SUPPORT,REFUTE,Memory Conflict
memos_medium:751,m1,SUPPORT,REFUTE,Memory Conflict
memos_medium:751,m2,SUPPORT,REFUTE,Memory Conflict
memos_medium:754,m2,SUPPORT,SUPPORT,Generalization & Application
memos_medium:754,m9,SUPPORT,SUPPORT,Generalization & Application
memos_medium:754,m10,SUPPORT,SUPPORT,Generalization & Application
memos_medium:756,m1,SUPPORT,SUPPORT,Basic Fact Recall
memos_medium:757,m1,SUPPORT,SUPPORT,Basic Fact Recall
memos_medium:757,m3,SUPPORT,SUPPORT,Basic Fact Recall
memos_medium:759,m1,SUPPORT,SUPPORT,Generalization & Application
memos_medium:760,m1,SUPPORT,REFUTE,Memory Conflict
memos_medium:760,m2,SUPPORT,REFUTE,Memory Conflict
memos_medium:760,m4,SUPPORT,REFUTE,Memory Conflict
memos_medium:765,m1,SUPPORT,SUPPORT,Generalization & Application
memos_medium:765,m2,SUPPORT,SUPPORT,Generalization & Application
memos_medium:766,m1,SUPPORT,SUPPORT,Generalization & Application
memos_medium:766,m2,SUPPORT,SUPPORT,Generalization & Application
memos_medium:766,m5,SUPPORT,SUPPORT,Generalization & Application
memos_medium:766,m7,SUPPORT,SUPPORT,Generalization & Application
memos_medium:766,m8,SUPPORT,SUPPORT,Generalization & Application
memos_medium:766,m10,SUPPORT,SUPPORT,Generalization & Application
memos_medium:766,m11,SUPPORT,SUPPORT,Generalization & Application
memos_medium:767,m1,SUPPORT,SUPPORT,Generalization & Application
memos_medium:767,m6,SUPPORT,INSUFFICIENT,Generalization & Application
memos_medium:768,m1,SUPERSEDED,INSUFFICIENT,Dynamic Update
memos_medium:768,m2,SUPERSEDED,SUPPORT,Dynamic Update
memos_medium:768,m3,SUPERSEDED,SUPPORT,Dynamic Update
memos_medium:768,m4,SUPERSEDED,INSUFFICIENT,Dynamic Update
memos_medium:768,m5,SUPERSEDED,INSUFFICIENT,Dynamic Update
memos_medium:768,m6,SUPERSEDED,INSUFFICIENT,Dynamic Update
memos_medium:768,m7,SUPERSEDED,INSUFFICIENT,Dynamic Update
memos_medium:768,m8,SUPERSEDED,INSUFFICIENT,Dynamic Update
memos_medium:768,m9,SUPERSEDED,INSUFFICIENT,Dynamic Update
memos_medium:768,m10,SUPERSEDED,INSUFFICIENT,Dynamic Update
memos_medium:768,m11,SUPERSEDED,INSUFFICIENT,Dynamic Update
memos_medium:768,m12,SUPERSEDED,INSUFFICIENT,Dynamic Update
memos_medium:770,m1,SUPERSEDED,INSUFFICIENT,Dynamic Update
memos_medium:770,m2,SUPPORT,SUPPORT,Dynamic Update
memos_medium:770,m3,SUPERSEDED,SUPERSEDED,Dynamic Update
memos_medium:770,m4,SUPERSEDED,INSUFFICIENT,Dynamic Update
memos_medium:770,m5,SUPERSEDED,INSUFFICIENT,Dynamic Update
memos_medium:770,m6,SUPERSEDED,INSUFFICIENT,Dynamic Update
memos_medium:770,m7,SUPERSEDED,INSUFFICIENT,Dynamic Update
memos_medium:770,m8,SUPERSEDED,INSUFFICIENT,Dynamic Update
memos_medium:770,m9,SUPERSEDED,INSUFFICIENT,Dynamic Update
memos_medium:770,m10,SUPERSEDED,INSUFFICIENT,Dynamic Update
memos_medium:770,m11,SUPERSEDED,INSUFFICIENT,Dynamic Update
memos_medium:770,m12,SUPERSEDED,INSUFFICIENT,Dynamic Update
memos_medium:771,m1,SUPERSEDED,INSUFFICIENT,Dynamic Update
memos_medium:771,m2,SUPERSEDED,SUPPORT,Dynamic Update
memos_medium:771,m3,SUPERSEDED,INSUFFICIENT,Dynamic Update
memos_medium:771,m4,SUPPORT,SUPPORT,Dynamic Update
memos_medium:771,m5,SUPERSEDED,INSUFFICIENT,Dynamic Update
memos_medium:771,m6,SUPERSEDED,INSUFFICIENT,Dynamic Update
memos_medium:771,m7,SUPERSEDED,INSUFFICIENT,Dynamic Update
memos_medium:771,m8,SUPERSEDED,INSUFFICIENT,Dynamic Update
memos_medium:771,m9,SUPERSEDED,INSUFFICIENT,Dynamic Update
memos_medium:771,m10,SUPERSEDED,INSUFFICIENT,Dynamic Update
memos_medium:771,m11,SUPERSEDED,INSUFFICIENT,Dynamic Update
memos_medium:771,m12,SUPERSEDED,INSUFFICIENT,Dynamic Update
memos_medium:772,m2,SUPPORT,SUPPORT,Multi-hop Inference
memos_medium:772,m3,SUPPORT,SUPPORT,Multi-hop Inference
memos_medium:772,m4,SUPPORT,SUPPORT,Multi-hop Inference
memos_medium:772,m7,SUPPORT,SUPPORT,Multi-hop Inference
memos_medium:773,m2,SUPPORT,SUPPORT,Multi-hop Inference
memos_medium:773,m4,SUPPORT,INSUFFICIENT,Multi-hop Inference
memos_medium:773,m8,SUPPORT,SUPPORT,Multi-hop Inference
memos_medium:773,m9,SUPPORT,SUPPORT,Multi-hop Inference
memos_medium:773,m11,SUPPORT,SUPPORT,Multi-hop Inference
memos_medium:774,m6,SUPPORT,SUPPORT,Basic Fact Recall
memos_medium:775,m4,SUPPORT,INSUFFICIENT,Basic Fact Recall
memos_medium:775,m7,SUPPORT,INSUFFICIENT,Basic Fact Recall
memos_medium:775,m10,SUPPORT,INSUFFICIENT,Basic Fact Recall
memos_medium:776,m1,SUPPORT,SUPPORT,Basic Fact Recall
memos_medium:778,m3,SUPPORT,SUPPORT,Generalization & Application
memos_medium:778,m5,SUPPORT,SUPPORT,Generalization & Application
memos_medium:778,m8,SUPPORT,SUPPORT,Generalization & Application
memos_medium:778,m12,SUPPORT,SUPPORT,Generalization & Application
memos_medium:782,m5,SUPPORT,SUPPORT,Basic Fact Recall
memos_medium:782,m10,SUPPORT,SUPPORT,Basic Fact Recall
memos_medium:782,m11,SUPPORT,SUPPORT,Basic Fact Recall
memos_medium:782,m12,SUPPORT,SUPPORT,Basic Fact Recall
memos_medium:784,m1,SUPPORT,SUPPORT,Generalization & Application
memos_medium:784,m2,SUPPORT,SUPPORT,Generalization & Application
memos_medium:784,m9,SUPPORT,SUPPORT,Generalization & Application
memos_medium:785,m2,SUPPORT,SUPPORT,Generalization & Application
memos_medium:786,m2,SUPPORT,REFUTE,Memory Conflict
memos_medium:788,m1,SUPPORT,SUPPORT,Generalization & Application
memos_medium:788,m2,SUPPORT,SUPPORT,Generalization & Application
memos_medium:788,m3,SUPPORT,SUPPORT,Generalization & Application
memos_medium:788,m5,SUPPORT,SUPPORT,Generalization & Application
memos_medium:789,m2,SUPPORT,MISBIND,Multi-hop Inference
memos_medium:789,m12,SUPPORT,SUPPORT,Multi-hop Inference
memos_medium:791,m1,SUPPORT,SUPPORT,Generalization & Application
memos_medium:791,m7,SUPPORT,SUPPORT,Generalization & Application
memos_medium:791,m11,SUPPORT,SUPPORT,Generalization & Application
memos_medium:797,m1,SUPPORT,SUPPORT,Basic Fact Recall
memos_medium:798,m1,SUPPORT,SUPPORT,Generalization & Application
memos_medium:798,m2,SUPPORT,SUPPORT,Generalization & Application
memos_medium:798,m4,SUPPORT,SUPPORT,Generalization & Application
memos_medium:798,m9,SUPPORT,SUPPORT,Generalization & Application
memos_medium:798,m10,SUPPORT,SUPPORT,Generalization & Application
memos_medium:799,m1,SUPPORT,REFUTE,Memory Conflict
memos_medium:799,m10,SUPPORT,REFUTE,Memory Conflict
memos_medium:799,m11,SUPPORT,REFUTE,Memory Conflict
memos_medium:801,m1,SUPPORT,SUPPORT,Basic Fact Recall
memos_medium:801,m2,SUPPORT,SUPPORT,Basic Fact Recall
memos_medium:801,m4,SUPPORT,SUPPORT,Basic Fact Recall
memos_medium:801,m8,SUPPORT,SUPPORT,Basic Fact Recall
memos_medium:802,m1,SUPPORT,REFUTE,Memory Conflict
memos_medium:802,m2,SUPPORT,REFUTE,Memory Conflict
memos_medium:802,m4,SUPPORT,REFUTE,Memory Conflict
memos_medium:802,m7,SUPPORT,REFUTE,Memory Conflict
memos_medium:802,m8,SUPPORT,REFUTE,Memory Conflict
memos_medium:802,m11,SUPPORT,REFUTE,Memory Conflict
memos_medium:803,m1,SUPPORT,INSUFFICIENT,Memory Conflict
memos_medium:803,m2,SUPPORT,INSUFFICIENT,Memory Conflict
memos_medium:804,m1,SUPPORT,SUPPORT,Generalization & Application
memos_medium:804,m2,SUPPORT,SUPPORT,Generalization & Application
memos_medium:806,m1,SUPPORT,SUPPORT,Generalization & Application
memos_medium:806,m4,SUPPORT,SUPPORT,Generalization & Application
memos_medium:808,m1,SUPPORT,SUPPORT,Generalization & Application
memos_medium:808,m2,SUPPORT,SUPPORT,Generalization & Application
memos_medium:808,m3,SUPPORT,SUPPORT,Generalization & Application
memos_medium:808,m4,SUPPORT,SUPPORT,Generalization & Application
memos_medium:808,m5,SUPPORT,SUPPORT,Generalization & Application
memos_medium:812,m5,SUPPORT,INSUFFICIENT,Memory Conflict
memos_medium:812,m10,SUPPORT,INSUFFICIENT,Memory Conflict
memos_medium:813,m1,SUPPORT,SUPPORT,Memory Conflict
memos_medium:822,m1,SUPPORT,REFUTE,Memory Conflict
memos_medium:822,m3,SUPPORT,REFUTE,Memory Conflict
memos_medium:822,m4,SUPPORT,REFUTE,Memory Conflict
memos_medium:824,m1,SUPPORT,SUPPORT,Generalization & Application
memos_medium:825,m2,SUPPORT,REFUTE,Memory Conflict
memos_medium:825,m3,SUPPORT,REFUTE,Memory Conflict
memos_medium:825,m8,SUPPORT,REFUTE,Memory Conflict
memos_medium:828,m6,SUPPORT,SUPPORT,Basic Fact Recall
memos_medium:828,m8,SUPPORT,SUPPORT,Basic Fact Recall
memos_medium:829,m4,SUPPORT,SUPPORT,Generalization & Application
memos_medium:829,m11,SUPPORT,SUPPORT,Generalization & Application
memos_medium:830,m1,SUPPORT,REFUTE,Memory Conflict
memos_medium:830,m2,SUPPORT,REFUTE,Memory Conflict
memos_medium:830,m8,SUPPORT,REFUTE,Memory Conflict
memos_medium:830,m9,SUPPORT,REFUTE,Memory Conflict
memos_medium:830,m12,SUPPORT,REFUTE,Memory Conflict
memos_medium:831,m6,SUPPORT,SUPPORT,Basic Fact Recall
memos_medium:831,m9,SUPPORT,SUPPORT,Basic Fact Recall
memos_medium:834,m1,SUPPORT,SUPPORT,Generalization & Application
memos_medium:834,m2,SUPPORT,SUPPORT,Generalization & Application
memos_medium:835,m1,SUPPORT,INSUFFICIENT,Generalization & Application
memos_medium:835,m7,SUPPORT,INSUFFICIENT,Generalization & Application
memos_medium:835,m9,SUPPORT,INSUFFICIENT,Generalization & Application
memos_medium:835,m10,SUPPORT,INSUFFICIENT,Generalization & Application
memos_medium:838,m1,SUPPORT,SUPPORT,Basic Fact Recall
memos_medium:838,m2,SUPPORT,SUPPORT,Basic Fact Recall
memos_medium:838,m3,SUPPORT,INSUFFICIENT,Basic Fact Recall
memos_medium:838,m4,SUPPORT,SUPPORT,Basic Fact Recall
memos_medium:839,m3,SUPPORT,REFUTE,Memory Conflict
memos_medium:839,m10,SUPPORT,REFUTE,Memory Conflict
memos_medium:842,m1,SUPPORT,SUPPORT,Generalization & Application
memos_medium:842,m2,SUPPORT,SUPPORT,Generalization & Application
memos_medium:842,m3,SUPPORT,SUPPORT,Generalization & Application
memos_medium:843,m3,SUPPORT,SUPPORT,Basic Fact Recall
memos_medium:844,m1,SUPPORT,REFUTE,Memory Conflict
memos_medium:844,m2,SUPPORT,REFUTE,Memory Conflict
memos_medium:844,m3,SUPPORT,REFUTE,Memory Conflict
memos_medium:844,m4,SUPPORT,REFUTE,Memory Conflict
memos_medium:852,m9,SUPPORT,SUPPORT,Basic Fact Recall
memos_medium:852,m11,SUPPORT,SUPPORT,Basic Fact Recall
memos_medium:853,m5,SUPPORT,SUPPORT,Generalization & Application
memos_medium:853,m12,SUPPORT,SUPPORT,Generalization & Application
memos_medium:860,m5,SUPPORT,SUPPORT,Multi-hop Inference
memos_medium:861,m1,SUPPORT,SUPPORT,Multi-hop Inference
memos_medium:861,m2,SUPPORT,SUPPORT,Multi-hop Inference
memos_medium:861,m3,SUPPORT,SUPPORT,Multi-hop Inference
memos_medium:861,m4,SUPPORT,SUPPORT,Multi-hop Inference
memos_medium:861,m5,SUPPORT,SUPPORT,Multi-hop Inference
memos_medium:861,m6,SUPPORT,SUPPORT,Multi-hop Inference
memos_medium:861,m9,SUPPORT,SUPPORT,Multi-hop Inference
memos_medium:863,m4,SUPPORT,SUPPORT,Generalization & Application
memos_medium:863,m6,SUPPORT,SUPPORT,Generalization & Application
memos_medium:863,m7,SUPPORT,SUPPORT,Generalization & Application
memos_medium:863,m10,SUPPORT,SUPPORT,Generalization & Application
memos_medium:863,m11,SUPPORT,SUPPORT,Generalization & Application
memos_medium:863,m12,SUPPORT,SUPPORT,Generalization & Application
memos_medium:866,m1,SUPPORT,SUPPORT,Generalization & Application
memos_medium:866,m2,SUPPORT,SUPPORT,Generalization & Application
memos_medium:866,m3,SUPPORT,SUPPORT,Generalization & Application
memos_medium:866,m12,SUPPORT,SUPPORT,Generalization & Application
memos_medium:867,m1,SUPPORT,SUPPORT,Basic Fact Recall
memos_medium:867,m2,SUPPORT,SUPPORT,Basic Fact Recall
memos_medium:868,m3,SUPPORT,SUPPORT,Basic Fact Recall
memos_medium:868,m4,SUPPORT,INSUFFICIENT,Basic Fact Recall
memos_medium:869,m1,SUPPORT,SUPPORT,Memory Conflict
memos_medium:870,m1,SUPPORT,SUPPORT,Multi-hop Inference
memos_medium:870,m2,SUPPORT,SUPPORT,Multi-hop Inference
memos_medium:870,m3,SUPPORT,SUPPORT,Multi-hop Inference
memos_medium:870,m4,SUPPORT,SUPPORT,Multi-hop Inference
memos_medium:870,m5,SUPPORT,SUPPORT,Multi-hop Inference
memos_medium:870,m6,SUPPORT,SUPPORT,Multi-hop Inference
memos_medium:870,m7,SUPPORT,INSUFFICIENT,Multi-hop Inference
memos_medium:870,m8,SUPPORT,INSUFFICIENT,Multi-hop Inference
memos_medium:870,m9,SUPPORT,INSUFFICIENT,Multi-hop Inference
memos_medium:870,m10,SUPPORT,INSUFFICIENT,Multi-hop Inference
memos_medium:870,m11,SUPPORT,INSUFFICIENT,Multi-hop Inference
memos_medium:871,m2,SUPPORT,SUPPORT,Multi-hop Inference
memos_medium:871,m5,SUPPORT,SUPPORT,Multi-hop Inference
memos_medium:871,m7,SUPPORT,SUPPORT,Multi-hop Inference
memos_medium:871,m8,SUPPORT,SUPPORT,Multi-hop Inference
memos_medium:871,m11,SUPPORT,SUPPORT,Multi-hop Inference
memos_medium:872,m5,SUPPORT,INSUFFICIENT,Multi-hop Inference
memos_medium:872,m11,SUPPORT,INSUFFICIENT,Multi-hop Inference
memos_medium:873,m1,SUPPORT,SUPPORT,Multi-hop Inference
memos_medium:873,m3,SUPPORT,SUPPORT,Multi-hop Inference
memos_medium:873,m4,SUPPORT,SUPPORT,Multi-hop Inference
memos_medium:873,m10,SUPPORT,SUPPORT,Multi-hop Inference
memos_medium:877,m5,SUPPORT,SUPPORT,Basic Fact Recall
memos_medium:878,m4,SUPPORT,INSUFFICIENT,Basic Fact Recall
memos_medium:879,m3,SUPPORT,SUPPORT,Basic Fact Recall
memos_medium:880,m1,SUPPORT,SUPPORT,Basic Fact Recall
memos_medium:887,m6,SUPPORT,INSUFFICIENT,Basic Fact Recall
memos_medium:892,m6,SUPPORT,REFUTE,Memory Conflict
memos_medium:894,m1,SUPPORT,REFUTE,Memory Conflict
memos_medium:894,m6,SUPPORT,REFUTE,Memory Conflict
memos_medium:894,m7,SUPPORT,REFUTE,Memory Conflict
memos_medium:895,m6,SUPPORT,INSUFFICIENT,Basic Fact Recall
memos_medium:896,m1,SUPPORT,SUPPORT,Generalization & Application
memos_medium:896,m3,SUPPORT,SUPPORT,Generalization & Application
memos_medium:896,m4,SUPPORT,SUPPORT,Generalization & Application
memos_medium:896,m6,SUPPORT,SUPPORT,Generalization & Application
memos_medium:896,m7,SUPPORT,SUPPORT,Generalization & Application
memos_medium:897,m1,SUPERSEDED,SUPPORT,Dynamic Update
memos_medium:897,m2,SUPPORT,SUPPORT,Dynamic Update
memos_medium:897,m3,SUPERSEDED,SUPERSEDED,Dynamic Update
memos_medium:897,m4,SUPERSEDED,SUPERSEDED,Dynamic Update
memos_medium:897,m5,SUPERSEDED,SUPERSEDED,Dynamic Update
memos_medium:897,m6,SUPERSEDED,INSUFFICIENT,Dynamic Update
memos_medium:897,m7,SUPERSEDED,SUPPORT,Dynamic Update
memos_medium:897,m8,SUPERSEDED,INSUFFICIENT,Dynamic Update
memos_medium:897,m9,SUPERSEDED,INSUFFICIENT,Dynamic Update
memos_medium:897,m10,SUPERSEDED,INSUFFICIENT,Dynamic Update
memos_medium:897,m11,SUPERSEDED,INSUFFICIENT,Dynamic Update
memos_medium:897,m12,SUPERSEDED,INSUFFICIENT,Dynamic Update
memos_medium:899,m1,SUPERSEDED,INSUFFICIENT,Dynamic Update
memos_medium:899,m2,SUPERSEDED,INSUFFICIENT,Dynamic Update
memos_medium:899,m3,SUPPORT,SUPPORT,Dynamic Update
memos_medium:899,m4,SUPERSEDED,INSUFFICIENT,Dynamic Update
memos_medium:899,m5,SUPERSEDED,INSUFFICIENT,Dynamic Update
memos_medium:899,m6,SUPERSEDED,INSUFFICIENT,Dynamic Update
memos_medium:899,m7,SUPERSEDED,INSUFFICIENT,Dynamic Update
memos_medium:899,m8,SUPERSEDED,INSUFFICIENT,Dynamic Update
memos_medium:899,m9,SUPERSEDED,INSUFFICIENT,Dynamic Update
memos_medium:899,m10,SUPERSEDED,INSUFFICIENT,Dynamic Update
memos_medium:899,m11,SUPERSEDED,INSUFFICIENT,Dynamic Update
memos_medium:899,m12,SUPERSEDED,INSUFFICIENT,Dynamic Update
memos_medium:901,m1,SUPPORT,REFUTE,Memory Conflict
memos_medium:903,m1,SUPPORT,SUPPORT,Generalization & Application
memos_medium:903,m2,SUPPORT,SUPPORT,Generalization & Application
memos_medium:903,m7,SUPPORT,SUPPORT,Generalization & Application
memos_medium:905,m1,SUPPORT,REFUTE,Memory Conflict
memos_medium:905,m3,SUPPORT,REFUTE,Memory Conflict
memos_medium:906,m1,SUPPORT,SUPPORT,Basic Fact Recall
memos_medium:907,m1,SUPPORT,SUPPORT,Basic Fact Recall
memos_medium:907,m6,SUPPORT,SUPPORT,Basic Fact Recall
memos_medium:908,m1,SUPPORT,SUPPORT,Dynamic Update
memos_medium:908,m2,SUPPORT,SUPPORT,Dynamic Update
memos_medium:908,m3,SUPERSEDED,INSUFFICIENT,Dynamic Update
memos_medium:908,m4,SUPERSEDED,INSUFFICIENT,Dynamic Update
memos_medium:908,m5,SUPERSEDED,INSUFFICIENT,Dynamic Update
memos_medium:908,m6,SUPERSEDED,INSUFFICIENT,Dynamic Update
memos_medium:908,m7,SUPERSEDED,INSUFFICIENT,Dynamic Update
memos_medium:908,m8,SUPERSEDED,INSUFFICIENT,Dynamic Update
memos_medium:908,m9,SUPERSEDED,INSUFFICIENT,Dynamic Update
memos_medium:908,m10,SUPERSEDED,INSUFFICIENT,Dynamic Update
memos_medium:908,m11,SUPERSEDED,INSUFFICIENT,Dynamic Update
memos_medium:908,m12,SUPERSEDED,INSUFFICIENT,Dynamic Update
memos_medium:909,m1,SUPERSEDED,INSUFFICIENT,Dynamic Update
memos_medium:909,m2,SUPERSEDED,INSUFFICIENT,Dynamic Update
memos_medium:909,m3,SUPERSEDED,INSUFFICIENT,Dynamic Update
memos_medium:909,m4,SUPERSEDED,INSUFFICIENT,Dynamic Update
memos_medium:909,m5,SUPERSEDED,INSUFFICIENT,Dynamic Update
memos_medium:909,m6,SUPERSEDED,INSUFFICIENT,Dynamic Update
memos_medium:909,m7,SUPERSEDED,INSUFFICIENT,Dynamic Update
memos_medium:909,m8,SUPERSEDED,INSUFFICIENT,Dynamic Update
memos_medium:909,m9,SUPERSEDED,INSUFFICIENT,Dynamic Update
memos_medium:909,m10,SUPERSEDED,INSUFFICIENT,Dynamic Update
memos_medium:909,m11,SUPERSEDED,INSUFFICIENT,Dynamic Update
memos_medium:909,m12,SUPERSEDED,INSUFFICIENT,Dynamic Update
memos_medium:912,m1,SUPPORT,INSUFFICIENT,Generalization & Application
memos_medium:912,m2,SUPPORT,INSUFFICIENT,Generalization & Application
memos_medium:912,m7,SUPPORT,SUPPORT,Generalization & Application
memos_medium:914,m3,SUPPORT,SUPPORT,Generalization & Application
memos_medium:914,m9,SUPPORT,SUPPORT,Generalization & Application
memos_medium:916,m5,SUPPORT,SUPPORT,Generalization & Application
memos_medium:916,m9,SUPPORT,SUPPORT,Generalization & Application
memos_medium:917,m5,SUPPORT,SUPPORT,Basic Fact Recall
memos_medium:919,m2,SUPPORT,SUPPORT,Generalization & Application
memos_medium:919,m3,SUPPORT,SUPPORT,Generalization & Application
memos_medium:919,m6,SUPPORT,SUPPORT,Generalization & Application
memos_medium:919,m7,SUPPORT,SUPPORT,Generalization & Application
memos_medium:919,m8,SUPPORT,SUPPORT,Generalization & Application
memos_medium:919,m9,SUPPORT,SUPPORT,Generalization & Application
memos_medium:920,m2,SUPPORT,SUPPORT,Memory Conflict
memos_medium:922,m4,SUPPORT,SUPPORT,Basic Fact Recall
memos_medium:923,m1,SUPPORT,SUPPORT,Generalization & Application
memos_medium:923,m2,SUPPORT,SUPPORT,Generalization & Application
memos_medium:924,m7,SUPPORT,SUPPORT,Generalization & Application
memos_medium:938,m1,SUPPORT,REFUTE,Memory Conflict
memos_medium:938,m2,SUPPORT,REFUTE,Memory Conflict
memos_medium:938,m5,SUPPORT,REFUTE,Memory Conflict
memos_medium:939,m1,SUPPORT,SUPPORT,Basic Fact Recall
memos_medium:940,m1,SUPPORT,SUPPORT,Generalization & Application
memos_medium:940,m3,SUPPORT,SUPPORT,Generalization & Application
memos_medium:940,m4,SUPPORT,SUPPORT,Generalization & Application
memos_medium:940,m7,SUPPORT,SUPPORT,Generalization & Application
memos_medium:940,m8,SUPPORT,SUPPORT,Generalization & Application
memos_medium:940,m9,SUPPORT,SUPPORT,Generalization & Application
memos_medium:940,m12,SUPPORT,SUPPORT,Generalization & Application
memos_medium:941,m2,SUPPORT,INSUFFICIENT,Memory Conflict
memos_medium:941,m3,SUPPORT,REFUTE,Memory Conflict
memos_medium:941,m4,SUPPORT,REFUTE,Memory Conflict
memos_medium:941,m5,SUPPORT,REFUTE,Memory Conflict
memos_medium:941,m6,SUPPORT,REFUTE,Memory Conflict
memos_medium:941,m7,SUPPORT,REFUTE,Memory Conflict
memos_medium:941,m8,SUPPORT,REFUTE,Memory Conflict
memos_medium:942,m1,SUPPORT,SUPPORT,Generalization & Application
memos_medium:943,m1,SUPPORT,SUPPORT,Basic Fact Recall
memos_medium:943,m2,SUPPORT,SUPPORT,Basic Fact Recall
memos_medium:944,m1,SUPPORT,REFUTE,Memory Conflict
memos_medium:945,m11,SUPPORT,INSUFFICIENT,Basic Fact Recall
memos_medium:948,m9,SUPPORT,INSUFFICIENT,Basic Fact Recall
memos_medium:948,m12,SUPPORT,INSUFFICIENT,Basic Fact Recall
memos_medium:956,m1,SUPPORT,SUPPORT,Basic Fact Recall
memos_medium:956,m2,SUPPORT,SUPPORT,Basic Fact Recall
memos_medium:958,m1,SUPPORT,SUPPORT,Generalization & Application
memos_medium:958,m2,SUPPORT,SUPPORT,Generalization & Application
memos_medium:958,m3,SUPPORT,SUPPORT,Generalization & Application
memos_medium:958,m7,SUPPORT,SUPPORT,Generalization & Application
memos_medium:958,m8,SUPPORT,SUPPORT,Generalization & Application
memos_medium:958,m9,SUPPORT,SUPPORT,Generalization & Application
memos_medium:958,m12,SUPPORT,SUPPORT,Generalization & Application
memos_medium:960,m1,SUPPORT,REFUTE,Memory Conflict
memos_medium:962,m12,SUPPORT,REFUTE,Memory Conflict
memos_medium:965,m2,SUPPORT,SUPPORT,Basic Fact Recall
memos_medium:965,m3,SUPPORT,SUPPORT,Basic Fact Recall
memos_medium:967,m1,SUPPORT,REFUTE,Memory Conflict
memos_medium:967,m2,SUPPORT,REFUTE,Memory Conflict
memos_medium:967,m4,SUPPORT,REFUTE,Memory Conflict
memos_medium:969,m1,SUPPORT,INSUFFICIENT,Memory Conflict
memos_medium:969,m2,SUPPORT,INSUFFICIENT,Memory Conflict
memos_medium:969,m4,SUPPORT,INSUFFICIENT,Memory Conflict
memos_medium:970,m1,SUPPORT,REFUTE,Memory Conflict
memos_medium:970,m7,SUPPORT,REFUTE,Memory Conflict
memos_medium:971,m1,SUPPORT,REFUTE,Memory Conflict
memos_medium:971,m7,SUPPORT,INSUFFICIENT,Memory Conflict
memos_medium:971,m8,SUPPORT,REFUTE,Memory Conflict
memos_medium:972,m1,SUPPORT,SUPPORT,Generalization & Application
memos_medium:973,m1,SUPPORT,REFUTE,Memory Conflict
memos_medium:974,m3,SUPPORT,REFUTE,Memory Conflict
memos_medium:975,m1,SUPPORT,SUPPORT,Memory Conflict
memos_medium:975,m2,SUPPORT,SUPPORT,Memory Conflict
memos_medium:975,m3,SUPPORT,SUPPORT,Memory Conflict
memos_medium:979,m5,SUPPORT,SUPPORT,Generalization & Application
memos_medium:980,m7,SUPPORT,SUPPORT,Generalization & Application
memos_medium:981,m1,SUPPORT,SUPPORT,Generalization & Application
memos_medium:981,m3,SUPPORT,SUPPORT,Generalization & Application
memos_medium:981,m7,SUPPORT,SUPPORT,Generalization & Application
memos_medium:981,m10,SUPPORT,SUPPORT,Generalization & Application
memos_medium:982,m4,SUPPORT,SUPPORT,Basic Fact Recall
memos_medium:984,m4,SUPPORT,REFUTE,Memory Conflict
memos_medium:985,m1,SUPPORT,REFUTE,Memory Conflict
memos_medium:985,m2,SUPPORT,REFUTE,Memory Conflict
memos_medium:985,m8,SUPPORT,REFUTE,Memory Conflict
memos_medium:986,m1,SUPPORT,SUPPORT,Generalization & Application
memos_medium:986,m3,SUPPORT,SUPPORT,Generalization & Application
memos_medium:986,m4,SUPPORT,SUPPORT,Generalization & Application
memos_medium:986,m7,SUPPORT,SUPPORT,Generalization & Application
memos_medium:986,m9,SUPPORT,INSUFFICIENT,Generalization & Application
memos_medium:986,m10,SUPPORT,SUPPORT,Generalization & Application
memos_medium:986,m12,SUPPORT,SUPPORT,Generalization & Application
memos_medium:988,m1,SUPPORT,REFUTE,Memory Conflict
memos_medium:988,m2,SUPPORT,REFUTE,Memory Conflict
memos_medium:988,m4,SUPPORT,REFUTE,Memory Conflict
memos_medium:988,m7,SUPPORT,REFUTE,Memory Conflict
memos_medium:989,m1,SUPPORT,SUPPORT,Basic Fact Recall
memos_medium:989,m4,SUPPORT,SUPPORT,Basic Fact Recall
memos_medium:989,m7,SUPPORT,SUPPORT,Basic Fact Recall
memos_medium:991,m1,SUPPORT,SUPPORT,Generalization & Application
memos_medium:991,m2,SUPPORT,SUPPORT,Generalization & Application
memos_medium:991,m7,SUPPORT,SUPPORT,Generalization & Application
memos_medium:991,m8,SUPPORT,SUPPORT,Generalization & Application
memos_medium:991,m9,SUPPORT,SUPPORT,Generalization & Application
memos_medium:991,m10,SUPPORT,SUPPORT,Generalization & Application
memos_medium:992,m2,SUPPORT,INSUFFICIENT,Memory Conflict
memos_medium:992,m3,SUPPORT,REFUTE,Memory Conflict
memos_medium:992,m8,SUPPORT,REFUTE,Memory Conflict
memos_medium:995,m7,SUPPORT,INSUFFICIENT,Multi-hop Inference
memos_medium:995,m8,SUPPORT,INSUFFICIENT,Multi-hop Inference
memos_medium:995,m9,SUPPORT,SUPPORT,Multi-hop Inference
memos_medium:995,m11,SUPPORT,SUPPORT,Multi-hop Inference
memos_medium:1001,m1,SUPPORT,REFUTE,Memory Conflict
memos_medium:1001,m2,SUPPORT,REFUTE,Memory Conflict
memos_medium:1001,m3,SUPPORT,REFUTE,Memory Conflict
memos_medium:1001,m4,SUPPORT,REFUTE,Memory Conflict
memos_medium:1001,m6,SUPPORT,REFUTE,Memory Conflict
memos_medium:1001,m7,SUPPORT,REFUTE,Memory Conflict
memos_medium:1002,m2,SUPPORT,INSUFFICIENT,Memory Conflict
memos_medium:1003,m1,SUPPORT,SUPPORT,Generalization & Application
memos_medium:1003,m2,SUPPORT,SUPPORT,Generalization & Application
memos_medium:1003,m4,SUPPORT,SUPPORT,Generalization & Application
memos_medium:1004,m1,SUPPORT,INSUFFICIENT,Basic Fact Recall
memos_medium:1004,m2,SUPPORT,SUPPORT,Basic Fact Recall
memos_medium:1004,m5,SUPPORT,SUPPORT,Basic Fact Recall
memos_medium:1005,m1,SUPPORT,REFUTE,Memory Conflict
memos_medium:1005,m4,SUPPORT,REFUTE,Memory Conflict
memos_medium:1006,m1,SUPPORT,SUPPORT,Generalization & Application
memos_medium:1006,m2,SUPPORT,SUPPORT,Generalization & Application
memos_medium:1006,m3,SUPPORT,SUPPORT,Generalization & Application
memos_medium:1006,m5,SUPPORT,SUPPORT,Generalization & Application
memos_medium:1006,m7,SUPPORT,SUPPORT,Generalization & Application
memos_medium:1006,m8,SUPPORT,SUPPORT,Generalization & Application
memos_medium:1007,m1,SUPPORT,REFUTE,Memory Conflict
memos_medium:1007,m2,SUPPORT,INSUFFICIENT,Memory Conflict
memos_medium:1007,m4,SUPPORT,INSUFFICIENT,Memory Conflict
memos_medium:1007,m5,SUPPORT,INSUFFICIENT,Memory Conflict
memos_medium:1007,m10,SUPPORT,REFUTE,Memory Conflict
memos_medium:1010,m1,SUPPORT,SUPPORT,Generalization & Application
memos_medium:1010,m2,SUPPORT,SUPPORT,Generalization & Application
memos_medium:1010,m5,SUPPORT,INSUFFICIENT,Generalization & Application
memos_medium:1010,m6,SUPPORT,INSUFFICIENT,Generalization & Application
memos_medium:1015,m1,SUPPORT,INSUFFICIENT,Memory Conflict
memos_medium:1015,m3,SUPPORT,INSUFFICIENT,Memory Conflict
memos_medium:1015,m4,SUPPORT,INSUFFICIENT,Memory Conflict
memos_medium:1015,m5,SUPPORT,INSUFFICIENT,Memory Conflict
memos_medium:1018,m6,SUPPORT,REFUTE,Memory Conflict
memos_medium:1019,m7,SUPPORT,SUPPORT,Memory Conflict
memos_medium:1019,m8,SUPPORT,INSUFFICIENT,Memory Conflict
memos_medium:1019,m9,SUPPORT,SUPPORT,Memory Conflict
memos_medium:1019,m11,SUPPORT,SUPPORT,Memory Conflict
memos_medium:1024,m3,SUPPORT,SUPPORT,Generalization & Application
memos_medium:1024,m7,SUPPORT,SUPPORT,Generalization & Application
memos_medium:1024,m8,SUPPORT,SUPPORT,Generalization & Application
memos_medium:1024,m9,SUPPORT,SUPPORT,Generalization & Application
memos_medium:1024,m10,SUPPORT,SUPPORT,Generalization & Application
memos_medium:1024,m12,SUPPORT,SUPPORT,Generalization & Application
memos_medium:1026,m1,SUPPORT,REFUTE,Memory Conflict
memos_medium:1026,m2,SUPPORT,REFUTE,Memory Conflict
memos_medium:1026,m3,SUPPORT,REFUTE,Memory Conflict
memos_medium:1026,m5,SUPPORT,REFUTE,Memory Conflict
memos_medium:1026,m6,SUPPORT,REFUTE,Memory Conflict
memos_medium:1026,m7,SUPPORT,REFUTE,Memory Conflict
memos_medium:1026,m10,SUPPORT,INSUFFICIENT,Memory Conflict
memos_medium:1026,m11,SUPPORT,REFUTE,Memory Conflict
memos_medium:1026,m12,SUPPORT,REFUTE,Memory Conflict
memos_medium:1028,m1,SUPPORT,SUPPORT,Generalization & Application
memos_medium:1028,m4,SUPPORT,SUPPORT,Generalization & Application
memos_medium:1028,m6,SUPPORT,INSUFFICIENT,Generalization & Application
memos_medium:1032,m11,SUPPORT,REFUTE,Memory Conflict
memos_medium:1033,m1,SUPPORT,SUPPORT,Generalization & Application
memos_medium:1035,m1,SUPPORT,INSUFFICIENT,Memory Conflict
memos_medium:1035,m3,SUPPORT,REFUTE,Memory Conflict
memos_medium:1035,m12,SUPPORT,INSUFFICIENT,Memory Conflict
memos_medium:1036,m1,SUPPORT,SUPPORT,Generalization & Application
memos_medium:1036,m4,SUPPORT,SUPPORT,Generalization & Application
memos_medium:1036,m5,SUPPORT,SUPPORT,Generalization & Application
memos_medium:1037,m3,SUPPORT,SUPPORT,Generalization & Application
memos_medium:1037,m5,SUPPORT,SUPPORT,Generalization & Application
memos_medium:1037,m6,SUPPORT,SUPPORT,Generalization & Application
memos_medium:1037,m7,SUPPORT,SUPPORT,Generalization & Application
memos_medium:1039,m1,SUPPORT,REFUTE,Memory Conflict
memos_medium:1039,m3,SUPPORT,REFUTE,Memory Conflict
memos_medium:1039,m4,SUPPORT,REFUTE,Memory Conflict
memos_medium:1040,m1,SUPPORT,REFUTE,Memory Conflict
memos_medium:1041,m1,SUPPORT,INSUFFICIENT,Memory Conflict
memos_medium:1041,m2,SUPPORT,REFUTE,Memory Conflict
memos_medium:1042,m1,SUPPORT,SUPPORT,Basic Fact Recall
memos_medium:1045,m1,SUPPORT,SUPPORT,Memory Conflict
memos_medium:1046,m1,SUPPORT,REFUTE,Memory Conflict
memos_medium:1054,m1,SUPPORT,SUPPORT,Basic Fact Recall
memos_medium:1055,m5,SUPPORT,SUPPORT,Basic Fact Recall
memos_medium:1056,m1,SUPPORT,SUPPORT,Basic Fact Recall
memos_medium:1057,m2,SUPPORT,SUPPORT,Basic Fact Recall
memos_medium:1059,m1,SUPPORT,SUPPORT,Dynamic Update
memos_medium:1059,m2,SUPERSEDED,INSUFFICIENT,Dynamic Update
memos_medium:1059,m3,SUPERSEDED,INSUFFICIENT,Dynamic Update
memos_medium:1059,m4,SUPERSEDED,INSUFFICIENT,Dynamic Update
memos_medium:1059,m5,SUPERSEDED,INSUFFICIENT,Dynamic Update
memos_medium:1059,m6,SUPERSEDED,INSUFFICIENT,Dynamic Update
memos_medium:1059,m7,SUPERSEDED,INSUFFICIENT,Dynamic Update
memos_medium:1059,m8,SUPERSEDED,INSUFFICIENT,Dynamic Update
memos_medium:1059,m9,SUPERSEDED,INSUFFICIENT,Dynamic Update
memos_medium:1059,m10,SUPERSEDED,INSUFFICIENT,Dynamic Update
memos_medium:1059,m11,SUPERSEDED,INSUFFICIENT,Dynamic Update
memos_medium:1059,m12,SUPERSEDED,INSUFFICIENT,Dynamic Update
memos_medium:1060,m1,SUPERSEDED,INSUFFICIENT,Dynamic Update
memos_medium:1060,m2,SUPERSEDED,INSUFFICIENT,Dynamic Update
memos_medium:1060,m3,SUPERSEDED,INSUFFICIENT,Dynamic Update
memos_medium:1060,m4,SUPERSEDED,INSUFFICIENT,Dynamic Update
memos_medium:1060,m5,SUPPORT,SUPPORT,Dynamic Update
memos_medium:1060,m6,SUPERSEDED,INSUFFICIENT,Dynamic Update
memos_medium:1060,m7,SUPERSEDED,INSUFFICIENT,Dynamic Update
memos_medium:1060,m8,SUPERSEDED,INSUFFICIENT,Dynamic Update
memos_medium:1060,m9,SUPERSEDED,INSUFFICIENT,Dynamic Update
memos_medium:1061,m1,SUPPORT,SUPPORT,Dynamic Update
memos_medium:1061,m2,SUPERSEDED,INSUFFICIENT,Dynamic Update
memos_medium:1061,m3,SUPERSEDED,INSUFFICIENT,Dynamic Update
memos_medium:1061,m4,SUPPORT,SUPPORT,Dynamic Update
memos_medium:1061,m5,SUPERSEDED,INSUFFICIENT,Dynamic Update
memos_medium:1061,m6,SUPERSEDED,INSUFFICIENT,Dynamic Update
memos_medium:1061,m7,SUPERSEDED,INSUFFICIENT,Dynamic Update
memos_medium:1061,m8,SUPERSEDED,INSUFFICIENT,Dynamic Update
memos_medium:1061,m9,SUPERSEDED,INSUFFICIENT,Dynamic Update
memos_medium:1062,m1,SUPPORT,REFUTE,Memory Conflict
memos_medium:1062,m2,SUPPORT,REFUTE,Memory Conflict
memos_medium:1062,m8,SUPPORT,REFUTE,Memory Conflict
memos_medium:1064,m3,SUPPORT,SUPPORT,Generalization & Application
memos_medium:1065,m1,SUPPORT,SUPPORT,Basic Fact Recall
memos_medium:1065,m2,SUPPORT,SUPPORT,Basic Fact Recall
memos_medium:1066,m1,SUPPORT,SUPPORT,Generalization & Application
memos_medium:1066,m2,SUPPORT,SUPPORT,Generalization & Application
memos_medium:1066,m4,SUPPORT,SUPPORT,Generalization & Application
memos_medium:1066,m5,SUPPORT,SUPPORT,Generalization & Application
memos_medium:1066,m6,SUPPORT,SUPPORT,Generalization & Application
memos_medium:1072,m1,SUPPORT,REFUTE,Memory Conflict
memos_medium:1072,m2,SUPPORT,REFUTE,Memory Conflict
memos_medium:1072,m3,SUPPORT,REFUTE,Memory Conflict
memos_medium:1075,m1,SUPPORT,SUPPORT,Dynamic Update
memos_medium:1075,m2,SUPERSEDED,SUPERSEDED,Dynamic Update
memos_medium:1075,m3,SUPERSEDED,INSUFFICIENT,Dynamic Update
memos_medium:1075,m4,SUPERSEDED,INSUFFICIENT,Dynamic Update
memos_medium:1075,m5,SUPERSEDED,INSUFFICIENT,Dynamic Update
memos_medium:1075,m6,SUPERSEDED,INSUFFICIENT,Dynamic Update
memos_medium:1075,m7,SUPERSEDED,INSUFFICIENT,Dynamic Update
memos_medium:1075,m8,SUPERSEDED,INSUFFICIENT,Dynamic Update
memos_medium:1075,m9,SUPERSEDED,INSUFFICIENT,Dynamic Update
memos_medium:1075,m10,SUPERSEDED,INSUFFICIENT,Dynamic Update
memos_medium:1075,m11,SUPERSEDED,INSUFFICIENT,Dynamic Update
memos_medium:1075,m12,SUPERSEDED,INSUFFICIENT,Dynamic Update
memos_medium:1085,m5,SUPPORT,SUPPORT,Basic Fact Recall
memos_medium:1086,m1,SUPPORT,SUPPORT,Basic Fact Recall
memos_medium:1086,m4,SUPPORT,SUPPORT,Basic Fact Recall
memos_medium:1087,m1,SUPPORT,SUPPORT,Basic Fact Recall
memos_medium:1087,m4,SUPPORT,SUPPORT,Basic Fact Recall
memos_medium:1087,m12,SUPPORT,SUPPORT,Basic Fact Recall
memos_medium:1088,m2,SUPPORT,REFUTE,Memory Conflict
memos_medium:1088,m9,SUPPORT,REFUTE,Memory Conflict
memos_medium:1088,m11,SUPPORT,REFUTE,Memory Conflict
memos_medium:1089,m2,SUPPORT,SUPPORT,Generalization & Application
memos_medium:1089,m7,SUPPORT,SUPPORT,Generalization & Application
memos_medium:1089,m10,SUPPORT,SUPPORT,Generalization & Application
memos_medium:1093,m1,SUPPORT,INSUFFICIENT,Basic Fact Recall
memos_medium:1094,m1,SUPPORT,REFUTE,Memory Conflict
memos_medium:1094,m2,SUPPORT,REFUTE,Memory Conflict
memos_medium:1099,m1,SUPPORT,SUPPORT,Basic Fact Recall
memos_medium:1099,m6,SUPPORT,SUPPORT,Basic Fact Recall
memos_medium:1100,m2,SUPPORT,INSUFFICIENT,Basic Fact Recall
memos_medium:1103,m4,SUPPORT,INSUFFICIENT,Memory Conflict
memos_medium:1105,m5,SUPPORT,INSUFFICIENT,Memory Conflict
memos_medium:1106,m1,SUPPORT,SUPPORT,Memory Conflict
memos_medium:1106,m6,SUPPORT,SUPPORT,Memory Conflict
memos_medium:1107,m1,SUPPORT,SUPPORT,Basic Fact Recall
memos_medium:1109,m2,SUPPORT,SUPPORT,Generalization & Application
memos_medium:1109,m5,SUPPORT,SUPPORT,Generalization & Application
memos_medium:1109,m9,SUPPORT,SUPPORT,Generalization & Application
memos_medium:1110,m3,SUPPORT,SUPPORT,Generalization & Application
memos_medium:1111,m1,SUPPORT,SUPPORT,Generalization & Application
memos_medium:1111,m12,SUPPORT,SUPPORT,Generalization & Application
memos_medium:1112,m5,SUPPORT,INSUFFICIENT,Basic Fact Recall
memos_medium:1113,m1,SUPPORT,SUPPORT,Generalization & Application
memos_medium:1113,m5,SUPPORT,SUPPORT,Generalization & Application
memos_medium:1113,m7,SUPPORT,SUPPORT,Generalization & Application
memos_medium:1113,m8,SUPPORT,SUPPORT,Generalization & Application
memos_medium:1114,m1,SUPPORT,REFUTE,Memory Conflict
memos_medium:1114,m2,SUPPORT,REFUTE,Memory Conflict
memos_medium:1116,m2,SUPPORT,SUPPORT,Basic Fact Recall
memos_medium:1116,m3,SUPPORT,SUPPORT,Basic Fact Recall
memos_medium:1116,m9,SUPPORT,SUPPORT,Basic Fact Recall
memos_medium:1116,m10,SUPPORT,SUPERSEDED,Basic Fact Recall
memos_medium:1117,m9,SUPPORT,REFUTE,Memory Conflict
memos_medium:1119,m5,SUPPORT,SUPPORT,Generalization & Application
memos_medium:1119,m9,SUPPORT,SUPPORT,Generalization & Application
memos_medium:1119,m10,SUPPORT,SUPPORT,Generalization & Application
memos_medium:1119,m11,SUPPORT,SUPPORT,Generalization & Application
memos_medium:1119,m12,SUPPORT,SUPPORT,Generalization & Application
memos_medium:1124,m1,SUPPORT,INSUFFICIENT,Basic Fact Recall
memos_medium:1124,m2,SUPPORT,INSUFFICIENT,Basic Fact Recall
memos_medium:1130,m1,SUPERSEDED,INSUFFICIENT,Dynamic Update
memos_medium:1130,m2,SUPERSEDED,INSUFFICIENT,Dynamic Update
memos_medium:1130,m3,SUPERSEDED,INSUFFICIENT,Dynamic Update
memos_medium:1130,m4,SUPERSEDED,INSUFFICIENT,Dynamic Update
memos_medium:1130,m5,SUPERSEDED,INSUFFICIENT,Dynamic Update
memos_medium:1130,m6,SUPERSEDED,INSUFFICIENT,Dynamic Update
memos_medium:1130,m7,SUPERSEDED,INSUFFICIENT,Dynamic Update
memos_medium:1130,m8,SUPERSEDED,INSUFFICIENT,Dynamic Update
memos_medium:1130,m9,SUPERSEDED,INSUFFICIENT,Dynamic Update
memos_medium:1130,m10,SUPERSEDED,INSUFFICIENT,Dynamic Update
memos_medium:1130,m11,SUPERSEDED,INSUFFICIENT,Dynamic Update
memos_medium:1130,m12,SUPERSEDED,INSUFFICIENT,Dynamic Update
memos_medium:1134,m7,SUPPORT,SUPPORT,Generalization & Application
memos_medium:1134,m8,SUPPORT,SUPPORT,Generalization & Application
memos_medium:1135,m7,SUPPORT,REFUTE,Memory Conflict
memos_medium:1135,m8,SUPPORT,INSUFFICIENT,Memory Conflict
memos_medium:1135,m10,SUPPORT,INSUFFICIENT,Memory Conflict
memos_medium:1137,m2,SUPPORT,SUPPORT,Basic Fact Recall
memos_medium:1138,m1,SUPPORT,SUPPORT,Generalization & Application
memos_medium:1138,m3,SUPPORT,SUPPORT,Generalization & Application
memos_medium:1138,m5,SUPPORT,SUPPORT,Generalization & Application
memos_medium:1138,m6,SUPPORT,SUPPORT,Generalization & Application
memos_medium:1138,m7,SUPPORT,SUPPORT,Generalization & Application
memos_medium:1138,m9,SUPPORT,SUPPORT,Generalization & Application
memos_medium:1138,m10,SUPPORT,SUPPORT,Generalization & Application
memos_medium:1138,m11,SUPPORT,SUPPORT,Generalization & Application
memos_medium:1138,m12,SUPPORT,SUPPORT,Generalization & Application
memos_medium:1140,m1,SUPPORT,SUPPORT,Generalization & Application
memos_medium:1140,m3,SUPPORT,INSUFFICIENT,Generalization & Application
memos_medium:1142,m1,SUPPORT,REFUTE,Memory Conflict
memos_medium:1145,m1,SUPPORT,SUPPORT,Multi-hop Inference
memos_medium:1147,m1,SUPPORT,SUPPORT,Dynamic Update
memos_medium:1147,m2,SUPERSEDED,INSUFFICIENT,Dynamic Update
memos_medium:1147,m3,SUPERSEDED,SUPERSEDED,Dynamic Update
memos_medium:1147,m4,SUPERSEDED,INSUFFICIENT,Dynamic Update
memos_medium:1147,m5,SUPERSEDED,INSUFFICIENT,Dynamic Update
memos_medium:1147,m6,SUPERSEDED,INSUFFICIENT,Dynamic Update
memos_medium:1147,m7,SUPERSEDED,INSUFFICIENT,Dynamic Update
memos_medium:1147,m8,SUPERSEDED,INSUFFICIENT,Dynamic Update
memos_medium:1147,m9,SUPERSEDED,INSUFFICIENT,Dynamic Update
memos_medium:1147,m10,SUPERSEDED,INSUFFICIENT,Dynamic Update
memos_medium:1147,m11,SUPERSEDED,INSUFFICIENT,Dynamic Update
memos_medium:1147,m12,SUPERSEDED,INSUFFICIENT,Dynamic Update
memos_medium:1148,m1,SUPPORT,SUPPORT,Generalization & Application
memos_medium:1148,m5,SUPPORT,SUPPORT,Generalization & Application
memos_medium:1148,m11,SUPPORT,INSUFFICIENT,Generalization & Application
memos_medium:1148,m12,SUPPORT,INSUFFICIENT,Generalization & Application
memos_medium:1150,m1,SUPPORT,INSUFFICIENT,Basic Fact Recall
memos_medium:1150,m2,SUPPORT,INSUFFICIENT,Basic Fact Recall
memos_medium:1150,m8,SUPPORT,INSUFFICIENT,Basic Fact Recall
memos_medium:1150,m10,SUPPORT,INSUFFICIENT,Basic Fact Recall
memos_medium:1151,m3,SUPPORT,SUPPORT,Generalization & Application
memos_medium:1151,m4,SUPPORT,SUPPORT,Generalization & Application
memos_medium:1151,m7,SUPPORT,SUPPORT,Generalization & Application
memos_medium:1151,m9,SUPPORT,SUPPORT,Generalization & Application
memos_medium:1152,m3,SUPPORT,SUPPORT,Generalization & Application
memos_medium:1152,m9,SUPPORT,SUPPORT,Generalization & Application
memos_medium:1152,m11,SUPPORT,SUPPORT,Generalization & Application
memos_medium:1157,m1,SUPPORT,REFUTE,Memory Conflict
memos_medium:1157,m7,SUPPORT,REFUTE,Memory Conflict
memos_medium:1157,m11,SUPPORT,REFUTE,Memory Conflict
memos_medium:1158,m1,SUPPORT,SUPPORT,Basic Fact Recall
memos_medium:1158,m2,SUPPORT,SUPPORT,Basic Fact Recall
memos_medium:1158,m3,SUPPORT,INSUFFICIENT,Basic Fact Recall
memos_medium:1160,m3,SUPPORT,REFUTE,Memory Conflict
memos_medium:1161,m1,SUPPORT,REFUTE,Memory Conflict
memos_medium:1161,m3,SUPPORT,REFUTE,Memory Conflict
memos_medium:1161,m5,SUPPORT,REFUTE,Memory Conflict
memos_medium:1162,m1,SUPPORT,SUPPORT,Generalization & Application
memos_medium:1162,m4,SUPPORT,SUPPORT,Generalization & Application
memos_medium:1162,m9,SUPPORT,SUPPORT,Generalization & Application
memos_medium:1162,m11,SUPPORT,SUPPORT,Generalization & Application
memos_medium:1171,m1,SUPPORT,SUPPORT,Generalization & Application
memos_medium:1171,m2,SUPPORT,SUPPORT,Generalization & Application
memos_medium:1173,m2,SUPPORT,SUPPORT,Generalization & Application
memos_medium:1173,m6,SUPPORT,SUPPORT,Generalization & Application
memos_medium:1174,m1,SUPPORT,SUPPORT,Generalization & Application
memos_medium:1174,m3,SUPPORT,SUPPORT,Generalization & Application
memos_medium:1175,m1,SUPPORT,SUPPORT,Generalization & Application
memos_medium:1175,m2,SUPPORT,SUPPORT,Generalization & Application
memos_medium:1177,m2,SUPPORT,SUPPORT,Generalization & Application
memos_medium:1177,m3,SUPPORT,SUPPORT,Generalization & Application
memos_medium:1177,m7,SUPPORT,SUPPORT,Generalization & Application
memos_medium:1177,m8,SUPPORT,SUPPORT,Generalization & Application
memos_medium:1178,m3,SUPPORT,INSUFFICIENT,Basic Fact Recall
memos_medium:1178,m4,SUPPORT,INSUFFICIENT,Basic Fact Recall
memos_medium:1178,m5,SUPPORT,INSUFFICIENT,Basic Fact Recall
memos_medium:1179,m3,SUPPORT,SUPPORT,Basic Fact Recall
memos_medium:1184,m1,SUPPORT,REFUTE,Memory Conflict
memos_medium:1184,m2,SUPPORT,REFUTE,Memory Conflict
memos_medium:1184,m3,SUPPORT,REFUTE,Memory Conflict
memos_medium:1185,m1,SUPPORT,REFUTE,Memory Conflict
memos_medium:1185,m5,SUPPORT,REFUTE,Memory Conflict
memos_medium:1185,m7,SUPPORT,REFUTE,Memory Conflict
memos_medium:1186,m3,SUPPORT,SUPPORT,Generalization & Application
memos_medium:1186,m4,SUPPORT,SUPPORT,Generalization & Application
memos_medium:1186,m5,SUPPORT,SUPPORT,Generalization & Application
memos_medium:1186,m10,SUPPORT,SUPPORT,Generalization & Application
memos_medium:1186,m11,SUPPORT,SUPPORT,Generalization & Application
memos_medium:1191,m1,SUPERSEDED,INSUFFICIENT,Dynamic Update
memos_medium:1191,m2,SUPERSEDED,INSUFFICIENT,Dynamic Update
memos_medium:1191,m3,SUPERSEDED,INSUFFICIENT,Dynamic Update
memos_medium:1191,m4,SUPERSEDED,SUPPORT,Dynamic Update
memos_medium:1191,m5,SUPERSEDED,INSUFFICIENT,Dynamic Update
memos_medium:1191,m6,SUPERSEDED,INSUFFICIENT,Dynamic Update
memos_medium:1191,m7,SUPERSEDED,INSUFFICIENT,Dynamic Update
memos_medium:1191,m8,SUPERSEDED,INSUFFICIENT,Dynamic Update
memos_medium:1192,m1,SUPERSEDED,INSUFFICIENT,Dynamic Update
memos_medium:1192,m2,SUPERSEDED,SUPERSEDED,Dynamic Update
memos_medium:1192,m3,SUPERSEDED,SUPERSEDED,Dynamic Update
memos_medium:1192,m4,SUPPORT,CURRENT,Dynamic Update
memos_medium:1192,m5,SUPPORT,CURRENT,Dynamic Update
memos_medium:1192,m6,SUPERSEDED,INSUFFICIENT,Dynamic Update
memos_medium:1192,m7,SUPERSEDED,INSUFFICIENT,Dynamic Update
memos_medium:1192,m8,SUPERSEDED,INSUFFICIENT,Dynamic Update
memos_medium:1192,m9,SUPERSEDED,INSUFFICIENT,Dynamic Update
memos_medium:1192,m10,SUPERSEDED,INSUFFICIENT,Dynamic Update
memos_medium:1192,m11,SUPERSEDED,INSUFFICIENT,Dynamic Update
memos_medium:1192,m12,SUPERSEDED,INSUFFICIENT,Dynamic Update
memos_medium:1193,m3,SUPPORT,SUPPORT,Basic Fact Recall
memos_medium:1193,m9,SUPPORT,SUPPORT,Basic Fact Recall
memos_medium:1193,m11,SUPPORT,SUPPORT,Basic Fact Recall
memos_medium:1194,m1,SUPPORT,SUPPORT,Generalization & Application
memos_medium:1194,m2,SUPPORT,SUPPORT,Generalization & Application
memos_medium:1194,m4,SUPPORT,SUPPORT,Generalization & Application
memos_medium:1194,m7,SUPPORT,SUPPORT,Generalization & Application
memos_medium:1194,m9,SUPPORT,SUPPORT,Generalization & Application
memos_medium:1195,m4,SUPPORT,REFUTE,Memory Conflict
memos_medium:1195,m9,SUPPORT,REFUTE,Memory Conflict
memos_medium:1197,m1,SUPPORT,SUPPORT,Generalization & Application
memos_medium:1197,m2,SUPPORT,SUPPORT,Generalization & Application
memos_medium:1197,m8,SUPPORT,SUPPORT,Generalization & Application
memos_medium:1197,m11,SUPPORT,INSUFFICIENT,Generalization & Application
memos_medium:1198,m1,SUPPORT,REFUTE,Memory Conflict
memos_medium:1198,m2,SUPPORT,REFUTE,Memory Conflict
memos_medium:1198,m3,SUPPORT,REFUTE,Memory Conflict
memos_medium:1198,m9,SUPPORT,REFUTE,Memory Conflict
memos_medium:1199,m1,SUPPORT,SUPPORT,Basic Fact Recall
memos_medium:1199,m2,SUPPORT,SUPPORT,Basic Fact Recall
memos_medium:1199,m9,SUPPORT,SUPPORT,Basic Fact Recall
memos_medium:1202,m1,SUPPORT,INSUFFICIENT,Generalization & Application
memos_medium:1202,m2,SUPPORT,INSUFFICIENT,Generalization & Application
memos_medium:1202,m5,SUPPORT,SUPPORT,Generalization & Application
memos_medium:1202,m9,SUPPORT,SUPPORT,Generalization & Application
memos_medium:1203,m1,SUPPORT,SUPPORT,Basic Fact Recall
memos_medium:1203,m10,SUPPORT,SUPPORT,Basic Fact Recall
memos_medium:1206,m1,SUPPORT,SUPPORT,Generalization & Application
memos_medium:1206,m4,SUPPORT,SUPPORT,Generalization & Application
memos_medium:1207,m5,SUPPORT,SUPPORT,Basic Fact Recall
memos_medium:1214,m1,SUPPORT,SUPPORT,Multi-hop Inference
memos_medium:1214,m6,SUPPORT,INSUFFICIENT,Multi-hop Inference
memos_medium:1216,m1,SUPPORT,SUPPORT,Generalization & Application
memos_medium:1216,m7,SUPPORT,SUPPORT,Generalization & Application
memos_medium:1216,m9,SUPPORT,SUPPORT,Generalization & Application
memos_medium:1218,m1,SUPPORT,REFUTE,Memory Conflict
memos_medium:1218,m8,SUPPORT,SUPPORT,Memory Conflict
memos_medium:1218,m9,SUPPORT,INSUFFICIENT,Memory Conflict
memos_medium:1218,m10,SUPPORT,SUPPORT,Memory Conflict
memos_medium:1218,m11,SUPPORT,SUPPORT,Memory Conflict
memos_medium:1221,m3,SUPPORT,REFUTE,Memory Conflict
memos_medium:1222,m1,SUPPORT,REFUTE,Memory Conflict
memos_medium:1222,m2,SUPPORT,REFUTE,Memory Conflict
memos_medium:1222,m3,SUPPORT,REFUTE,Memory Conflict
memos_medium:1222,m9,SUPPORT,REFUTE,Memory Conflict
memos_medium:1222,m10,SUPPORT,REFUTE,Memory Conflict
memos_medium:1223,m9,SUPPORT,SUPPORT,Generalization & Application
memos_medium:1225,m1,SUPPORT,SUPPORT,Generalization & Application
memos_medium:1227,m1,SUPPORT,REFUTE,Memory Conflict
memos_medium:1227,m4,SUPPORT,REFUTE,Memory Conflict
memos_medium:1227,m7,SUPPORT,REFUTE,Memory Conflict
memos_medium:1232,m1,SUPPORT,SUPPORT,Generalization & Application
memos_medium:1234,m2,SUPPORT,REFUTE,Memory Conflict
memos_medium:1234,m3,SUPPORT,REFUTE,Memory Conflict
memos_medium:1234,m7,SUPPORT,REFUTE,Memory Conflict
memos_medium:1234,m10,SUPPORT,REFUTE,Memory Conflict
memos_medium:1237,m1,SUPPORT,INSUFFICIENT,Memory Conflict
memos_medium:1237,m2,SUPPORT,INSUFFICIENT,Memory Conflict
memos_medium:1237,m3,SUPPORT,INSUFFICIENT,Memory Conflict
memos_medium:1237,m4,SUPPORT,INSUFFICIENT,Memory Conflict
memos_medium:1237,m5,SUPPORT,REFUTE,Memory Conflict
memos_medium:1238,m1,SUPPORT,SUPPORT,Generalization & Application
memos_medium:1239,m6,SUPPORT,SUPPORT,Basic Fact Recall
memos_medium:1244,m3,SUPPORT,SUPPORT,Basic Fact Recall
memos_medium:1245,m4,SUPPORT,SUPPORT,Basic Fact Recall
memos_medium:1245,m10,SUPPORT,SUPPORT,Basic Fact Recall
memos_medium:1246,m1,SUPERSEDED,INSUFFICIENT,Dynamic Update
memos_medium:1246,m2,SUPERSEDED,INSUFFICIENT,Dynamic Update
memos_medium:1246,m3,SUPERSEDED,INSUFFICIENT,Dynamic Update
memos_medium:1246,m4,SUPERSEDED,INSUFFICIENT,Dynamic Update
memos_medium:1246,m5,SUPPORT,SUPPORT,Dynamic Update
memos_medium:1246,m6,SUPERSEDED,INSUFFICIENT,Dynamic Update
memos_medium:1246,m7,SUPERSEDED,INSUFFICIENT,Dynamic Update
memos_medium:1246,m8,SUPERSEDED,INSUFFICIENT,Dynamic Update
memos_medium:1249,m1,SUPERSEDED,INSUFFICIENT,Dynamic Update
memos_medium:1249,m2,SUPPORT,SUPPORT,Dynamic Update
memos_medium:1249,m3,SUPERSEDED,INSUFFICIENT,Dynamic Update
memos_medium:1249,m4,SUPERSEDED,INSUFFICIENT,Dynamic Update
memos_medium:1249,m5,SUPERSEDED,SUPPORT,Dynamic Update
memos_medium:1249,m6,SUPERSEDED,INSUFFICIENT,Dynamic Update
memos_medium:1249,m7,SUPERSEDED,INSUFFICIENT,Dynamic Update
memos_medium:1249,m8,SUPERSEDED,INSUFFICIENT,Dynamic Update
memos_medium:1249,m9,SUPPORT,SUPPORT,Dynamic Update
memos_medium:1249,m10,SUPERSEDED,INSUFFICIENT,Dynamic Update
memos_medium:1249,m11,SUPERSEDED,INSUFFICIENT,Dynamic Update
memos_medium:1249,m12,SUPERSEDED,INSUFFICIENT,Dynamic Update
memos_medium:1250,m1,SUPPORT,INSUFFICIENT,Dynamic Update
memos_medium:1250,m2,SUPERSEDED,INSUFFICIENT,Dynamic Update
memos_medium:1250,m3,SUPERSEDED,INSUFFICIENT,Dynamic Update
memos_medium:1250,m4,SUPERSEDED,INSUFFICIENT,Dynamic Update
memos_medium:1250,m5,SUPERSEDED,INSUFFICIENT,Dynamic Update
memos_medium:1250,m6,SUPERSEDED,INSUFFICIENT,Dynamic Update
memos_medium:1250,m7,SUPERSEDED,INSUFFICIENT,Dynamic Update
memos_medium:1250,m8,SUPPORT,INSUFFICIENT,Dynamic Update
memos_medium:1250,m9,SUPERSEDED,INSUFFICIENT,Dynamic Update
memos_medium:1250,m10,SUPERSEDED,INSUFFICIENT,Dynamic Update
memos_medium:1251,m1,SUPPORT,REFUTE,Memory Conflict
memos_medium:1252,m1,SUPPORT,SUPPORT,Basic Fact Recall
memos_medium:1258,m4,SUPPORT,REFUTE,Memory Conflict
memos_medium:1259,m1,SUPPORT,SUPPORT,Basic Fact Recall
memos_medium:1259,m9,SUPPORT,SUPPORT,Basic Fact Recall
memos_medium:1261,m2,SUPPORT,SUPPORT,Generalization & Application
memos_medium:1261,m4,SUPPORT,SUPPORT,Generalization & Application
memos_medium:1261,m6,SUPPORT,SUPPORT,Generalization & Application
memos_medium:1261,m8,SUPPORT,SUPPORT,Generalization & Application
memos_medium:1261,m11,SUPPORT,SUPPORT,Generalization & Application
memos_medium:1263,m1,SUPPORT,INSUFFICIENT,Memory Conflict
memos_medium:1263,m4,SUPPORT,INSUFFICIENT,Memory Conflict
memos_medium:1264,m1,SUPPORT,SUPPORT,Basic Fact Recall
memos_medium:1265,m1,SUPPORT,SUPPORT,Generalization & Application
memos_medium:1265,m7,SUPPORT,SUPPORT,Generalization & Application
memos_medium:1269,m1,SUPERSEDED,INSUFFICIENT,Dynamic Update
memos_medium:1269,m2,SUPERSEDED,INSUFFICIENT,Dynamic Update
memos_medium:1269,m3,SUPERSEDED,INSUFFICIENT,Dynamic Update
memos_medium:1269,m4,SUPERSEDED,INSUFFICIENT,Dynamic Update
memos_medium:1269,m5,SUPERSEDED,INSUFFICIENT,Dynamic Update
memos_medium:1269,m6,SUPPORT,INSUFFICIENT,Dynamic Update
memos_medium:1269,m7,SUPERSEDED,INSUFFICIENT,Dynamic Update
memos_medium:1269,m8,SUPERSEDED,INSUFFICIENT,Dynamic Update
memos_medium:1269,m9,SUPERSEDED,INSUFFICIENT,Dynamic Update
memos_medium:1269,m10,SUPERSEDED,INSUFFICIENT,Dynamic Update
memos_medium:1269,m11,SUPERSEDED,INSUFFICIENT,Dynamic Update
memos_medium:1270,m1,SUPERSEDED,SUPPORT,Dynamic Update
memos_medium:1270,m2,SUPPORT,SUPPORT,Dynamic Update
memos_medium:1270,m3,SUPERSEDED,INSUFFICIENT,Dynamic Update
memos_medium:1270,m4,SUPERSEDED,SUPPORT,Dynamic Update
memos_medium:1270,m5,SUPERSEDED,INSUFFICIENT,Dynamic Update
memos_medium:1270,m6,SUPERSEDED,INSUFFICIENT,Dynamic Update
memos_medium:1270,m7,SUPERSEDED,INSUFFICIENT,Dynamic Update
memos_medium:1270,m8,SUPERSEDED,INSUFFICIENT,Dynamic Update
memos_medium:1270,m9,SUPERSEDED,INSUFFICIENT,Dynamic Update
memos_medium:1270,m10,SUPERSEDED,INSUFFICIENT,Dynamic Update
memos_medium:1270,m11,SUPERSEDED,INSUFFICIENT,Dynamic Update
memos_medium:1271,m1,SUPERSEDED,INSUFFICIENT,Dynamic Update
memos_medium:1271,m2,SUPERSEDED,SUPPORT,Dynamic Update
memos_medium:1271,m3,SUPERSEDED,SUPPORT,Dynamic Update
memos_medium:1271,m4,SUPERSEDED,INSUFFICIENT,Dynamic Update
memos_medium:1271,m5,SUPERSEDED,INSUFFICIENT,Dynamic Update
memos_medium:1271,m6,SUPERSEDED,SUPPORT,Dynamic Update
memos_medium:1271,m7,SUPERSEDED,INSUFFICIENT,Dynamic Update
memos_medium:1271,m8,SUPERSEDED,INSUFFICIENT,Dynamic Update
memos_medium:1271,m9,SUPERSEDED,INSUFFICIENT,Dynamic Update
memos_medium:1271,m10,SUPERSEDED,INSUFFICIENT,Dynamic Update
memos_medium:1271,m11,SUPERSEDED,INSUFFICIENT,Dynamic Update
memos_medium:1272,m1,SUPPORT,SUPPORT,Dynamic Update
memos_medium:1272,m2,SUPERSEDED,SUPERSEDED,Dynamic Update
memos_medium:1272,m3,SUPERSEDED,SUPERSEDED,Dynamic Update
memos_medium:1272,m4,SUPERSEDED,SUPERSEDED,Dynamic Update
memos_medium:1272,m5,SUPERSEDED,SUPERSEDED,Dynamic Update
memos_medium:1272,m6,SUPERSEDED,SUPPORT,Dynamic Update
memos_medium:1272,m7,SUPERSEDED,INSUFFICIENT,Dynamic Update
memos_medium:1272,m8,SUPERSEDED,SUPPORT,Dynamic Update
memos_medium:1272,m9,SUPERSEDED,INSUFFICIENT,Dynamic Update
memos_medium:1272,m10,SUPERSEDED,SUPPORT,Dynamic Update
memos_medium:1272,m11,SUPERSEDED,INSUFFICIENT,Dynamic Update
memos_medium:1273,m1,SUPPORT,SUPPORT,Dynamic Update
memos_medium:1273,m2,SUPERSEDED,SUPPORT,Dynamic Update
memos_medium:1273,m3,SUPERSEDED,SUPERSEDED,Dynamic Update
memos_medium:1273,m4,SUPERSEDED,SUPERSEDED,Dynamic Update
memos_medium:1273,m5,SUPERSEDED,SUPERSEDED,Dynamic Update
memos_medium:1273,m6,SUPERSEDED,INSUFFICIENT,Dynamic Update
memos_medium:1273,m7,SUPERSEDED,INSUFFICIENT,Dynamic Update
memos_medium:1273,m8,SUPERSEDED,INSUFFICIENT,Dynamic Update
memos_medium:1273,m9,SUPERSEDED,INSUFFICIENT,Dynamic Update
memos_medium:1273,m10,SUPERSEDED,INSUFFICIENT,Dynamic Update
memos_medium:1273,m11,SUPERSEDED,INSUFFICIENT,Dynamic Update
memos_medium:1274,m1,SUPPORT,SUPPORT,Dynamic Update
memos_medium:1274,m2,SUPERSEDED,SUPPORT,Dynamic Update
memos_medium:1274,m3,SUPERSEDED,INSUFFICIENT,Dynamic Update
memos_medium:1274,m4,SUPERSEDED,INSUFFICIENT,Dynamic Update
memos_medium:1274,m5,SUPERSEDED,INSUFFICIENT,Dynamic Update
memos_medium:1274,m6,SUPERSEDED,INSUFFICIENT,Dynamic Update
memos_medium:1274,m7,SUPERSEDED,INSUFFICIENT,Dynamic Update
memos_medium:1274,m8,SUPERSEDED,INSUFFICIENT,Dynamic Update
memos_medium:1274,m9,SUPPORT,SUPPORT,Dynamic Update
memos_medium:1274,m10,SUPERSEDED,INSUFFICIENT,Dynamic Update
memos_medium:1274,m11,SUPERSEDED,INSUFFICIENT,Dynamic Update
memos_medium:1276,m1,SUPPORT,SUPPORT,Dynamic Update
memos_medium:1276,m2,SUPERSEDED,INSUFFICIENT,Dynamic Update
memos_medium:1276,m3,SUPERSEDED,INSUFFICIENT,Dynamic Update
memos_medium:1276,m4,SUPERSEDED,INSUFFICIENT,Dynamic Update
memos_medium:1276,m5,SUPERSEDED,INSUFFICIENT,Dynamic Update
memos_medium:1276,m6,SUPERSEDED,INSUFFICIENT,Dynamic Update
memos_medium:1276,m7,SUPERSEDED,INSUFFICIENT,Dynamic Update
memos_medium:1276,m8,SUPERSEDED,INSUFFICIENT,Dynamic Update
memos_medium:1276,m9,SUPERSEDED,INSUFFICIENT,Dynamic Update
memos_medium:1276,m10,SUPERSEDED,INSUFFICIENT,Dynamic Update
memos_medium:1276,m11,SUPERSEDED,INSUFFICIENT,Dynamic Update
memos_medium:1277,m1,SUPPORT,SUPPORT,Dynamic Update
memos_medium:1277,m2,SUPPORT,SUPPORT,Dynamic Update
memos_medium:1277,m3,SUPERSEDED,SUPPORT,Dynamic Update
memos_medium:1277,m4,SUPERSEDED,INSUFFICIENT,Dynamic Update
memos_medium:1277,m5,SUPPORT,SUPPORT,Dynamic Update
memos_medium:1277,m6,SUPERSEDED,INSUFFICIENT,Dynamic Update
memos_medium:1277,m7,SUPERSEDED,INSUFFICIENT,Dynamic Update
memos_medium:1277,m8,SUPERSEDED,INSUFFICIENT,Dynamic Update
memos_medium:1277,m9,SUPERSEDED,INSUFFICIENT,Dynamic Update
memos_medium:1277,m10,SUPERSEDED,INSUFFICIENT,Dynamic Update
memos_medium:1277,m11,SUPERSEDED,INSUFFICIENT,Dynamic Update
memos_medium:1278,m1,SUPERSEDED,INSUFFICIENT,Dynamic Update
memos_medium:1278,m2,SUPERSEDED,INSUFFICIENT,Dynamic Update
memos_medium:1278,m3,SUPPORT,SUPPORT,Dynamic Update
memos_medium:1278,m4,SUPERSEDED,INSUFFICIENT,Dynamic Update
memos_medium:1278,m5,SUPERSEDED,INSUFFICIENT,Dynamic Update
memos_medium:1278,m6,SUPERSEDED,INSUFFICIENT,Dynamic Update
memos_medium:1278,m7,SUPERSEDED,INSUFFICIENT,Dynamic Update
memos_medium:1278,m8,SUPERSEDED,INSUFFICIENT,Dynamic Update
memos_medium:1278,m9,SUPERSEDED,INSUFFICIENT,Dynamic Update
memos_medium:1278,m10,SUPERSEDED,INSUFFICIENT,Dynamic Update
memos_medium:1278,m11,SUPERSEDED,INSUFFICIENT,Dynamic Update
memos_medium:1279,m1,SUPPORT,SUPPORT,Memory Conflict
memos_medium:1280,m1,SUPPORT,REFUTE,Memory Conflict
memos_medium:1281,m1,SUPPORT,INSUFFICIENT,Memory Conflict
memos_medium:1282,m1,SUPPORT,REFUTE,Memory Conflict
memos_medium:1282,m2,SUPPORT,REFUTE,Memory Conflict
memos_medium:1282,m3,SUPPORT,REFUTE,Memory Conflict
memos_medium:1282,m4,SUPPORT,REFUTE,Memory Conflict
memos_medium:1282,m6,SUPPORT,REFUTE,Memory Conflict
memos_medium:1282,m8,SUPPORT,REFUTE,Memory Conflict
memos_medium:1282,m10,SUPPORT,REFUTE,Memory Conflict
memos_medium:1283,m1,SUPPORT,SUPPORT,Memory Conflict
memos_medium:1284,m4,SUPPORT,REFUTE,Memory Conflict
memos_medium:1286,m6,SUPPORT,INSUFFICIENT,Generalization & Application
memos_medium:1286,m8,SUPPORT,INSUFFICIENT,Generalization & Application
memos_medium:1286,m9,SUPPORT,INSUFFICIENT,Generalization & Application
memos_medium:1286,m11,SUPPORT,INSUFFICIENT,Generalization & Application
memos_medium:1287,m1,SUPPORT,REFUTE,Memory Conflict
memos_medium:1287,m2,SUPPORT,REFUTE,Memory Conflict
memos_medium:1287,m4,SUPPORT,REFUTE,Memory Conflict
memos_medium:1288,m1,SUPPORT,SUPPORT,Generalization & Application
memos_medium:1289,m7,SUPPORT,SUPPORT,Generalization & Application
memos_medium:1289,m9,SUPPORT,INSUFFICIENT,Generalization & Application
memos_medium:1290,m1,SUPPORT,REFUTE,Memory Conflict
memos_medium:1290,m7,SUPPORT,REFUTE,Memory Conflict
memos_medium:1292,m3,SUPPORT,SUPPORT,Generalization & Application
memos_medium:1292,m11,SUPPORT,SUPPORT,Generalization & Application
memos_medium:1296,m1,SUPPORT,REFUTE,Memory Conflict
memos_medium:1296,m2,SUPPORT,REFUTE,Memory Conflict
memos_medium:1296,m4,SUPPORT,REFUTE,Memory Conflict
memos_medium:1297,m2,SUPPORT,INSUFFICIENT,Memory Conflict
memos_medium:1297,m3,SUPPORT,INSUFFICIENT,Memory Conflict
memos_medium:1297,m11,SUPPORT,INSUFFICIENT,Memory Conflict
memos_medium:1298,m1,SUPPORT,INSUFFICIENT,Memory Conflict
memos_medium:1298,m2,SUPPORT,INSUFFICIENT,Memory Conflict
memos_medium:1304,m6,SUPPORT,SUPPORT,Generalization & Application
memos_medium:1306,m1,SUPPORT,SUPPORT,Generalization & Application
memos_medium:1306,m2,SUPPORT,SUPPORT,Generalization & Application
memos_medium:1306,m3,SUPPORT,SUPPORT,Generalization & Application
memos_medium:1306,m4,SUPPORT,SUPPORT,Generalization & Application
memos_medium:1306,m5,SUPPORT,SUPPORT,Generalization & Application
memos_medium:1307,m6,SUPPORT,SUPPORT,Basic Fact Recall
memos_medium:1309,m1,SUPPORT,SUPPORT,Basic Fact Recall
memos_medium:1309,m10,SUPPORT,SUPPORT,Basic Fact Recall
memos_medium:1310,m2,SUPPORT,REFUTE,Memory Conflict
memos_medium:1310,m5,SUPPORT,REFUTE,Memory Conflict
memos_medium:1310,m7,SUPPORT,REFUTE,Memory Conflict
memos_medium:1311,m1,SUPPORT,REFUTE,Memory Conflict
memos_medium:1311,m2,SUPPORT,REFUTE,Memory Conflict
memos_medium:1311,m4,SUPPORT,REFUTE,Memory Conflict
memos_medium:1311,m8,SUPPORT,REFUTE,Memory Conflict
memos_medium:1311,m9,SUPPORT,REFUTE,Memory Conflict
memos_medium:1311,m11,SUPPORT,REFUTE,Memory Conflict
memos_medium:1314,m4,SUPPORT,REFUTE,Memory Conflict
memos_medium:1315,m4,SUPPORT,INSUFFICIENT,Basic Fact Recall
memos_medium:1316,m6,SUPPORT,SUPPORT,Basic Fact Recall
memos_medium:1318,m1,SUPPORT,REFUTE,Memory Conflict
memos_medium:1318,m7,SUPPORT,INSUFFICIENT,Memory Conflict
memos_medium:1319,m1,SUPPORT,SUPPORT,Generalization & Application
memos_medium:1319,m4,SUPPORT,INSUFFICIENT,Generalization & Application
memos_medium:1323,m1,SUPPORT,SUPPORT,Multi-hop Inference
memos_medium:1323,m2,SUPPORT,INSUFFICIENT,Multi-hop Inference
memos_medium:1324,m1,SUPPORT,SUPPORT,Multi-hop Inference
memos_medium:1325,m7,SUPPORT,SUPPORT,Multi-hop Inference
memos_medium:1325,m11,SUPPORT,SUPPORT,Multi-hop Inference
memos_medium:1326,m1,SUPERSEDED,SUPERSEDED,Dynamic Update
memos_medium:1326,m2,SUPERSEDED,CURRENT,Dynamic Update
memos_medium:1326,m3,SUPPORT,SUPPORT,Dynamic Update
memos_medium:1326,m4,SUPERSEDED,SUPERSEDED,Dynamic Update
memos_medium:1326,m5,SUPERSEDED,INSUFFICIENT,Dynamic Update
memos_medium:1326,m6,SUPERSEDED,INSUFFICIENT,Dynamic Update
memos_medium:1326,m7,SUPERSEDED,INSUFFICIENT,Dynamic Update
memos_medium:1326,m8,SUPERSEDED,INSUFFICIENT,Dynamic Update
memos_medium:1326,m9,SUPERSEDED,INSUFFICIENT,Dynamic Update
memos_medium:1326,m10,SUPERSEDED,INSUFFICIENT,Dynamic Update
memos_medium:1326,m11,SUPERSEDED,INSUFFICIENT,Dynamic Update
memos_medium:1327,m1,SUPERSEDED,INSUFFICIENT,Dynamic Update
memos_medium:1327,m2,SUPERSEDED,INSUFFICIENT,Dynamic Update
memos_medium:1327,m3,SUPPORT,SUPPORT,Dynamic Update
memos_medium:1327,m4,SUPERSEDED,INSUFFICIENT,Dynamic Update
memos_medium:1327,m5,SUPERSEDED,SUPPORT,Dynamic Update
memos_medium:1327,m6,SUPERSEDED,INSUFFICIENT,Dynamic Update
memos_medium:1327,m7,SUPERSEDED,INSUFFICIENT,Dynamic Update
memos_medium:1327,m8,SUPERSEDED,INSUFFICIENT,Dynamic Update
memos_medium:1327,m9,SUPERSEDED,INSUFFICIENT,Dynamic Update
memos_medium:1327,m10,SUPERSEDED,INSUFFICIENT,Dynamic Update
memos_medium:1327,m11,SUPERSEDED,INSUFFICIENT,Dynamic Update
memos_medium:1328,m1,SUPERSEDED,INSUFFICIENT,Dynamic Update
memos_medium:1328,m2,SUPERSEDED,INSUFFICIENT,Dynamic Update
memos_medium:1328,m3,SUPERSEDED,INSUFFICIENT,Dynamic Update
memos_medium:1328,m4,SUPERSEDED,INSUFFICIENT,Dynamic Update
memos_medium:1328,m5,SUPERSEDED,SUPPORT,Dynamic Update
memos_medium:1328,m6,SUPERSEDED,INSUFFICIENT,Dynamic Update
memos_medium:1328,m7,SUPERSEDED,INSUFFICIENT,Dynamic Update
memos_medium:1328,m8,SUPERSEDED,INSUFFICIENT,Dynamic Update
memos_medium:1328,m9,SUPERSEDED,INSUFFICIENT,Dynamic Update
memos_medium:1328,m10,SUPERSEDED,INSUFFICIENT,Dynamic Update
memos_medium:1328,m11,SUPERSEDED,INSUFFICIENT,Dynamic Update
memos_medium:1329,m2,SUPPORT,REFUTE,Memory Conflict
memos_medium:1329,m6,SUPPORT,REFUTE,Memory Conflict
memos_medium:1330,m3,SUPPORT,REFUTE,Memory Conflict
memos_medium:1330,m6,SUPPORT,REFUTE,Memory Conflict
memos_medium:1330,m7,SUPPORT,REFUTE,Memory Conflict
memos_medium:1332,m3,SUPPORT,SUPPORT,Generalization & Application
memos_medium:1333,m1,SUPPORT,SUPPORT,Generalization & Application
memos_medium:1333,m2,SUPPORT,SUPPORT,Generalization & Application
memos_medium:1334,m2,SUPPORT,REFUTE,Memory Conflict
memos_medium:1336,m2,SUPPORT,SUPPORT,Basic Fact Recall
memos_medium:1337,m1,SUPPORT,REFUTE,Memory Conflict
memos_medium:1338,m2,SUPPORT,SUPPORT,Basic Fact Recall
memos_medium:1340,m1,SUPPORT,SUPPORT,Basic Fact Recall
memos_medium:1340,m2,SUPPORT,SUPPORT,Basic Fact Recall
memos_medium:1340,m5,SUPPORT,SUPPORT,Basic Fact Recall
memos_medium:1340,m7,SUPPORT,SUPPORT,Basic Fact Recall
memos_medium:1341,m5,SUPPORT,SUPPORT,Generalization & Application
memos_medium:1342,m1,SUPPORT,SUPPORT,Basic Fact Recall
memos_medium:1343,m2,SUPPORT,SUPPORT,Generalization & Application
memos_medium:1343,m3,SUPPORT,SUPPORT,Generalization & Application
memos_medium:1343,m8,SUPPORT,SUPPORT,Generalization & Application
memos_medium:1346,m6,SUPPORT,INSUFFICIENT,Generalization & Application
memos_medium:1346,m10,SUPPORT,SUPPORT,Generalization & Application
memos_medium:1350,m3,SUPPORT,SUPPORT,Basic Fact Recall
memos_medium:1353,m1,SUPPORT,SUPPORT,Basic Fact Recall
memos_medium:1353,m2,SUPPORT,INSUFFICIENT,Basic Fact Recall
memos_medium:1353,m3,SUPPORT,SUPPORT,Basic Fact Recall
memos_medium:1353,m7,SUPPORT,SUPPORT,Basic Fact Recall
memos_medium:1357,m2,SUPPORT,REFUTE,Memory Conflict
memos_medium:1357,m4,SUPPORT,REFUTE,Memory Conflict
memos_medium:1358,m2,SUPPORT,SUPPORT,Generalization & Application
memos_medium:1358,m4,SUPPORT,SUPPORT,Generalization & Application
memos_medium:1358,m5,SUPPORT,SUPPORT,Generalization & Application
memos_medium:1358,m6,SUPPORT,SUPPORT,Generalization & Application
memos_medium:1360,m1,SUPPORT,SUPPORT,Generalization & Application
memos_medium:1360,m3,SUPPORT,SUPPORT,Generalization & Application
memos_medium:1360,m5,SUPPORT,INSUFFICIENT,Generalization & Application
memos_medium:1360,m7,SUPPORT,SUPPORT,Generalization & Application
memos_medium:1361,m4,SUPPORT,SUPPORT,Generalization & Application
memos_medium:1361,m6,SUPPORT,INSUFFICIENT,Generalization & Application
memos_medium:1362,m2,SUPPORT,INSUFFICIENT,Basic Fact Recall
memos_medium:1362,m5,SUPPORT,SUPPORT,Basic Fact Recall
memos_medium:1364,m2,SUPPORT,REFUTE,Memory Conflict
memos_medium:1364,m4,SUPPORT,REFUTE,Memory Conflict
memos_medium:1364,m10,SUPPORT,REFUTE,Memory Conflict
memos_medium:1365,m2,SUPPORT,SUPPORT,Generalization & Application
memos_medium:1365,m3,SUPPORT,SUPPORT,Generalization & Application
memos_medium:1365,m7,SUPPORT,SUPPORT,Generalization & Application
memos_medium:1370,m1,SUPPORT,SUPPORT,Generalization & Application
memos_medium:1370,m4,SUPPORT,SUPPORT,Generalization & Application
memos_medium:1370,m5,SUPPORT,INSUFFICIENT,Generalization & Application
memos_medium:1371,m1,SUPPORT,SUPPORT,Basic Fact Recall
memos_medium:1371,m2,SUPPORT,SUPPORT,Basic Fact Recall
memos_medium:1376,m1,SUPPORT,REFUTE,Memory Conflict
memos_medium:1379,m2,SUPPORT,INSUFFICIENT,Generalization & Application
memos_medium:1379,m3,SUPPORT,INSUFFICIENT,Generalization & Application
memos_medium:1379,m4,SUPPORT,SUPPORT,Generalization & Application
memos_medium:1380,m3,SUPPORT,SUPPORT,Generalization & Application
memos_medium:1381,m1,SUPPORT,SUPPORT,Generalization & Application
memos_medium:1381,m3,SUPPORT,SUPPORT,Generalization & Application
memos_medium:1382,m1,SUPPORT,SUPPORT,Generalization & Application
memos_medium:1382,m2,SUPPORT,SUPPORT,Generalization & Application
memos_medium:1386,m1,SUPPORT,REFUTE,Memory Conflict
memos_medium:1386,m7,SUPPORT,REFUTE,Memory Conflict
memos_medium:1387,m1,SUPPORT,SUPPORT,Generalization & Application
memos_medium:1387,m2,SUPPORT,SUPPORT,Generalization & Application
memos_medium:1388,m2,SUPPORT,SUPPORT,Basic Fact Recall
memos_medium:1388,m6,SUPPORT,SUPPORT,Basic Fact Recall
memos_medium:1389,m1,SUPPORT,SUPPORT,Basic Fact Recall
memos_medium:1391,m7,SUPPORT,SUPPORT,Generalization & Application
memos_medium:1398,m1,SUPPORT,SUPPORT,Basic Fact Recall
memos_medium:1398,m7,SUPPORT,SUPPORT,Basic Fact Recall
memos_medium:1403,m1,SUPERSEDED,INSUFFICIENT,Dynamic Update
memos_medium:1403,m2,SUPERSEDED,INSUFFICIENT,Dynamic Update
memos_medium:1403,m3,SUPERSEDED,INSUFFICIENT,Dynamic Update
memos_medium:1403,m4,SUPERSEDED,SUPERSEDED,Dynamic Update
memos_medium:1403,m5,SUPPORT,SUPPORT,Dynamic Update
memos_medium:1403,m6,SUPERSEDED,SUPERSEDED,Dynamic Update
memos_medium:1403,m7,SUPERSEDED,INSUFFICIENT,Dynamic Update
memos_medium:1403,m8,SUPERSEDED,INSUFFICIENT,Dynamic Update
memos_medium:1403,m9,SUPERSEDED,INSUFFICIENT,Dynamic Update
memos_medium:1403,m10,SUPERSEDED,INSUFFICIENT,Dynamic Update
memos_medium:1403,m11,SUPERSEDED,INSUFFICIENT,Dynamic Update
memos_medium:1404,m1,SUPERSEDED,INSUFFICIENT,Dynamic Update
memos_medium:1404,m2,SUPERSEDED,SUPERSEDED,Dynamic Update
memos_medium:1404,m3,SUPERSEDED,SUPERSEDED,Dynamic Update
memos_medium:1404,m4,SUPERSEDED,INSUFFICIENT,Dynamic Update
memos_medium:1404,m5,SUPPORT,SUPPORT,Dynamic Update
memos_medium:1404,m6,SUPERSEDED,INSUFFICIENT,Dynamic Update
memos_medium:1404,m7,SUPERSEDED,INSUFFICIENT,Dynamic Update
memos_medium:1404,m8,SUPERSEDED,INSUFFICIENT,Dynamic Update
memos_medium:1404,m9,SUPERSEDED,INSUFFICIENT,Dynamic Update
memos_medium:1404,m10,SUPERSEDED,INSUFFICIENT,Dynamic Update
memos_medium:1404,m11,SUPERSEDED,INSUFFICIENT,Dynamic Update
memos_medium:1405,m1,SUPERSEDED,INSUFFICIENT,Dynamic Update
memos_medium:1405,m2,SUPERSEDED,INSUFFICIENT,Dynamic Update
memos_medium:1405,m3,SUPERSEDED,INSUFFICIENT,Dynamic Update
memos_medium:1405,m4,SUPERSEDED,SUPERSEDED,Dynamic Update
memos_medium:1405,m5,SUPPORT,SUPPORT,Dynamic Update
memos_medium:1405,m6,SUPERSEDED,INSUFFICIENT,Dynamic Update
memos_medium:1405,m7,SUPERSEDED,INSUFFICIENT,Dynamic Update
memos_medium:1405,m8,SUPERSEDED,INSUFFICIENT,Dynamic Update
memos_medium:1405,m9,SUPERSEDED,INSUFFICIENT,Dynamic Update
memos_medium:1405,m10,SUPERSEDED,INSUFFICIENT,Dynamic Update
memos_medium:1405,m11,SUPERSEDED,INSUFFICIENT,Dynamic Update
memos_medium:1408,m1,SUPPORT,SUPPORT,Multi-hop Inference
memos_medium:1408,m4,SUPPORT,SUPPORT,Multi-hop Inference
memos_medium:1411,m1,SUPPORT,SUPPORT,Basic Fact Recall
memos_medium:1411,m9,SUPPORT,SUPPORT,Basic Fact Recall
memos_medium:1413,m1,SUPPORT,REFUTE,Memory Conflict
memos_medium:1413,m7,SUPPORT,REFUTE,Memory Conflict
memos_medium:1414,m8,SUPPORT,SUPPORT,Basic Fact Recall
memos_medium:1414,m10,SUPPORT,SUPPORT,Basic Fact Recall
memos_medium:1415,m2,SUPPORT,REFUTE,Memory Conflict
memos_medium:1415,m4,SUPPORT,REFUTE,Memory Conflict
memos_medium:1415,m8,SUPPORT,REFUTE,Memory Conflict
memos_medium:1417,m2,SUPPORT,INSUFFICIENT,Basic Fact Recall
memos_medium:1417,m4,SUPPORT,INSUFFICIENT,Basic Fact Recall
memos_medium:1418,m2,SUPPORT,SUPPORT,Basic Fact Recall
memos_medium:1420,m2,SUPPORT,REFUTE,Memory Conflict
memos_medium:1420,m5,SUPPORT,REFUTE,Memory Conflict
memos_medium:1420,m7,SUPPORT,REFUTE,Memory Conflict
memos_medium:1421,m1,SUPPORT,SUPPORT,Generalization & Application
memos_medium:1421,m2,SUPPORT,SUPPORT,Generalization & Application
memos_medium:1421,m7,SUPPORT,SUPPORT,Generalization & Application
memos_medium:1421,m8,SUPPORT,SUPPORT,Generalization & Application
memos_medium:1422,m1,SUPPORT,SUPPORT,Basic Fact Recall
memos_medium:1423,m2,SUPPORT,SUPPORT,Generalization & Application
memos_medium:1424,m2,SUPPORT,SUPPORT,Generalization & Application
memos_medium:1426,m1,SUPPORT,SUPPORT,Basic Fact Recall
memos_medium:1427,m1,SUPPORT,SUPPORT,Basic Fact Recall
memos_medium:1427,m8,SUPPORT,SUPPORT,Basic Fact Recall
memos_medium:1428,m1,SUPPORT,SUPPORT,Generalization & Application
memos_medium:1429,m1,SUPPORT,SUPPORT,Generalization & Application
memos_medium:1429,m7,SUPPORT,SUPPORT,Generalization & Application
memos_medium:1430,m1,SUPPORT,SUPPORT,Generalization & Application
memos_medium:1430,m2,SUPPORT,SUPPORT,Generalization & Application
memos_medium:1431,m4,SUPPORT,SUPPORT,Generalization & Application
memos_medium:1431,m7,SUPPORT,SUPPORT,Generalization & Application
memos_medium:1431,m10,SUPPORT,SUPPORT,Generalization & Application
memos_medium:1436,m1,SUPPORT,SUPPORT,Basic Fact Recall
memos_medium:1437,m1,SUPPORT,SUPPORT,Basic Fact Recall
memos_medium:1437,m3,SUPPORT,SUPPORT,Basic Fact Recall
memos_medium:1439,m1,SUPPORT,REFUTE,Memory Conflict
memos_medium:1440,m1,SUPPORT,REFUTE,Memory Conflict
memos_medium:1441,m1,SUPPORT,SUPPORT,Basic Fact Recall
memos_medium:1444,m3,SUPPORT,INSUFFICIENT,Memory Conflict
memos_medium:1445,m1,SUPPORT,SUPPORT,Basic Fact Recall
memos_medium:1445,m8,SUPPORT,SUPPORT,Basic Fact Recall
memos_medium:1447,m4,SUPPORT,SUPPORT,Generalization & Application
memos_medium:1447,m5,SUPPORT,SUPPORT,Generalization & Application
memos_medium:1447,m8,SUPPORT,SUPPORT,Generalization & Application
memos_medium:1447,m9,SUPPORT,SUPPORT,Generalization & Application
memos_medium:1448,m1,SUPPORT,REFUTE,Memory Conflict
memos_medium:1448,m3,SUPPORT,REFUTE,Memory Conflict
memos_medium:1448,m7,SUPPORT,REFUTE,Memory Conflict
memos_medium:1448,m9,SUPPORT,REFUTE,Memory Conflict
memos_medium:1453,m1,SUPPORT,SUPPORT,Basic Fact Recall
memos_medium:1453,m4,SUPPORT,SUPPORT,Basic Fact Recall
memos_medium:1453,m7,SUPPORT,SUPPORT,Basic Fact Recall
memos_medium:1455,m1,SUPPORT,SUPPORT,Generalization & Application
memos_medium:1455,m7,SUPPORT,SUPPORT,Generalization & Application
memos_medium:1455,m11,SUPPORT,SUPPORT,Generalization & Application
memos_medium:1457,m1,SUPPORT,REFUTE,Memory Conflict
memos_medium:1457,m2,SUPPORT,REFUTE,Memory Conflict
memos_medium:1457,m7,SUPPORT,REFUTE,Memory Conflict
memos_medium:1457,m9,SUPPORT,REFUTE,Memory Conflict
memos_medium:1459,m3,SUPPORT,REFUTE,Memory Conflict
memos_medium:1459,m8,SUPPORT,REFUTE,Memory Conflict
memos_medium:1459,m9,SUPPORT,REFUTE,Memory Conflict
memos_medium:1459,m11,SUPPORT,REFUTE,Memory Conflict
memos_medium:1462,m2,SUPPORT,REFUTE,Memory Conflict
memos_medium:1462,m11,SUPPORT,REFUTE,Memory Conflict
memos_medium:1463,m1,SUPPORT,SUPPORT,Basic Fact Recall
memos_medium:1463,m6,SUPPORT,INSUFFICIENT,Basic Fact Recall
memos_medium:1463,m7,SUPPORT,INSUFFICIENT,Basic Fact Recall
memos_medium:1463,m8,SUPPORT,INSUFFICIENT,Basic Fact Recall
memos_medium:1465,m5,SUPPORT,SUPPORT,Basic Fact Recall
memos_medium:1466,m2,SUPPORT,SUPPORT,Basic Fact Recall
memos_medium:1466,m8,SUPPORT,SUPPORT,Basic Fact Recall
memos_medium:1466,m9,SUPPORT,SUPPORT,Basic Fact Recall
memos_medium:1467,m1,SUPPORT,CURRENT,Memory Conflict
memos_medium:1467,m3,SUPPORT,REFUTE,Memory Conflict
memos_medium:1467,m7,SUPPORT,REFUTE,Memory Conflict
memos_medium:1467,m10,SUPPORT,REFUTE,Memory Conflict
memos_medium:1469,m2,SUPPORT,INSUFFICIENT,Multi-hop Inference
memos_medium:1469,m6,SUPPORT,SUPPORT,Multi-hop Inference
memos_medium:1469,m9,SUPPORT,INSUFFICIENT,Multi-hop Inference
memos_medium:1470,m1,SUPPORT,SUPPORT,Multi-hop Inference
memos_medium:1470,m5,SUPPORT,SUPPORT,Multi-hop Inference
memos_medium:1471,m1,SUPPORT,SUPPORT,Multi-hop Inference
memos_medium:1471,m2,SUPPORT,INSUFFICIENT,Multi-hop Inference
memos_medium:1471,m11,SUPPORT,INSUFFICIENT,Multi-hop Inference
memos_medium:1474,m1,SUPPORT,SUPPORT,Generalization & Application
memos_medium:1475,m1,SUPPORT,SUPPORT,Generalization & Application
memos_medium:1475,m10,SUPPORT,SUPPORT,Generalization & Application
memos_medium:1478,m2,SUPPORT,INSUFFICIENT,Generalization & Application
memos_medium:1478,m3,SUPPORT,SUPPORT,Generalization & Application
memos_medium:1478,m5,SUPPORT,SUPPORT,Generalization & Application
memos_medium:1480,m1,SUPPORT,INSUFFICIENT,Memory Conflict
memos_medium:1480,m2,SUPPORT,REFUTE,Memory Conflict
memos_medium:1480,m4,SUPPORT,INSUFFICIENT,Memory Conflict
memos_medium:1480,m9,SUPPORT,INSUFFICIENT,Memory Conflict
memos_medium:1481,m2,SUPPORT,REFUTE,Memory Conflict
memos_medium:1481,m7,SUPPORT,REFUTE,Memory Conflict
memos_medium:1485,m1,SUPPORT,SUPPORT,Basic Fact Recall
memos_medium:1485,m2,SUPPORT,SUPPORT,Basic Fact Recall
memos_medium:1486,m1,SUPPORT,REFUTE,Memory Conflict
memos_medium:1486,m2,SUPPORT,REFUTE,Memory Conflict
memos_medium:1486,m4,SUPPORT,REFUTE,Memory Conflict
memos_medium:1486,m7,SUPPORT,REFUTE,Memory Conflict
memos_medium:1486,m8,SUPPORT,REFUTE,Memory Conflict
memos_medium:1489,m4,SUPPORT,SUPPORT,Generalization & Application
memos_medium:1490,m1,SUPPORT,SUPPORT,Basic Fact Recall
memos_medium:1497,m4,SUPPORT,SUPPORT,Generalization & Application
memos_medium:1501,m3,SUPPORT,INSUFFICIENT,Basic Fact Recall
memos_medium:1501,m7,SUPPORT,INSUFFICIENT,Basic Fact Recall
memos_medium:1503,m2,SUPPORT,INSUFFICIENT,Generalization & Application
memos_medium:1503,m7,SUPPORT,SUPPORT,Generalization & Application
memos_medium:1503,m8,SUPPORT,INSUFFICIENT,Generalization & Application
memos_medium:1503,m9,SUPPORT,SUPPORT,Generalization & Application
memos_medium:1503,m11,SUPPORT,SUPPORT,Generalization & Application
memos_medium:1505,m8,SUPPORT,INSUFFICIENT,Memory Conflict
memos_medium:1505,m11,SUPPORT,REFUTE,Memory Conflict
memos_medium:1506,m1,SUPPORT,SUPPORT,Basic Fact Recall
memos_medium:1507,m1,SUPPORT,SUPPORT,Generalization & Application
memos_medium:1507,m5,SUPPORT,SUPPORT,Generalization & Application
memos_medium:1507,m8,SUPPORT,SUPPORT,Generalization & Application
memos_medium:1507,m10,SUPPORT,SUPPORT,Generalization & Application
memos_medium:1508,m1,SUPPORT,SUPPORT,Generalization & Application
memos_medium:1509,m3,SUPPORT,REFUTE,Memory Conflict
memos_medium:1509,m4,SUPPORT,REFUTE,Memory Conflict
memos_medium:1509,m5,SUPPORT,REFUTE,Memory Conflict
memos_medium:1509,m6,SUPPORT,REFUTE,Memory Conflict
memos_medium:1509,m7,SUPPORT,REFUTE,Memory Conflict
memos_medium:1509,m10,SUPPORT,REFUTE,Memory Conflict
memos_medium:1509,m12,SUPPORT,REFUTE,Memory Conflict
memos_medium:1511,m1,SUPPORT,SUPPORT,Basic Fact Recall
memos_medium:1512,m1,SUPPORT,SUPPORT,Basic Fact Recall
memos_medium:1513,m1,SUPPORT,SUPPORT,Generalization & Application
memos_medium:1513,m2,SUPPORT,SUPPORT,Generalization & Application
memos_medium:1513,m3,SUPPORT,SUPPORT,Generalization & Application
memos_medium:1513,m4,SUPPORT,SUPPORT,Generalization & Application
memos_medium:1516,m1,SUPPORT,REFUTE,Memory Conflict
memos_medium:1516,m2,SUPPORT,REFUTE,Memory Conflict
memos_medium:1516,m3,SUPPORT,REFUTE,Memory Conflict
memos_medium:1516,m5,SUPPORT,REFUTE,Memory Conflict
memos_medium:1517,m2,SUPPORT,SUPPORT,Generalization & Application
memos_medium:1517,m3,SUPPORT,SUPPORT,Generalization & Application
memos_medium:1517,m4,SUPPORT,SUPPORT,Generalization & Application
memos_medium:1517,m7,SUPPORT,SUPPORT,Generalization & Application
memos_medium:1517,m9,SUPPORT,SUPPORT,Generalization & Application
memos_medium:1517,m12,SUPPORT,SUPPORT,Generalization & Application
memos_medium:1519,m1,SUPPORT,SUPPORT,Basic Fact Recall
memos_medium:1519,m3,SUPPORT,SUPPORT,Basic Fact Recall
memos_medium:1519,m4,SUPPORT,INSUFFICIENT,Basic Fact Recall
memos_medium:1519,m7,SUPPORT,SUPPORT,Basic Fact Recall
memos_medium:1519,m12,SUPPORT,SUPPORT,Basic Fact Recall
memos_medium:1520,m2,SUPPORT,REFUTE,Memory Conflict
memos_medium:1520,m6,SUPPORT,REFUTE,Memory Conflict
memos_medium:1521,m1,SUPPORT,SUPPORT,Generalization & Application
memos_medium:1521,m3,SUPPORT,SUPPORT,Generalization & Application
memos_medium:1521,m7,SUPPORT,SUPPORT,Generalization & Application
memos_medium:1521,m9,SUPPORT,SUPPORT,Generalization & Application
memos_medium:1522,m1,SUPPORT,SUPPORT,Generalization & Application
memos_medium:1522,m3,SUPPORT,SUPPORT,Generalization & Application
memos_medium:1526,m8,SUPPORT,SUPPORT,Generalization & Application
memos_medium:1526,m10,SUPPORT,SUPPORT,Generalization & Application
memos_medium:1527,m7,SUPPORT,REFUTE,Memory Conflict
memos_medium:1527,m11,SUPPORT,REFUTE,Memory Conflict
memos_medium:1529,m1,SUPERSEDED,INSUFFICIENT,Dynamic Update
memos_medium:1529,m2,SUPPORT,INSUFFICIENT,Dynamic Update
memos_medium:1529,m3,SUPERSEDED,SUPERSEDED,Dynamic Update
memos_medium:1529,m4,SUPERSEDED,INSUFFICIENT,Dynamic Update
memos_medium:1529,m5,SUPERSEDED,SUPPORT,Dynamic Update
memos_medium:1529,m6,SUPERSEDED,INSUFFICIENT,Dynamic Update
memos_medium:1529,m7,SUPERSEDED,INSUFFICIENT,Dynamic Update
memos_medium:1529,m8,SUPERSEDED,INSUFFICIENT,Dynamic Update
memos_medium:1529,m9,SUPERSEDED,INSUFFICIENT,Dynamic Update
memos_medium:1529,m10,SUPERSEDED,INSUFFICIENT,Dynamic Update
memos_medium:1529,m11,SUPERSEDED,INSUFFICIENT,Dynamic Update
memos_medium:1530,m1,SUPERSEDED,SUPERSEDED,Dynamic Update
memos_medium:1530,m2,SUPERSEDED,SUPERSEDED,Dynamic Update
memos_medium:1530,m3,SUPERSEDED,SUPERSEDED,Dynamic Update
memos_medium:1530,m4,SUPPORT,CURRENT,Dynamic Update
memos_medium:1530,m5,SUPERSEDED,INSUFFICIENT,Dynamic Update
memos_medium:1530,m6,SUPERSEDED,INSUFFICIENT,Dynamic Update
memos_medium:1530,m7,SUPERSEDED,INSUFFICIENT,Dynamic Update
memos_medium:1530,m8,SUPERSEDED,INSUFFICIENT,Dynamic Update
memos_medium:1530,m9,SUPERSEDED,INSUFFICIENT,Dynamic Update
memos_medium:1530,m10,SUPERSEDED,INSUFFICIENT,Dynamic Update
memos_medium:1530,m11,SUPERSEDED,INSUFFICIENT,Dynamic Update
memos_medium:1531,m1,SUPPORT,SUPPORT,Dynamic Update
memos_medium:1531,m2,SUPERSEDED,INSUFFICIENT,Dynamic Update
memos_medium:1531,m3,SUPERSEDED,CURRENT,Dynamic Update
memos_medium:1531,m4,SUPERSEDED,CURRENT,Dynamic Update
memos_medium:1531,m5,SUPERSEDED,SUPERSEDED,Dynamic Update
memos_medium:1531,m6,SUPERSEDED,INSUFFICIENT,Dynamic Update
memos_medium:1531,m7,SUPPORT,INSUFFICIENT,Dynamic Update
memos_medium:1531,m8,SUPERSEDED,CURRENT,Dynamic Update
memos_medium:1531,m9,SUPERSEDED,CURRENT,Dynamic Update
memos_medium:1531,m10,SUPPORT,INSUFFICIENT,Dynamic Update
memos_medium:1531,m11,SUPERSEDED,INSUFFICIENT,Dynamic Update
memos_medium:1532,m3,SUPPORT,SUPPORT,Generalization & Application
memos_medium:1532,m7,SUPPORT,SUPPORT,Generalization & Application
memos_medium:1532,m10,SUPPORT,SUPPORT,Generalization & Application
memos_medium:1533,m1,SUPPORT,SUPPORT,Basic Fact Recall
memos_medium:1534,m1,SUPPORT,SUPPORT,Basic Fact Recall
memos_medium:1534,m8,SUPPORT,SUPPORT,Basic Fact Recall
memos_medium:1536,m1,SUPPORT,REFUTE,Memory Conflict
memos_medium:1536,m5,SUPPORT,REFUTE,Memory Conflict
memos_medium:1536,m7,SUPPORT,REFUTE,Memory Conflict
memos_medium:1538,m1,SUPPORT,SUPPORT,Generalization & Application
memos_medium:1538,m7,SUPPORT,SUPPORT,Generalization & Application
memos_medium:1539,m2,SUPPORT,SUPPORT,Generalization & Application
memos_medium:1539,m8,SUPPORT,SUPPORT,Generalization & Application
memos_medium:1541,m1,SUPPORT,INSUFFICIENT,Memory Conflict
memos_medium:1541,m2,SUPPORT,INSUFFICIENT,Memory Conflict
memos_medium:1541,m7,SUPPORT,INSUFFICIENT,Memory Conflict
memos_medium:1541,m8,SUPPORT,INSUFFICIENT,Memory Conflict
memos_medium:1542,m1,SUPPORT,REFUTE,Memory Conflict
memos_medium:1548,m4,SUPPORT,SUPPORT,Generalization & Application
memos_medium:1549,m2,SUPPORT,SUPPORT,Multi-hop Inference
memos_medium:1550,m1,SUPPORT,SUPPORT,Multi-hop Inference
memos_medium:1550,m2,SUPPORT,SUPPORT,Multi-hop Inference
memos_medium:1551,m1,SUPPORT,SUPPORT,Multi-hop Inference
memos_medium:1552,m1,SUPPORT,SUPPORT,Basic Fact Recall
memos_medium:1552,m2,SUPPORT,SUPPORT,Basic Fact Recall
memos_medium:1554,m1,SUPPORT,REFUTE,Memory Conflict
memos_medium:1554,m2,SUPPORT,REFUTE,Memory Conflict
memos_medium:1554,m12,SUPPORT,REFUTE,Memory Conflict
memos_medium:1555,m1,SUPPORT,SUPPORT,Memory Conflict
memos_medium:1555,m3,SUPPORT,SUPPORT,Memory Conflict
memos_medium:1556,m1,SUPPORT,SUPPORT,Generalization & Application
memos_medium:1557,m2,SUPPORT,SUPPORT,Basic Fact Recall
memos_medium:1560,m1,SUPPORT,REFUTE,Memory Conflict
memos_medium:1560,m2,SUPPORT,SUPERSEDED,Memory Conflict
memos_medium:1560,m3,SUPPORT,REFUTE,Memory Conflict
memos_medium:1560,m4,SUPPORT,REFUTE,Memory Conflict
memos_medium:1560,m12,SUPPORT,REFUTE,Memory Conflict
memos_medium:1562,m1,SUPPORT,SUPPORT,Generalization & Application
memos_medium:1562,m2,SUPPORT,SUPPORT,Generalization & Application
memos_medium:1563,m2,SUPPORT,REFUTE,Memory Conflict
memos_medium:1563,m3,SUPPORT,REFUTE,Memory Conflict
memos_medium:1563,m4,SUPPORT,REFUTE,Memory Conflict
memos_medium:1563,m5,SUPPORT,REFUTE,Memory Conflict
memos_medium:1563,m6,SUPPORT,REFUTE,Memory Conflict
memos_medium:1565,m5,SUPPORT,INSUFFICIENT,Basic Fact Recall
memos_medium:1565,m11,SUPPORT,INSUFFICIENT,Basic Fact Recall
memos_medium:1569,m3,SUPPORT,REFUTE,Memory Conflict
memos_medium:1569,m7,SUPPORT,REFUTE,Memory Conflict
memos_medium:1569,m8,SUPPORT,REFUTE,Memory Conflict
memos_medium:1569,m9,SUPPORT,REFUTE,Memory Conflict
memos_medium:1569,m10,SUPPORT,REFUTE,Memory Conflict
memos_medium:1570,m1,SUPPORT,SUPPORT,Basic Fact Recall
memos_medium:1570,m6,SUPPORT,SUPPORT,Basic Fact Recall
memos_medium:1573,m2,SUPPORT,SUPPORT,Generalization & Application
memos_medium:1573,m5,SUPPORT,SUPPORT,Generalization & Application
memos_medium:1573,m9,SUPPORT,SUPPORT,Generalization & Application
memos_medium:1577,m5,SUPPORT,SUPPORT,Basic Fact Recall
memos_medium:1580,m1,SUPPORT,SUPPORT,Basic Fact Recall
memos_medium:1581,m1,SUPPORT,SUPPORT,Memory Conflict
memos_medium:1581,m3,SUPPORT,SUPPORT,Memory Conflict
memos_medium:1585,m9,SUPPORT,REFUTE,Memory Conflict
memos_medium:1587,m4,SUPPORT,SUPPORT,Basic Fact Recall
memos_medium:1588,m1,SUPPORT,SUPPORT,Generalization & Application
memos_medium:1588,m4,SUPPORT,SUPPORT,Generalization & Application
memos_medium:1588,m5,SUPPORT,SUPPORT,Generalization & Application
memos_medium:1588,m6,SUPPORT,SUPPORT,Generalization & Application
memos_medium:1588,m8,SUPPORT,SUPPORT,Generalization & Application
memos_medium:1588,m9,SUPPORT,SUPPORT,Generalization & Application
memos_medium:1589,m5,SUPPORT,INSUFFICIENT,Memory Conflict
memos_medium:1591,m7,SUPPORT,SUPPORT,Basic Fact Recall
memos_medium:1592,m1,SUPPORT,REFUTE,Memory Conflict
memos_medium:1592,m2,SUPPORT,REFUTE,Memory Conflict
memos_medium:1594,m2,SUPPORT,SUPPORT,Multi-hop Inference
memos_medium:1596,m1,SUPPORT,SUPPORT,Multi-hop Inference
memos_medium:1598,m1,SUPPORT,REFUTE,Memory Conflict
memos_medium:1598,m2,SUPPORT,INSUFFICIENT,Memory Conflict
memos_medium:1598,m3,SUPPORT,REFUTE,Memory Conflict
memos_medium:1598,m4,SUPPORT,REFUTE,Memory Conflict
memos_medium:1598,m7,SUPPORT,REFUTE,Memory Conflict
memos_medium:1598,m8,SUPPORT,REFUTE,Memory Conflict
memos_medium:1598,m9,SUPPORT,REFUTE,Memory Conflict
memos_medium:1598,m10,SUPPORT,REFUTE,Memory Conflict
memos_medium:1598,m11,SUPPORT,INSUFFICIENT,Memory Conflict
memos_medium:1600,m1,SUPPORT,REFUTE,Memory Conflict
memos_medium:1600,m2,SUPPORT,REFUTE,Memory Conflict
memos_medium:1600,m5,SUPPORT,REFUTE,Memory Conflict
memos_medium:1600,m6,SUPPORT,REFUTE,Memory Conflict
memos_medium:1603,m1,SUPPORT,SUPPORT,Basic Fact Recall
memos_medium:1603,m2,SUPPORT,SUPPORT,Basic Fact Recall
memos_medium:1603,m3,SUPPORT,SUPPORT,Basic Fact Recall
memos_medium:1603,m4,SUPPORT,SUPPORT,Basic Fact Recall
memos_medium:1603,m7,SUPPORT,SUPPORT,Basic Fact Recall
memos_medium:1604,m1,SUPPORT,SUPPORT,Basic Fact Recall
memos_medium:1605,m1,SUPPORT,REFUTE,Memory Conflict
memos_medium:1605,m5,SUPPORT,REFUTE,Memory Conflict
memos_medium:1605,m7,SUPPORT,REFUTE,Memory Conflict
memos_medium:1605,m11,SUPPORT,REFUTE,Memory Conflict
memos_medium:1606,m2,SUPPORT,SUPPORT,Basic Fact Recall
memos_medium:1606,m7,SUPPORT,SUPPORT,Basic Fact Recall
memos_medium:1606,m8,SUPPORT,SUPPORT,Basic Fact Recall
memos_medium:1606,m9,SUPPORT,SUPPORT,Basic Fact Recall
memos_medium:1606,m10,SUPPORT,SUPPORT,Basic Fact Recall
memos_medium:1606,m11,SUPPORT,SUPPORT,Basic Fact Recall
memos_medium:1608,m7,SUPPORT,INSUFFICIENT,Memory Conflict
memos_medium:1609,m4,SUPPORT,SUPPORT,Basic Fact Recall
memos_medium:1610,m1,SUPPORT,SUPPORT,Basic Fact Recall
memos_medium:1610,m2,SUPPORT,SUPPORT,Basic Fact Recall
memos_medium:1620,m10,SUPPORT,INSUFFICIENT,Basic Fact Recall
memos_medium:1621,m1,SUPPORT,SUPPORT,Generalization & Application
memos_medium:1621,m7,SUPPORT,SUPPORT,Generalization & Application
memos_medium:1621,m9,SUPPORT,SUPPORT,Generalization & Application
memos_medium:1623,m1,SUPPORT,SUPPORT,Basic Fact Recall
memos_medium:1623,m4,SUPPORT,SUPPORT,Basic Fact Recall
memos_medium:1623,m11,SUPPORT,SUPPORT,Basic Fact Recall
memos_medium:1625,m1,SUPPORT,REFUTE,Memory Conflict
memos_medium:1625,m5,SUPPORT,REFUTE,Memory Conflict
memos_medium:1625,m11,SUPPORT,REFUTE,Memory Conflict
memos_medium:1627,m7,SUPPORT,REFUTE,Memory Conflict
memos_medium:1627,m9,SUPPORT,REFUTE,Memory Conflict
memos_medium:1627,m11,SUPPORT,REFUTE,Memory Conflict
memos_medium:1629,m1,SUPPORT,SUPPORT,Basic Fact Recall
memos_medium:1630,m1,SUPPORT,SUPPORT,Generalization & Application
memos_medium:1630,m5,SUPPORT,SUPPORT,Generalization & Application
memos_medium:1630,m6,SUPPORT,SUPPORT,Generalization & Application
memos_medium:1630,m7,SUPPORT,SUPPORT,Generalization & Application
memos_medium:1631,m2,SUPPORT,INSUFFICIENT,Memory Conflict
memos_medium:1631,m3,SUPPORT,INSUFFICIENT,Memory Conflict
memos_medium:1631,m4,SUPPORT,INSUFFICIENT,Memory Conflict
memos_medium:1634,m1,SUPPORT,INSUFFICIENT,Basic Fact Recall
memos_medium:1635,m2,SUPPORT,INSUFFICIENT,Memory Conflict
memos_medium:1635,m3,SUPPORT,INSUFFICIENT,Memory Conflict
memos_medium:1636,m3,SUPPORT,INSUFFICIENT,Memory Conflict
memos_medium:1642,m1,SUPPORT,SUPPORT,Generalization & Application
memos_medium:1642,m2,SUPPORT,SUPPORT,Generalization & Application
memos_medium:1642,m3,SUPPORT,SUPPORT,Generalization & Application
memos_medium:1642,m4,SUPPORT,SUPPORT,Generalization & Application
memos_medium:1642,m6,SUPPORT,SUPPORT,Generalization & Application
memos_medium:1643,m1,SUPPORT,REFUTE,Memory Conflict
memos_medium:1643,m2,SUPPORT,REFUTE,Memory Conflict
memos_medium:1643,m3,SUPPORT,REFUTE,Memory Conflict
memos_medium:1644,m1,SUPPORT,SUPPORT,Generalization & Application
memos_medium:1644,m2,SUPPORT,SUPPORT,Generalization & Application
memos_medium:1646,m1,SUPPORT,REFUTE,Memory Conflict
memos_medium:1646,m2,SUPPORT,REFUTE,Memory Conflict
memos_medium:1646,m3,SUPPORT,REFUTE,Memory Conflict
memos_medium:1646,m8,SUPPORT,REFUTE,Memory Conflict
memos_medium:1647,m1,SUPPORT,REFUTE,Memory Conflict
memos_medium:1647,m2,SUPPORT,REFUTE,Memory Conflict
memos_medium:1647,m4,SUPPORT,REFUTE,Memory Conflict
memos_medium:1647,m10,SUPPORT,REFUTE,Memory Conflict
memos_medium:1647,m12,SUPPORT,REFUTE,Memory Conflict
memos_medium:1648,m1,SUPPORT,SUPPORT,Generalization & Application
memos_medium:1648,m2,SUPPORT,SUPPORT,Generalization & Application
memos_medium:1648,m4,SUPPORT,SUPPORT,Generalization & Application
memos_medium:1648,m6,SUPPORT,SUPPORT,Generalization & Application
memos_medium:1648,m11,SUPPORT,SUPPORT,Generalization & Application
memos_medium:1650,m1,SUPPORT,SUPPORT,Generalization & Application
memos_medium:1650,m2,SUPPORT,SUPPORT,Generalization & Application
memos_medium:1651,m2,SUPPORT,SUPPORT,Basic Fact Recall
memos_medium:1651,m4,SUPPORT,SUPPORT,Basic Fact Recall
memos_medium:1652,m1,SUPPORT,SUPPORT,Basic Fact Recall
memos_medium:1655,m2,SUPPORT,SUPPORT,Basic Fact Recall
memos_medium:1656,m1,SUPPORT,SUPPORT,Generalization & Application
memos_medium:1656,m3,SUPPORT,SUPPORT,Generalization & Application
memos_medium:1656,m6,SUPPORT,SUPPORT,Generalization & Application
memos_medium:1659,m3,SUPPORT,SUPPORT,Basic Fact Recall
memos_medium:1660,m1,SUPPORT,INSUFFICIENT,Basic Fact Recall
memos_medium:1660,m2,SUPPORT,INSUFFICIENT,Basic Fact Recall
memos_medium:1660,m3,SUPPORT,INSUFFICIENT,Basic Fact Recall
memos_medium:1661,m1,SUPPORT,SUPPORT,Basic Fact Recall
memos_medium:1662,m3,SUPPORT,SUPPORT,Multi-hop Inference
memos_medium:1663,m1,SUPPORT,SUPPORT,Multi-hop Inference
memos_medium:1663,m6,SUPPORT,SUPPORT,Multi-hop Inference
memos_medium:1668,m1,SUPPORT,SUPPORT,Basic Fact Recall
memos_medium:1668,m2,SUPPORT,SUPPORT,Basic Fact Recall
memos_medium:1669,m3,SUPPORT,INSUFFICIENT,Memory Conflict
memos_medium:1669,m4,SUPPORT,INSUFFICIENT,Memory Conflict
memos_medium:1669,m5,SUPPORT,INSUFFICIENT,Memory Conflict
memos_medium:1669,m8,SUPPORT,INSUFFICIENT,Memory Conflict
memos_medium:1670,m3,SUPPORT,SUPPORT,Memory Conflict
memos_medium:1672,m4,SUPPORT,SUPPORT,Basic Fact Recall
memos_medium:1673,m2,SUPPORT,REFUTE,Memory Conflict
memos_medium:1675,m1,SUPPORT,SUPPORT,Generalization & Application
memos_medium:1676,m1,SUPPORT,SUPPORT,Generalization & Application
memos_medium:1676,m2,SUPPORT,SUPPORT,Generalization & Application
memos_medium:1677,m1,SUPPORT,SUPPORT,Generalization & Application
memos_medium:1677,m2,SUPPORT,SUPPORT,Generalization & Application
memos_medium:1677,m3,SUPPORT,SUPPORT,Generalization & Application
memos_medium:1677,m4,SUPPORT,SUPPORT,Generalization & Application
memos_medium:1677,m6,SUPPORT,SUPPORT,Generalization & Application
memos_medium:1677,m7,SUPPORT,SUPPORT,Generalization & Application
memos_medium:1677,m8,SUPPORT,SUPPORT,Generalization & Application
memos_medium:1677,m12,SUPPORT,SUPPORT,Generalization & Application
memos_medium:1683,m1,SUPPORT,SUPPORT,Basic Fact Recall
memos_medium:1683,m11,SUPPORT,SUPPORT,Basic Fact Recall
memos_medium:1687,m1,SUPPORT,REFUTE,Memory Conflict
memos_medium:1689,m1,SUPPORT,SUPPORT,Basic Fact Recall
memos_medium:1690,m2,SUPPORT,REFUTE,Memory Conflict
memos_medium:1692,m1,SUPPORT,SUPPORT,Basic Fact Recall
memos_medium:1694,m1,SUPPORT,SUPPORT,Generalization & Application
memos_medium:1694,m2,SUPPORT,SUPPORT,Generalization & Application
memos_medium:1694,m3,SUPPORT,SUPPORT,Generalization & Application
memos_medium:1694,m4,SUPPORT,SUPPORT,Generalization & Application
memos_medium:1695,m4,SUPPORT,INSUFFICIENT,Memory Conflict
memos_medium:1695,m5,SUPPORT,INSUFFICIENT,Memory Conflict
memos_medium:1695,m6,SUPPORT,INSUFFICIENT,Memory Conflict
memos_medium:1695,m9,SUPPORT,INSUFFICIENT,Memory Conflict
memos_medium:1696,m2,SUPPORT,SUPPORT,Generalization & Application
memos_medium:1696,m3,SUPPORT,SUPPORT,Generalization & Application
memos_medium:1696,m10,SUPPORT,SUPPORT,Generalization & Application
memos_medium:1696,m11,SUPPORT,SUPPORT,Generalization & Application
memos_medium:1698,m4,SUPPORT,SUPPORT,Generalization & Application
memos_medium:1700,m1,SUPPORT,REFUTE,Memory Conflict
memos_medium:1700,m3,SUPPORT,REFUTE,Memory Conflict
memos_medium:1700,m6,SUPPORT,REFUTE,Memory Conflict
memos_medium:1700,m7,SUPPORT,REFUTE,Memory Conflict
memos_medium:1700,m8,SUPPORT,REFUTE,Memory Conflict
memos_medium:1700,m12,SUPPORT,REFUTE,Memory Conflict
memos_medium:1702,m1,SUPPORT,REFUTE,Memory Conflict
memos_medium:1703,m2,SUPPORT,REFUTE,Memory Conflict
memos_medium:1704,m2,SUPPORT,SUPPORT,Basic Fact Recall
memos_medium:1705,m1,SUPPORT,SUPPORT,Generalization & Application
memos_medium:1705,m2,SUPPORT,SUPPORT,Generalization & Application
memos_medium:1705,m3,SUPPORT,SUPPORT,Generalization & Application
memos_medium:1707,m1,SUPPORT,REFUTE,Memory Conflict
memos_medium:1707,m7,SUPPORT,REFUTE,Memory Conflict
memos_medium:1707,m8,SUPPORT,INSUFFICIENT,Memory Conflict
memos_medium:1708,m3,SUPPORT,REFUTE,Memory Conflict
memos_medium:1710,m1,SUPPORT,SUPPORT,Memory Conflict
memos_medium:1710,m2,SUPPORT,SUPPORT,Memory Conflict
memos_medium:1712,m2,SUPPORT,SUPPORT,Generalization & Application
memos_medium:1712,m10,SUPPORT,SUPPORT,Generalization & Application
memos_medium:1713,m5,SUPPORT,SUPPORT,Generalization & Application
memos_medium:1713,m7,SUPPORT,SUPPORT,Generalization & Application
memos_medium:1714,m2,SUPPORT,SUPPORT,Generalization & Application
memos_medium:1714,m4,SUPPORT,SUPPORT,Generalization & Application
memos_medium:1714,m7,SUPPORT,SUPPORT,Generalization & Application
memos_medium:1714,m9,SUPPORT,SUPPORT,Generalization & Application
memos_medium:1717,m4,SUPPORT,CURRENT,Generalization & Application
memos_medium:1719,m2,SUPPORT,SUPPORT,Basic Fact Recall
memos_medium:1719,m3,SUPPORT,SUPPORT,Basic Fact Recall
memos_medium:1722,m5,SUPPORT,SUPPORT,Memory Conflict
memos_medium:1723,m3,SUPPORT,SUPPORT,Basic Fact Recall
memos_medium:1723,m7,SUPPORT,SUPPORT,Basic Fact Recall
memos_medium:1723,m10,SUPPORT,SUPPORT,Basic Fact Recall
memos_medium:1723,m12,SUPPORT,SUPPORT,Basic Fact Recall
memos_medium:1724,m1,SUPPORT,SUPPORT,Generalization & Application
memos_medium:1724,m2,SUPPORT,SUPPORT,Generalization & Application
memos_medium:1724,m6,SUPPORT,SUPPORT,Generalization & Application
memos_medium:1724,m7,SUPPORT,SUPPORT,Generalization & Application
memos_medium:1724,m9,SUPPORT,SUPPORT,Generalization & Application
memos_medium:1724,m11,SUPPORT,SUPPORT,Generalization & Application
memos_medium:1724,m12,SUPPORT,SUPPORT,Generalization & Application
memos_medium:1726,m3,SUPPORT,REFUTE,Memory Conflict
memos_medium:1727,m2,SUPPORT,SUPPORT,Basic Fact Recall
memos_medium:1727,m3,SUPPORT,SUPPORT,Basic Fact Recall
memos_medium:1728,m1,SUPPORT,SUPPORT,Basic Fact Recall
memos_medium:1730,m1,SUPERSEDED,INSUFFICIENT,Dynamic Update
memos_medium:1730,m2,SUPERSEDED,SUPPORT,Dynamic Update
memos_medium:1730,m3,SUPERSEDED,INSUFFICIENT,Dynamic Update
memos_medium:1730,m4,SUPERSEDED,INSUFFICIENT,Dynamic Update
memos_medium:1730,m5,SUPERSEDED,INSUFFICIENT,Dynamic Update
memos_medium:1730,m6,SUPERSEDED,INSUFFICIENT,Dynamic Update
memos_medium:1730,m7,SUPERSEDED,INSUFFICIENT,Dynamic Update
memos_medium:1730,m8,SUPERSEDED,INSUFFICIENT,Dynamic Update
memos_medium:1730,m9,SUPERSEDED,INSUFFICIENT,Dynamic Update
memos_medium:1730,m10,SUPERSEDED,INSUFFICIENT,Dynamic Update
memos_medium:1730,m11,SUPERSEDED,INSUFFICIENT,Dynamic Update
memos_medium:1731,m1,SUPERSEDED,SUPPORT,Dynamic Update
memos_medium:1731,m2,SUPPORT,SUPPORT,Dynamic Update
memos_medium:1731,m3,SUPERSEDED,SUPPORT,Dynamic Update
memos_medium:1731,m4,SUPERSEDED,INSUFFICIENT,Dynamic Update
memos_medium:1731,m5,SUPERSEDED,INSUFFICIENT,Dynamic Update
memos_medium:1731,m6,SUPERSEDED,SUPERSEDED,Dynamic Update
memos_medium:1731,m7,SUPERSEDED,INSUFFICIENT,Dynamic Update
memos_medium:1731,m8,SUPERSEDED,INSUFFICIENT,Dynamic Update
memos_medium:1731,m9,SUPERSEDED,INSUFFICIENT,Dynamic Update
memos_medium:1731,m10,SUPERSEDED,INSUFFICIENT,Dynamic Update
memos_medium:1731,m11,SUPERSEDED,INSUFFICIENT,Dynamic Update
memos_medium:1732,m1,SUPPORT,SUPPORT,Memory Conflict
memos_medium:1733,m1,SUPPORT,INSUFFICIENT,Memory Conflict
memos_medium:1733,m2,SUPPORT,INSUFFICIENT,Memory Conflict
memos_medium:1733,m3,SUPPORT,INSUFFICIENT,Memory Conflict
memos_medium:1733,m4,SUPPORT,INSUFFICIENT,Memory Conflict
memos_medium:1733,m6,SUPPORT,INSUFFICIENT,Memory Conflict
memos_medium:1733,m7,SUPPORT,INSUFFICIENT,Memory Conflict
memos_medium:1734,m1,SUPPORT,SUPPORT,Memory Conflict
memos_medium:1734,m2,SUPPORT,SUPPORT,Memory Conflict
memos_medium:1734,m7,SUPPORT,INSUFFICIENT,Memory Conflict
memos_medium:1734,m9,SUPPORT,INSUFFICIENT,Memory Conflict
memos_medium:1734,m11,SUPPORT,INSUFFICIENT,Memory Conflict
memos_medium:1735,m1,SUPPORT,SUPPORT,Multi-hop Inference
memos_medium:1735,m2,SUPPORT,SUPPORT,Multi-hop Inference
memos_medium:1736,m1,SUPPORT,SUPPORT,Multi-hop Inference
memos_medium:1736,m2,SUPPORT,SUPPORT,Multi-hop Inference
memos_medium:1736,m3,SUPPORT,SUPPORT,Multi-hop Inference
memos_medium:1736,m4,SUPPORT,SUPPORT,Multi-hop Inference
memos_medium:1736,m5,SUPPORT,SUPPORT,Multi-hop Inference
memos_medium:1736,m7,SUPPORT,SUPPORT,Multi-hop Inference
memos_medium:1736,m8,SUPPORT,SUPPORT,Multi-hop Inference
memos_medium:1736,m12,SUPPORT,SUPPORT,Multi-hop Inference
memos_medium:1737,m1,SUPPORT,SUPPORT,Multi-hop Inference
memos_medium:1737,m2,SUPPORT,SUPPORT,Multi-hop Inference
memos_medium:1737,m7,SUPPORT,SUPPORT,Multi-hop Inference
memos_medium:1737,m8,SUPPORT,SUPPORT,Multi-hop Inference
memos_medium:1737,m9,SUPPORT,INSUFFICIENT,Multi-hop Inference
memos_medium:1737,m10,SUPPORT,SUPPORT,Multi-hop Inference
memos_medium:1743,m2,SUPPORT,REFUTE,Generalization & Application
memos_medium:1743,m3,SUPPORT,SUPPORT,Generalization & Application
memos_medium:1743,m5,SUPPORT,SUPPORT,Generalization & Application
memos_medium:1744,m1,SUPPORT,REFUTE,Memory Conflict
memos_medium:1746,m1,SUPPORT,REFUTE,Memory Conflict
memos_medium:1746,m2,SUPPORT,REFUTE,Memory Conflict
memos_medium:1746,m3,SUPPORT,REFUTE,Memory Conflict
memos_medium:1746,m4,SUPPORT,REFUTE,Memory Conflict
memos_medium:1747,m3,SUPPORT,SUPPORT,Basic Fact Recall
memos_medium:1747,m7,SUPPORT,SUPPORT,Basic Fact Recall
memos_medium:1748,m2,SUPPORT,REFUTE,Memory Conflict
memos_medium:1748,m10,SUPPORT,REFUTE,Memory Conflict
memos_medium:1749,m1,SUPPORT,REFUTE,Memory Conflict
memos_medium:1753,m1,SUPPORT,SUPPORT,Basic Fact Recall
memos_medium:1753,m3,SUPPORT,SUPPORT,Basic Fact Recall
memos_medium:1753,m7,SUPPORT,SUPPORT,Basic Fact Recall
memos_medium:1754,m1,SUPPORT,SUPPORT,Generalization & Application
memos_medium:1754,m4,SUPPORT,SUPPORT,Generalization & Application
memos_medium:1755,m1,SUPPORT,REFUTE,Memory Conflict
memos_medium:1755,m2,SUPPORT,REFUTE,Memory Conflict
memos_medium:1755,m4,SUPPORT,REFUTE,Memory Conflict
memos_medium:1757,m1,SUPPORT,SUPPORT,Multi-hop Inference
memos_medium:1757,m2,SUPPORT,SUPPORT,Multi-hop Inference
memos_medium:1757,m5,SUPPORT,INSUFFICIENT,Multi-hop Inference
memos_medium:1758,m1,SUPPORT,SUPPORT,Multi-hop Inference
memos_medium:1758,m3,SUPPORT,SUPPORT,Multi-hop Inference
memos_medium:1758,m5,SUPPORT,SUPPORT,Multi-hop Inference
memos_medium:1759,m1,SUPPORT,REFUTE,Memory Conflict
memos_medium:1760,m1,SUPPORT,REFUTE,Memory Conflict
memos_medium:1761,m1,SUPPORT,SUPPORT,Generalization & Application
memos_medium:1761,m3,SUPPORT,SUPPORT,Generalization & Application
memos_medium:1761,m6,SUPPORT,SUPPORT,Generalization & Application
memos_medium:1764,m1,SUPERSEDED,SUPPORT,Dynamic Update
memos_medium:1764,m2,SUPERSEDED,INSUFFICIENT,Dynamic Update
memos_medium:1764,m3,SUPERSEDED,INSUFFICIENT,Dynamic Update
memos_medium:1764,m4,SUPERSEDED,INSUFFICIENT,Dynamic Update
memos_medium:1764,m5,SUPERSEDED,INSUFFICIENT,Dynamic Update
memos_medium:1764,m6,SUPERSEDED,INSUFFICIENT,Dynamic Update
memos_medium:1764,m7,SUPERSEDED,INSUFFICIENT,Dynamic Update
memos_medium:1764,m8,SUPERSEDED,INSUFFICIENT,Dynamic Update
memos_medium:1764,m9,SUPERSEDED,INSUFFICIENT,Dynamic Update
memos_medium:1764,m10,SUPERSEDED,INSUFFICIENT,Dynamic Update
memos_medium:1764,m11,SUPERSEDED,INSUFFICIENT,Dynamic Update
memos_medium:1766,m1,SUPPORT,SUPPORT,Basic Fact Recall
memos_medium:1766,m8,SUPPORT,SUPPORT,Basic Fact Recall
memos_medium:1767,m1,SUPPORT,SUPPORT,Memory Conflict
memos_medium:1773,m9,SUPPORT,INSUFFICIENT,Memory Conflict
memos_medium:1774,m1,SUPPORT,SUPPORT,Basic Fact Recall
memos_medium:1774,m8,SUPPORT,SUPPORT,Basic Fact Recall
memos_medium:1776,m1,SUPPORT,SUPPORT,Generalization & Application
memos_medium:1776,m5,SUPPORT,SUPPORT,Generalization & Application
memos_medium:1776,m7,SUPPORT,SUPPORT,Generalization & Application
memos_medium:1776,m12,SUPPORT,SUPPORT,Generalization & Application
memos_medium:1777,m1,SUPPORT,SUPPORT,Multi-hop Inference
memos_medium:1777,m2,SUPPORT,SUPPORT,Multi-hop Inference
memos_medium:1777,m3,SUPPORT,SUPPORT,Multi-hop Inference
memos_medium:1777,m10,SUPPORT,SUPPORT,Multi-hop Inference
memos_medium:1777,m11,SUPPORT,SUPPORT,Multi-hop Inference
memos_medium:1778,m1,SUPPORT,SUPPORT,Basic Fact Recall
memos_medium:1778,m3,SUPPORT,INSUFFICIENT,Basic Fact Recall
memos_medium:1779,m2,SUPPORT,SUPPORT,Basic Fact Recall
memos_medium:1784,m1,SUPERSEDED,INSUFFICIENT,Dynamic Update
memos_medium:1784,m2,SUPPORT,SUPPORT,Dynamic Update
memos_medium:1784,m3,SUPERSEDED,INSUFFICIENT,Dynamic Update
memos_medium:1784,m4,SUPERSEDED,INSUFFICIENT,Dynamic Update
memos_medium:1784,m5,SUPERSEDED,INSUFFICIENT,Dynamic Update
memos_medium:1784,m6,SUPERSEDED,INSUFFICIENT,Dynamic Update
memos_medium:1784,m7,SUPERSEDED,INSUFFICIENT,Dynamic Update
memos_medium:1784,m8,SUPERSEDED,INSUFFICIENT,Dynamic Update
memos_medium:1784,m9,SUPERSEDED,INSUFFICIENT,Dynamic Update
memos_medium:1784,m10,SUPERSEDED,INSUFFICIENT,Dynamic Update
memos_medium:1784,m11,SUPERSEDED,INSUFFICIENT,Dynamic Update
memos_medium:1784,m12,SUPERSEDED,INSUFFICIENT,Dynamic Update
memos_medium:1788,m1,SUPPORT,SUPPORT,Generalization & Application
memos_medium:1788,m2,SUPPORT,SUPPORT,Generalization & Application
memos_medium:1788,m4,SUPPORT,SUPPORT,Generalization & Application
memos_medium:1788,m8,SUPPORT,SUPPORT,Generalization & Application
memos_medium:1790,m1,SUPPORT,REFUTE,Memory Conflict
memos_medium:1790,m7,SUPPORT,REFUTE,Memory Conflict
memos_medium:1791,m1,SUPPORT,SUPPORT,Memory Conflict
memos_medium:1791,m11,SUPPORT,SUPPORT,Memory Conflict
memos_medium:1795,m4,SUPPORT,REFUTE,Memory Conflict
memos_medium:1797,m1,SUPERSEDED,INSUFFICIENT,Dynamic Update
memos_medium:1797,m2,SUPERSEDED,SUPPORT,Dynamic Update
memos_medium:1797,m3,SUPERSEDED,INSUFFICIENT,Dynamic Update
memos_medium:1797,m4,SUPERSEDED,INSUFFICIENT,Dynamic Update
memos_medium:1797,m5,SUPERSEDED,INSUFFICIENT,Dynamic Update
memos_medium:1797,m6,SUPPORT,SUPPORT,Dynamic Update
memos_medium:1797,m7,SUPERSEDED,INSUFFICIENT,Dynamic Update
memos_medium:1797,m8,SUPERSEDED,INSUFFICIENT,Dynamic Update
memos_medium:1797,m9,SUPERSEDED,INSUFFICIENT,Dynamic Update
memos_medium:1797,m10,SUPERSEDED,INSUFFICIENT,Dynamic Update
memos_medium:1797,m11,SUPERSEDED,INSUFFICIENT,Dynamic Update
memos_medium:1797,m12,SUPERSEDED,INSUFFICIENT,Dynamic Update
memos_medium:1798,m1,SUPPORT,SUPPORT,Memory Conflict
memos_medium:1799,m1,SUPPORT,REFUTE,Memory Conflict
memos_medium:1799,m8,SUPPORT,REFUTE,Memory Conflict
memos_medium:1802,m2,SUPPORT,SUPPORT,Basic Fact Recall
memos_medium:1802,m6,SUPPORT,SUPPORT,Basic Fact Recall
memos_medium:1803,m1,SUPPORT,SUPPORT,Basic Fact Recall
memos_medium:1804,m1,SUPPORT,SUPPORT,Generalization & Application
memos_medium:1804,m2,SUPPORT,SUPPORT,Generalization & Application
memos_medium:1804,m3,SUPPORT,SUPPORT,Generalization & Application
memos_medium:1804,m8,SUPPORT,SUPPORT,Generalization & Application
memos_medium:1804,m11,SUPPORT,SUPPORT,Generalization & Application
memos_medium:1807,m4,SUPPORT,SUPPORT,Generalization & Application
memos_medium:1807,m8,SUPPORT,INSUFFICIENT,Generalization & Application
memos_medium:1808,m2,SUPPORT,SUPPORT,Memory Conflict
memos_medium:1811,m1,SUPPORT,SUPPORT,Memory Conflict
memos_medium:1811,m3,SUPPORT,REFUTE,Memory Conflict
memos_medium:1811,m4,SUPPORT,SUPPORT,Memory Conflict
memos_medium:1815,m5,SUPPORT,INSUFFICIENT,Basic Fact Recall
memos_medium:1816,m1,SUPPORT,SUPPORT,Generalization & Application
memos_medium:1816,m3,SUPPORT,SUPPORT,Generalization & Application
memos_medium:1816,m10,SUPPORT,SUPPORT,Generalization & Application
memos_medium:1818,m1,SUPPORT,REFUTE,Memory Conflict
memos_medium:1818,m2,SUPPORT,REFUTE,Memory Conflict
memos_medium:1824,m3,SUPPORT,SUPPORT,Basic Fact Recall
memos_medium:1828,m1,SUPPORT,SUPPORT,Generalization & Application
memos_medium:1828,m2,SUPPORT,INSUFFICIENT,Generalization & Application
memos_medium:1828,m3,SUPPORT,SUPPORT,Generalization & Application
memos_medium:1829,m2,SUPPORT,SUPPORT,Generalization & Application
memos_medium:1829,m8,SUPPORT,SUPPORT,Generalization & Application
memos_medium:1830,m1,SUPPORT,SUPPORT,Generalization & Application
memos_medium:1832,m1,SUPPORT,REFUTE,Memory Conflict
memos_medium:1832,m2,SUPPORT,REFUTE,Memory Conflict
memos_medium:1834,m1,SUPPORT,SUPPORT,Generalization & Application
memos_medium:1834,m10,SUPPORT,SUPPORT,Generalization & Application
memos_medium:1835,m6,SUPPORT,SUPPORT,Generalization & Application
memos_medium:1835,m9,SUPPORT,SUPPORT,Generalization & Application
memos_medium:1835,m12,SUPPORT,SUPPORT,Generalization & Application
memos_medium:1838,m1,SUPPORT,SUPPORT,Basic Fact Recall
memos_medium:1838,m9,SUPPORT,SUPPORT,Basic Fact Recall
memos_medium:1840,m1,SUPPORT,SUPPORT,Generalization & Application
memos_medium:1840,m2,SUPPORT,SUPPORT,Generalization & Application
memos_medium:1840,m3,SUPPORT,SUPPORT,Generalization & Application
memos_medium:1840,m5,SUPPORT,SUPPORT,Generalization & Application
memos_medium:1840,m7,SUPPORT,SUPPORT,Generalization & Application
memos_medium:1842,m3,SUPPORT,SUPPORT,Basic Fact Recall
memos_medium:1843,m2,SUPPORT,REFUTE,Memory Conflict
memos_medium:1843,m3,SUPPORT,REFUTE,Memory Conflict
memos_medium:1843,m7,SUPPORT,REFUTE,Memory Conflict
memos_medium:1844,m4,SUPPORT,INSUFFICIENT,Memory Conflict
memos_medium:1848,m1,SUPPORT,SUPPORT,Generalization & Application
memos_medium:1848,m2,SUPPORT,SUPPORT,Generalization & Application
memos_medium:1848,m4,SUPPORT,SUPPORT,Generalization & Application
memos_medium:1848,m8,SUPPORT,SUPPORT,Generalization & Application
memos_medium:1848,m9,SUPPORT,SUPPORT,Generalization & Application
memos_medium:1849,m2,SUPPORT,SUPPORT,Basic Fact Recall
memos_medium:1851,m3,SUPPORT,SUPPORT,Basic Fact Recall
memos_medium:1851,m5,SUPPORT,SUPPORT,Basic Fact Recall
memos_medium:1852,m3,SUPPORT,SUPPORT,Basic Fact Recall
memos_medium:1853,m4,SUPPORT,SUPPORT,Generalization & Application
memos_medium:1853,m6,SUPPORT,INSUFFICIENT,Generalization & Application
memos_medium:1853,m8,SUPPORT,SUPPORT,Generalization & Application
memos_medium:1855,m3,SUPPORT,SUPPORT,Basic Fact Recall
memos_medium:1855,m9,SUPPORT,SUPPORT,Basic Fact Recall
memos_medium:1855,m10,SUPPORT,SUPPORT,Basic Fact Recall
memos_medium:1856,m1,SUPPORT,REFUTE,Memory Conflict
memos_medium:1856,m7,SUPPORT,REFUTE,Memory Conflict
memos_medium:1856,m8,SUPPORT,REFUTE,Memory Conflict
memos_medium:1856,m10,SUPPORT,REFUTE,Memory Conflict
memos_medium:1858,m1,SUPPORT,REFUTE,Memory Conflict
memos_medium:1858,m2,SUPPORT,REFUTE,Memory Conflict
memos_medium:1858,m3,SUPPORT,REFUTE,Memory Conflict
memos_medium:1858,m6,SUPPORT,INSUFFICIENT,Memory Conflict
memos_medium:1858,m8,SUPPORT,REFUTE,Memory Conflict
memos_medium:1858,m9,SUPPORT,REFUTE,Memory Conflict
memos_medium:1858,m10,SUPPORT,REFUTE,Memory Conflict
memos_medium:1859,m1,SUPPORT,SUPPORT,Generalization & Application
memos_medium:1859,m2,SUPPORT,SUPPORT,Generalization & Application
memos_medium:1859,m5,SUPPORT,SUPPORT,Generalization & Application
memos_medium:1859,m8,SUPPORT,SUPPORT,Generalization & Application
memos_medium:1859,m11,SUPPORT,SUPPORT,Generalization & Application
memos_medium:1859,m12,SUPPORT,SUPPORT,Generalization & Application
memos_medium:1860,m1,SUPPORT,SUPPORT,Generalization & Application
memos_medium:1860,m2,SUPPORT,SUPPORT,Generalization & Application
memos_medium:1860,m4,SUPPORT,SUPPORT,Generalization & Application
memos_medium:1860,m9,SUPPORT,SUPPORT,Generalization & Application
memos_medium:1862,m1,SUPPORT,INSUFFICIENT,Memory Conflict
memos_medium:1862,m2,SUPPORT,REFUTE,Memory Conflict
memos_medium:1862,m3,SUPPORT,INSUFFICIENT,Memory Conflict
memos_medium:1862,m7,SUPPORT,REFUTE,Memory Conflict
memos_medium:1866,m2,SUPPORT,SUPPORT,Generalization & Application
memos_medium:1867,m1,SUPPORT,SUPPORT,Generalization & Application
memos_medium:1867,m2,SUPPORT,SUPPORT,Generalization & Application
memos_medium:1867,m3,SUPPORT,SUPPORT,Generalization & Application
memos_medium:1867,m4,SUPPORT,SUPPORT,Generalization & Application
memos_medium:1867,m5,SUPPORT,SUPPORT,Generalization & Application
memos_medium:1867,m7,SUPPORT,SUPPORT,Generalization & Application
memos_medium:1867,m8,SUPPORT,SUPPORT,Generalization & Application
memos_medium:1867,m9,SUPPORT,SUPPORT,Generalization & Application
memos_medium:1867,m11,SUPPORT,SUPPORT,Generalization & Application
memos_medium:1868,m1,SUPPORT,SUPPORT,Basic Fact Recall
memos_medium:1869,m2,SUPPORT,SUPPORT,Basic Fact Recall
memos_medium:1869,m3,SUPPORT,SUPPORT,Basic Fact Recall
memos_medium:1869,m7,SUPPORT,SUPPORT,Basic Fact Recall
memos_medium:1869,m8,SUPPORT,SUPPORT,Basic Fact Recall
memos_medium:1869,m10,SUPPORT,SUPPORT,Basic Fact Recall
memos_medium:1869,m11,SUPPORT,SUPPORT,Basic Fact Recall
memos_medium:1870,m1,SUPPORT,REFUTE,Memory Conflict
memos_medium:1870,m2,SUPPORT,REFUTE,Memory Conflict
memos_medium:1870,m3,SUPPORT,REFUTE,Memory Conflict
memos_medium:1870,m7,SUPPORT,REFUTE,Memory Conflict
memos_medium:1870,m8,SUPPORT,REFUTE,Memory Conflict
memos_medium:1870,m9,SUPPORT,REFUTE,Memory Conflict
memos_medium:1873,m1,SUPPORT,SUPPORT,Generalization & Application
memos_medium:1873,m5,SUPPORT,SUPPORT,Generalization & Application
memos_medium:1873,m7,SUPPORT,SUPPORT,Generalization & Application
memos_medium:1873,m8,SUPPORT,SUPPORT,Generalization & Application
memos_medium:1873,m9,SUPPORT,SUPPORT,Generalization & Application
memos_medium:1873,m12,SUPPORT,SUPPORT,Generalization & Application
memos_medium:1874,m1,SUPPORT,INSUFFICIENT,Memory Conflict
memos_medium:1874,m2,SUPPORT,INSUFFICIENT,Memory Conflict
memos_medium:1874,m3,SUPPORT,INSUFFICIENT,Memory Conflict
memos_medium:1874,m8,SUPPORT,INSUFFICIENT,Memory Conflict
memos_medium:1874,m9,SUPPORT,INSUFFICIENT,Memory Conflict
memos_medium:1875,m1,SUPPORT,SUPPORT,Basic Fact Recall
memos_medium:1875,m2,SUPPORT,SUPPORT,Basic Fact Recall
memos_medium:1876,m1,SUPPORT,SUPPORT,Generalization & Application
memos_medium:1876,m2,SUPPORT,SUPPORT,Generalization & Application
memos_medium:1876,m7,SUPPORT,SUPPORT,Generalization & Application
memos_medium:1880,m2,SUPPORT,INSUFFICIENT,Multi-hop Inference
memos_medium:1880,m3,SUPPORT,INSUFFICIENT,Multi-hop Inference
memos_medium:1880,m4,SUPPORT,SUPPORT,Multi-hop Inference
memos_medium:1881,m1,SUPPORT,SUPPORT,Multi-hop Inference
memos_medium:1881,m2,SUPPORT,SUPPORT,Multi-hop Inference
memos_medium:1882,m4,SUPPORT,SUPPORT,Generalization & Application
memos_medium:1882,m8,SUPPORT,SUPPORT,Generalization & Application
memos_medium:1882,m10,SUPPORT,SUPPORT,Generalization & Application
memos_medium:1883,m1,SUPPORT,SUPPORT,Generalization & Application
memos_medium:1883,m2,SUPPORT,SUPPORT,Generalization & Application
memos_medium:1883,m7,SUPPORT,SUPPORT,Generalization & Application
memos_medium:1883,m9,SUPPORT,SUPPORT,Generalization & Application
memos_medium:1885,m3,SUPPORT,SUPPORT,Generalization & Application
memos_medium:1887,m1,SUPPORT,SUPPORT,Basic Fact Recall
memos_medium:1887,m11,SUPPORT,SUPPORT,Basic Fact Recall
memos_medium:1887,m12,SUPPORT,INSUFFICIENT,Basic Fact Recall
memos_medium:1888,m1,SUPPORT,INSUFFICIENT,Memory Conflict
memos_medium:1888,m6,SUPPORT,INSUFFICIENT,Memory Conflict
memos_medium:1888,m9,SUPPORT,INSUFFICIENT,Memory Conflict
memos_medium:1888,m11,SUPPORT,INSUFFICIENT,Memory Conflict
memos_medium:1888,m12,SUPPORT,INSUFFICIENT,Memory Conflict
memos_medium:1890,m1,SUPPORT,SUPPORT,Basic Fact Recall
memos_medium:1890,m3,SUPPORT,CURRENT,Basic Fact Recall
memos_medium:1892,m1,SUPPORT,INSUFFICIENT,Generalization & Application
memos_medium:1892,m3,SUPPORT,SUPPORT,Generalization & Application
memos_medium:1892,m6,SUPPORT,CURRENT,Generalization & Application
memos_medium:1892,m7,SUPPORT,SUPPORT,Generalization & Application
memos_medium:1892,m9,SUPPORT,SUPPORT,Generalization & Application
memos_medium:1892,m10,SUPPORT,SUPPORT,Generalization & Application
memos_medium:1892,m11,SUPPORT,SUPPORT,Generalization & Application
memos_medium:1893,m1,SUPPORT,REFUTE,Memory Conflict
memos_medium:1897,m1,SUPPORT,INSUFFICIENT,Multi-hop Inference
memos_medium:1897,m2,SUPPORT,INSUFFICIENT,Multi-hop Inference
memos_medium:1898,m2,SUPPORT,SUPPORT,Multi-hop Inference
memos_medium:1898,m5,SUPPORT,SUPPORT,Multi-hop Inference
memos_medium:1898,m9,SUPPORT,INSUFFICIENT,Multi-hop Inference
memos_medium:1899,m1,SUPERSEDED,INSUFFICIENT,Dynamic Update
memos_medium:1899,m2,SUPERSEDED,SUPPORT,Dynamic Update
memos_medium:1899,m3,SUPERSEDED,INSUFFICIENT,Dynamic Update
memos_medium:1899,m4,SUPERSEDED,SUPERSEDED,Dynamic Update
memos_medium:1899,m5,SUPERSEDED,INSUFFICIENT,Dynamic Update
memos_medium:1899,m6,SUPERSEDED,INSUFFICIENT,Dynamic Update
memos_medium:1899,m7,SUPERSEDED,INSUFFICIENT,Dynamic Update
memos_medium:1899,m8,SUPERSEDED,INSUFFICIENT,Dynamic Update
memos_medium:1899,m9,SUPERSEDED,INSUFFICIENT,Dynamic Update
memos_medium:1899,m10,SUPERSEDED,INSUFFICIENT,Dynamic Update
memos_medium:1899,m11,SUPERSEDED,INSUFFICIENT,Dynamic Update
memos_medium:1899,m12,SUPERSEDED,INSUFFICIENT,Dynamic Update
memos_medium:1901,m1,SUPERSEDED,INSUFFICIENT,Dynamic Update
memos_medium:1901,m2,SUPERSEDED,INSUFFICIENT,Dynamic Update
memos_medium:1901,m3,SUPERSEDED,INSUFFICIENT,Dynamic Update
memos_medium:1901,m4,SUPERSEDED,INSUFFICIENT,Dynamic Update
memos_medium:1901,m5,SUPERSEDED,INSUFFICIENT,Dynamic Update
memos_medium:1901,m6,SUPERSEDED,INSUFFICIENT,Dynamic Update
memos_medium:1901,m7,SUPERSEDED,INSUFFICIENT,Dynamic Update
memos_medium:1901,m8,SUPERSEDED,INSUFFICIENT,Dynamic Update
memos_medium:1901,m9,SUPERSEDED,INSUFFICIENT,Dynamic Update
memos_medium:1901,m10,SUPERSEDED,INSUFFICIENT,Dynamic Update
memos_medium:1901,m11,SUPERSEDED,INSUFFICIENT,Dynamic Update
memos_medium:1901,m12,SUPERSEDED,INSUFFICIENT,Dynamic Update
memos_medium:1902,m1,SUPPORT,SUPPORT,Basic Fact Recall
memos_medium:1903,m1,SUPPORT,SUPPORT,Basic Fact Recall
memos_medium:1906,m4,SUPPORT,INSUFFICIENT,Basic Fact Recall
memos_medium:1909,m10,SUPPORT,SUPPORT,Basic Fact Recall
memos_medium:1911,m1,SUPPORT,SUPPORT,Generalization & Application
memos_medium:1911,m2,SUPPORT,SUPPORT,Generalization & Application
memos_medium:1911,m3,SUPPORT,SUPPORT,Generalization & Application
memos_medium:1912,m2,SUPPORT,SUPPORT,Generalization & Application
memos_medium:1913,m1,SUPERSEDED,INSUFFICIENT,Dynamic Update
memos_medium:1913,m2,SUPERSEDED,INSUFFICIENT,Dynamic Update
memos_medium:1913,m3,SUPERSEDED,INSUFFICIENT,Dynamic Update
memos_medium:1913,m4,SUPPORT,SUPPORT,Dynamic Update
memos_medium:1913,m5,SUPERSEDED,INSUFFICIENT,Dynamic Update
memos_medium:1913,m6,SUPERSEDED,INSUFFICIENT,Dynamic Update
memos_medium:1913,m7,SUPERSEDED,INSUFFICIENT,Dynamic Update
memos_medium:1913,m8,SUPERSEDED,INSUFFICIENT,Dynamic Update
memos_medium:1913,m9,SUPERSEDED,INSUFFICIENT,Dynamic Update
memos_medium:1914,m1,SUPPORT,INSUFFICIENT,Dynamic Update
memos_medium:1914,m2,SUPPORT,SUPPORT,Dynamic Update
memos_medium:1914,m3,SUPERSEDED,INSUFFICIENT,Dynamic Update
memos_medium:1914,m4,SUPERSEDED,INSUFFICIENT,Dynamic Update
memos_medium:1914,m5,SUPERSEDED,INSUFFICIENT,Dynamic Update
memos_medium:1914,m6,SUPERSEDED,INSUFFICIENT,Dynamic Update
memos_medium:1914,m7,SUPERSEDED,INSUFFICIENT,Dynamic Update
memos_medium:1914,m8,SUPERSEDED,INSUFFICIENT,Dynamic Update
memos_medium:1914,m9,SUPERSEDED,INSUFFICIENT,Dynamic Update
memos_medium:1914,m10,SUPERSEDED,INSUFFICIENT,Dynamic Update
memos_medium:1915,m1,SUPERSEDED,INSUFFICIENT,Dynamic Update
memos_medium:1915,m2,SUPERSEDED,INSUFFICIENT,Dynamic Update
memos_medium:1915,m3,SUPERSEDED,INSUFFICIENT,Dynamic Update
memos_medium:1915,m4,SUPERSEDED,INSUFFICIENT,Dynamic Update
memos_medium:1915,m5,SUPERSEDED,INSUFFICIENT,Dynamic Update
memos_medium:1915,m6,SUPERSEDED,SUPPORT,Dynamic Update
memos_medium:1915,m7,SUPERSEDED,INSUFFICIENT,Dynamic Update
memos_medium:1915,m8,SUPERSEDED,INSUFFICIENT,Dynamic Update
memos_medium:1915,m9,SUPERSEDED,INSUFFICIENT,Dynamic Update
memos_medium:1915,m10,SUPERSEDED,INSUFFICIENT,Dynamic Update
memos_medium:1916,m1,SUPPORT,SUPPORT,Multi-hop Inference
memos_medium:1916,m3,SUPPORT,SUPPORT,Multi-hop Inference
memos_medium:1916,m10,SUPPORT,SUPPORT,Multi-hop Inference
memos_medium:1922,m1,SUPPORT,REFUTE,Memory Conflict
memos_medium:1922,m2,SUPPORT,REFUTE,Memory Conflict
memos_medium:1923,m1,SUPPORT,SUPPORT,Memory Conflict
memos_medium:1923,m8,SUPPORT,SUPPORT,Memory Conflict
memos_medium:1924,m1,SUPPORT,REFUTE,Memory Conflict
memos_medium:1925,m1,SUPPORT,REFUTE,Memory Conflict
memos_medium:1925,m2,SUPPORT,REFUTE,Memory Conflict
memos_medium:1925,m3,SUPPORT,REFUTE,Memory Conflict
memos_medium:1925,m7,SUPPORT,REFUTE,Memory Conflict
memos_medium:1925,m8,SUPPORT,REFUTE,Memory Conflict
memos_medium:1925,m10,SUPPORT,REFUTE,Memory Conflict
memos_medium:1926,m3,SUPPORT,SUPPORT,Basic Fact Recall
memos_medium:1927,m1,SUPPORT,SUPPORT,Multi-hop Inference
memos_medium:1928,m1,SUPPORT,SUPPORT,Multi-hop Inference
memos_medium:1928,m2,SUPPORT,SUPPORT,Multi-hop Inference
memos_medium:1928,m5,SUPPORT,SUPPORT,Multi-hop Inference
memos_medium:1929,m1,SUPPORT,SUPPORT,Multi-hop Inference
memos_medium:1930,m1,SUPPORT,SUPPORT,Multi-hop Inference
memos_medium:1930,m2,SUPPORT,INSUFFICIENT,Multi-hop Inference
memos_medium:1930,m4,SUPPORT,SUPPORT,Multi-hop Inference
memos_medium:1930,m10,SUPPORT,INSUFFICIENT,Multi-hop Inference
memos_medium:1931,m1,SUPPORT,SUPPORT,Generalization & Application
memos_medium:1932,m1,SUPPORT,SUPPORT,Generalization & Application
memos_medium:1932,m9,SUPPORT,SUPPORT,Generalization & Application
memos_medium:1934,m2,SUPPORT,SUPPORT,Generalization & Application
memos_medium:1934,m3,SUPPORT,SUPPORT,Generalization & Application
memos_medium:1934,m8,SUPPORT,SUPPORT,Generalization & Application
memos_medium:1936,m1,SUPPORT,INSUFFICIENT,Memory Conflict
memos_medium:1936,m8,SUPPORT,INSUFFICIENT,Memory Conflict
memos_medium:1936,m9,SUPPORT,INSUFFICIENT,Memory Conflict
memos_medium:1939,m1,SUPPORT,INSUFFICIENT,Memory Conflict
memos_medium:1939,m4,SUPPORT,SUPPORT,Memory Conflict
memos_medium:1939,m10,SUPPORT,INSUFFICIENT,Memory Conflict
memos_medium:1940,m3,SUPPORT,REFUTE,Memory Conflict
memos_medium:1941,m1,SUPPORT,SUPPORT,Generalization & Application
memos_medium:1941,m3,SUPPORT,SUPPORT,Generalization & Application
memos_medium:1943,m1,SUPPORT,SUPPORT,Generalization & Application
memos_medium:1943,m3,SUPPORT,SUPPORT,Generalization & Application
memos_medium:1943,m4,SUPPORT,SUPPORT,Generalization & Application
memos_medium:1944,m1,SUPPORT,REFUTE,Memory Conflict
memos_medium:1944,m2,SUPPORT,REFUTE,Memory Conflict
memos_medium:1944,m3,SUPPORT,REFUTE,Memory Conflict
memos_medium:1944,m4,SUPPORT,INSUFFICIENT,Memory Conflict
memos_medium:1946,m1,SUPPORT,REFUTE,Memory Conflict
memos_medium:1946,m4,SUPPORT,REFUTE,Memory Conflict
memos_medium:1946,m5,SUPPORT,REFUTE,Memory Conflict
memos_medium:1947,m5,SUPPORT,SUPPORT,Generalization & Application
memos_medium:1949,m6,SUPPORT,SUPPORT,Basic Fact Recall
memos_medium:1950,m2,SUPPORT,SUPPORT,Basic Fact Recall
memos_medium:1955,m1,SUPPORT,REFUTE,Memory Conflict
memos_medium:1959,m5,SUPPORT,SUPPORT,Basic Fact Recall
memos_medium:1960,m2,SUPPORT,SUPPORT,Basic Fact Recall
memos_medium:1960,m9,SUPPORT,SUPPORT,Basic Fact Recall
memos_medium:1963,m4,SUPPORT,REFUTE,Memory Conflict
memos_medium:1964,m4,SUPPORT,REFUTE,Memory Conflict
memos_medium:1967,m1,SUPPORT,REFUTE,Memory Conflict
memos_medium:1967,m7,SUPPORT,INSUFFICIENT,Memory Conflict
memos_medium:1968,m1,SUPPORT,REFUTE,Memory Conflict
memos_medium:1968,m2,SUPPORT,REFUTE,Memory Conflict
memos_medium:1968,m5,SUPPORT,REFUTE,Memory Conflict
memos_medium:1969,m1,SUPPORT,REFUTE,Memory Conflict
memos_medium:1969,m2,SUPPORT,REFUTE,Memory Conflict
memos_medium:1969,m5,SUPPORT,REFUTE,Memory Conflict
memos_medium:1969,m8,SUPPORT,REFUTE,Memory Conflict
memos_medium:1970,m1,SUPPORT,SUPPORT,Generalization & Application
memos_medium:1970,m2,SUPPORT,SUPPORT,Generalization & Application
memos_medium:1971,m1,SUPPORT,SUPPORT,Generalization & Application
memos_medium:1971,m2,SUPPORT,SUPPORT,Generalization & Application
memos_medium:1971,m3,SUPPORT,SUPPORT,Generalization & Application
memos_medium:1971,m4,SUPPORT,SUPPORT,Generalization & Application
memos_medium:1971,m7,SUPPORT,SUPPORT,Generalization & Application
memos_medium:1972,m1,SUPPORT,SUPPORT,Generalization & Application
memos_medium:1972,m3,SUPPORT,SUPPORT,Generalization & Application
memos_medium:1972,m5,SUPPORT,SUPPORT,Generalization & Application
memos_medium:1972,m10,SUPPORT,SUPPORT,Generalization & Application
memos_medium:1973,m2,SUPPORT,SUPPORT,Generalization & Application
memos_medium:1973,m5,SUPPORT,SUPPORT,Generalization & Application
memos_medium:1977,m3,SUPPORT,SUPPORT,Basic Fact Recall
memos_medium:1978,m1,SUPPORT,SUPPORT,Generalization & Application
memos_medium:1981,m1,SUPPORT,SUPPORT,Generalization & Application
memos_medium:1981,m8,SUPPORT,SUPPORT,Generalization & Application
memos_medium:1982,m1,SUPPORT,REFUTE,Memory Conflict
memos_medium:1983,m1,SUPPORT,SUPPORT,Generalization & Application
memos_medium:1983,m2,SUPPORT,SUPPORT,Generalization & Application
memos_medium:1983,m3,SUPPORT,SUPPORT,Generalization & Application
memos_medium:1983,m9,SUPPORT,SUPPORT,Generalization & Application
memos_medium:1984,m1,SUPPORT,INSUFFICIENT,Memory Conflict
memos_medium:1984,m4,SUPPORT,INSUFFICIENT,Memory Conflict
memos_medium:1985,m1,SUPPORT,SUPPORT,Generalization & Application
memos_medium:1985,m2,SUPPORT,SUPPORT,Generalization & Application
memos_medium:1985,m6,SUPPORT,SUPPORT,Generalization & Application
memos_medium:1986,m3,SUPPORT,SUPPORT,Generalization & Application
memos_medium:1987,m1,SUPPORT,SUPPORT,Generalization & Application
memos_medium:1987,m3,SUPPORT,SUPPORT,Generalization & Application
memos_medium:1987,m4,SUPPORT,SUPPORT,Generalization & Application
memos_medium:1998,m2,SUPPORT,SUPPORT,Generalization & Application
memos_medium:1999,m2,SUPPORT,SUPPORT,Basic Fact Recall
memos_medium:2001,m6,SUPPORT,SUPPORT,Basic Fact Recall
memos_medium:2004,m1,SUPPORT,SUPPORT,Generalization & Application
memos_medium:2004,m2,SUPPORT,SUPPORT,Generalization & Application
memos_medium:2004,m3,SUPPORT,SUPPORT,Generalization & Application
memos_medium:2004,m4,SUPPORT,SUPPORT,Generalization & Application
memos_medium:2005,m3,SUPPORT,INSUFFICIENT,Generalization & Application
memos_medium:2005,m5,SUPPORT,SUPPORT,Generalization & Application
memos_medium:2006,m6,SUPPORT,SUPPORT,Generalization & Application
memos_medium:2008,m5,SUPPORT,SUPPORT,Multi-hop Inference
memos_medium:2013,m3,SUPPORT,SUPPORT,Basic Fact Recall
memos_medium:2015,m1,SUPPORT,REFUTE,Memory Conflict
memos_medium:2015,m2,SUPPORT,REFUTE,Memory Conflict
memos_medium:2015,m3,SUPPORT,REFUTE,Memory Conflict
memos_medium:2016,m3,SUPPORT,SUPPORT,Generalization & Application
memos_medium:2016,m4,SUPPORT,SUPPORT,Generalization & Application
memos_medium:2016,m9,SUPPORT,SUPPORT,Generalization & Application
memos_medium:2017,m2,SUPPORT,SUPPORT,Basic Fact Recall
memos_medium:2018,m1,SUPPORT,SUPPORT,Generalization & Application
memos_medium:2018,m9,SUPPORT,INSUFFICIENT,Generalization & Application
memos_medium:2020,m1,SUPPORT,SUPPORT,Basic Fact Recall
memos_medium:2020,m2,SUPPORT,SUPPORT,Basic Fact Recall
memos_medium:2020,m9,SUPPORT,SUPPORT,Basic Fact Recall
memos_medium:2021,m1,SUPERSEDED,SUPPORT,Dynamic Update
memos_medium:2021,m2,SUPERSEDED,SUPPORT,Dynamic Update
memos_medium:2021,m3,SUPERSEDED,INSUFFICIENT,Dynamic Update
memos_medium:2021,m4,SUPERSEDED,INSUFFICIENT,Dynamic Update
memos_medium:2021,m5,SUPERSEDED,INSUFFICIENT,Dynamic Update
memos_medium:2021,m6,SUPERSEDED,SUPPORT,Dynamic Update
memos_medium:2021,m7,SUPERSEDED,INSUFFICIENT,Dynamic Update
memos_medium:2021,m8,SUPERSEDED,SUPPORT,Dynamic Update
memos_medium:2021,m9,SUPPORT,SUPPORT,Dynamic Update
memos_medium:2021,m10,SUPERSEDED,SUPPORT,Dynamic Update
memos_medium:2022,m1,SUPPORT,SUPPORT,Multi-hop Inference
memos_medium:2022,m3,SUPPORT,INSUFFICIENT,Multi-hop Inference
memos_medium:2022,m5,SUPPORT,SUPPORT,Multi-hop Inference
memos_medium:2023,m3,SUPPORT,SUPPORT,Basic Fact Recall
memos_medium:2024,m7,SUPPORT,INSUFFICIENT,Basic Fact Recall
memos_medium:2025,m4,SUPPORT,SUPPORT,Basic Fact Recall
memos_medium:2025,m8,SUPPORT,INSUFFICIENT,Basic Fact Recall
memos_medium:2026,m5,SUPPORT,REFUTE,Memory Conflict
memos_medium:2028,m3,SUPPORT,SUPPORT,Basic Fact Recall
memos_medium:2032,m3,SUPPORT,INSUFFICIENT,Memory Conflict
memos_medium:2033,m3,SUPPORT,SUPPORT,Generalization & Application
memos_medium:2033,m5,SUPPORT,SUPPORT,Generalization & Application
memos_medium:2033,m7,SUPPORT,SUPPORT,Generalization & Application
memos_medium:2033,m9,SUPPORT,SUPPORT,Generalization & Application
memos_medium:2033,m10,SUPPORT,SUPPORT,Generalization & Application
memos_medium:2034,m1,SUPPORT,SUPPORT,Generalization & Application
memos_medium:2034,m3,SUPPORT,SUPPORT,Generalization & Application
memos_medium:2034,m12,SUPPORT,SUPPORT,Generalization & Application
memos_medium:2035,m1,SUPPORT,SUPPORT,Generalization & Application
memos_medium:2035,m2,SUPPORT,SUPPORT,Generalization & Application
memos_medium:2037,m1,SUPPORT,REFUTE,Memory Conflict
memos_medium:2037,m2,SUPPORT,REFUTE,Memory Conflict
memos_medium:2037,m9,SUPPORT,REFUTE,Memory Conflict
memos_medium:2040,m1,SUPPORT,REFUTE,Memory Conflict
memos_medium:2048,m2,SUPPORT,REFUTE,Memory Conflict
memos_medium:2048,m9,SUPPORT,REFUTE,Memory Conflict
memos_medium:2049,m1,SUPPORT,CURRENT,Memory Conflict
memos_medium:2049,m3,SUPPORT,REFUTE,Memory Conflict
memos_medium:2049,m5,SUPPORT,CURRENT,Memory Conflict
memos_medium:2049,m8,SUPPORT,CURRENT,Memory Conflict
memos_medium:2049,m9,SUPPORT,CURRENT,Memory Conflict
memos_medium:2050,m3,SUPPORT,INSUFFICIENT,Basic Fact Recall
memos_medium:2050,m8,SUPPORT,SUPPORT,Basic Fact Recall
memos_medium:2050,m10,SUPPORT,SUPPORT,Basic Fact Recall
memos_medium:2051,m5,SUPPORT,SUPPORT,Basic Fact Recall
memos_medium:2051,m8,SUPPORT,SUPPORT,Basic Fact Recall
memos_medium:2051,m9,SUPPORT,SUPPORT,Basic Fact Recall
memos_medium:2052,m6,SUPPORT,SUPPORT,Multi-hop Inference
memos_medium:2052,m7,SUPPORT,SUPPORT,Multi-hop Inference
memos_medium:2052,m8,SUPPORT,SUPPORT,Multi-hop Inference
memos_medium:2052,m10,SUPPORT,SUPPORT,Multi-hop Inference
memos_medium:2052,m12,SUPPORT,SUPPORT,Multi-hop Inference
memos_medium:2055,m1,SUPPORT,SUPPORT,Dynamic Update
memos_medium:2055,m2,SUPERSEDED,INSUFFICIENT,Dynamic Update
memos_medium:2055,m3,SUPERSEDED,INSUFFICIENT,Dynamic Update
memos_medium:2055,m4,SUPERSEDED,INSUFFICIENT,Dynamic Update
memos_medium:2055,m5,SUPERSEDED,INSUFFICIENT,Dynamic Update
memos_medium:2055,m6,SUPERSEDED,INSUFFICIENT,Dynamic Update
memos_medium:2055,m7,SUPERSEDED,INSUFFICIENT,Dynamic Update
memos_medium:2055,m8,SUPERSEDED,INSUFFICIENT,Dynamic Update
memos_medium:2055,m9,SUPERSEDED,INSUFFICIENT,Dynamic Update
memos_medium:2055,m10,SUPERSEDED,INSUFFICIENT,Dynamic Update
memos_medium:2055,m11,SUPERSEDED,INSUFFICIENT,Dynamic Update
memos_medium:2055,m12,SUPERSEDED,INSUFFICIENT,Dynamic Update
memos_medium:2057,m1,SUPPORT,SUPPORT,Basic Fact Recall
memos_medium:2058,m1,SUPPORT,SUPPORT,Basic Fact Recall
memos_medium:2062,m7,SUPPORT,REFUTE,Memory Conflict
memos_medium:2062,m9,SUPPORT,REFUTE,Memory Conflict
memos_medium:2064,m1,SUPPORT,SUPPORT,Generalization & Application
memos_medium:2064,m2,SUPPORT,SUPPORT,Generalization & Application
memos_medium:2064,m3,SUPPORT,SUPPORT,Generalization & Application
memos_medium:2064,m4,SUPPORT,SUPPORT,Generalization & Application
memos_medium:2067,m2,SUPPORT,SUPPORT,Basic Fact Recall
memos_medium:2068,m1,SUPPORT,REFUTE,Memory Conflict
memos_medium:2068,m2,SUPPORT,REFUTE,Memory Conflict
memos_medium:2068,m10,SUPPORT,REFUTE,Memory Conflict
memos_medium:2069,m2,SUPPORT,SUPPORT,Generalization & Application
memos_medium:2069,m3,SUPPORT,SUPPORT,Generalization & Application
memos_medium:2069,m5,SUPPORT,SUPPORT,Generalization & Application
memos_medium:2069,m7,SUPPORT,SUPPORT,Generalization & Application
memos_medium:2072,m11,SUPPORT,INSUFFICIENT,Basic Fact Recall
memos_medium:2080,m1,SUPPORT,SUPPORT,Basic Fact Recall
memos_medium:2087,m4,SUPPORT,SUPPORT,Basic Fact Recall
memos_medium:2087,m12,SUPPORT,SUPPORT,Basic Fact Recall
memos_medium:2091,m1,SUPPORT,SUPPORT,Generalization & Application
memos_medium:2092,m5,SUPPORT,SUPPORT,Generalization & Application
memos_medium:2092,m9,SUPPORT,SUPPORT,Generalization & Application
memos_medium:2096,m1,SUPPORT,REFUTE,Memory Conflict
memos_medium:2096,m2,SUPPORT,REFUTE,Memory Conflict
memos_medium:2096,m9,SUPPORT,REFUTE,Memory Conflict
memos_medium:2099,m3,SUPPORT,SUPPORT,Generalization & Application
memos_medium:2101,m1,SUPPORT,SUPPORT,Basic Fact Recall
memos_medium:2102,m1,SUPPORT,SUPPORT,Generalization & Application
memos_medium:2102,m3,SUPPORT,SUPPORT,Generalization & Application
memos_medium:2103,m1,SUPPORT,INSUFFICIENT,Memory Conflict
memos_medium:2103,m3,SUPPORT,INSUFFICIENT,Memory Conflict
memos_medium:2103,m7,SUPPORT,INSUFFICIENT,Memory Conflict
memos_medium:2103,m9,SUPPORT,INSUFFICIENT,Memory Conflict
memos_medium:2105,m2,SUPPORT,SUPPORT,Generalization & Application
memos_medium:2105,m3,SUPPORT,SUPPORT,Generalization & Application
memos_medium:2105,m7,SUPPORT,SUPPORT,Generalization & Application
memos_medium:2105,m9,SUPPORT,SUPPORT,Generalization & Application
memos_medium:2108,m3,SUPPORT,REFUTE,Memory Conflict
memos_medium:2108,m7,SUPPORT,REFUTE,Memory Conflict
memos_medium:2109,m1,SUPPORT,INSUFFICIENT,Memory Conflict
memos_medium:2109,m2,SUPPORT,REFUTE,Memory Conflict
memos_medium:2109,m3,SUPPORT,REFUTE,Memory Conflict
memos_medium:2109,m9,SUPPORT,REFUTE,Memory Conflict
memos_medium:2111,m1,SUPPORT,SUPPORT,Generalization & Application
memos_medium:2111,m2,SUPPORT,SUPPORT,Generalization & Application
memos_medium:2111,m3,SUPPORT,SUPPORT,Generalization & Application
memos_medium:2116,m5,SUPPORT,REFUTE,Memory Conflict
memos_medium:2116,m10,SUPPORT,REFUTE,Memory Conflict
memos_medium:2117,m4,SUPPORT,REFUTE,Memory Conflict
memos_medium:2118,m5,SUPPORT,SUPPORT,Memory Conflict
memos_medium:2118,m12,SUPPORT,SUPPORT,Memory Conflict
memos_medium:2119,m1,SUPPORT,SUPPORT,Generalization & Application
memos_medium:2119,m2,SUPPORT,SUPPORT,Generalization & Application
memos_medium:2119,m6,SUPPORT,SUPPORT,Generalization & Application
memos_medium:2120,m1,SUPPORT,SUPPORT,Generalization & Application
memos_medium:2120,m3,SUPPORT,SUPPORT,Generalization & Application
memos_medium:2120,m4,SUPPORT,SUPPORT,Generalization & Application
memos_medium:2120,m5,SUPPORT,SUPPORT,Generalization & Application
memos_medium:2120,m7,SUPPORT,SUPPORT,Generalization & Application
memos_medium:2121,m3,SUPPORT,INSUFFICIENT,Generalization & Application
memos_medium:2121,m4,SUPPORT,SUPPORT,Generalization & Application
memos_medium:2121,m7,SUPPORT,SUPPORT,Generalization & Application
memos_medium:2122,m1,SUPPORT,SUPPORT,Generalization & Application
memos_medium:2122,m6,SUPPORT,SUPPORT,Generalization & Application
memos_medium:2123,m1,SUPPORT,SUPPORT,Generalization & Application
memos_medium:2123,m2,SUPPORT,SUPPORT,Generalization & Application
memos_medium:2123,m4,SUPPORT,SUPPORT,Generalization & Application
memos_medium:2127,m1,SUPPORT,SUPPORT,Generalization & Application
memos_medium:2127,m2,SUPPORT,SUPPORT,Generalization & Application
memos_medium:2127,m4,SUPPORT,SUPPORT,Generalization & Application
memos_medium:2127,m5,SUPPORT,SUPPORT,Generalization & Application
memos_medium:2127,m8,SUPPORT,SUPPORT,Generalization & Application
memos_medium:2128,m1,SUPPORT,SUPPORT,Generalization & Application
memos_medium:2128,m5,SUPPORT,SUPPORT,Generalization & Application
memos_medium:2129,m2,SUPPORT,SUPPORT,Basic Fact Recall
memos_medium:2129,m3,SUPPORT,SUPPORT,Basic Fact Recall
memos_medium:2129,m5,SUPPORT,SUPPORT,Basic Fact Recall
memos_medium:2134,m1,SUPPORT,SUPPORT,Generalization & Application
memos_medium:2134,m2,SUPPORT,SUPPORT,Generalization & Application
memos_medium:2134,m6,SUPPORT,SUPPORT,Generalization & Application
memos_medium:2135,m6,SUPPORT,REFUTE,Memory Conflict
memos_medium:2137,m3,SUPPORT,SUPPORT,Generalization & Application
memos_medium:2139,m1,SUPPORT,REFUTE,Memory Conflict
memos_medium:2139,m11,SUPPORT,REFUTE,Memory Conflict
memos_medium:2140,m1,SUPPORT,SUPPORT,Basic Fact Recall
memos_medium:2143,m1,SUPPORT,REFUTE,Memory Conflict
memos_medium:2144,m3,SUPPORT,REFUTE,Memory Conflict
memos_medium:2145,m1,SUPPORT,SUPPORT,Generalization & Application
memos_medium:2145,m2,SUPPORT,SUPPORT,Generalization & Application
memos_medium:2145,m7,SUPPORT,SUPPORT,Generalization & Application
memos_medium:2145,m11,SUPPORT,SUPPORT,Generalization & Application
memos_medium:2147,m7,SUPPORT,INSUFFICIENT,Memory Conflict
memos_medium:2147,m8,SUPPORT,INSUFFICIENT,Memory Conflict
memos_medium:2149,m7,SUPPORT,SUPPORT,Generalization & Application
memos_medium:2149,m12,SUPPORT,SUPPORT,Generalization & Application
memos_medium:2150,m1,SUPPORT,CURRENT,Memory Conflict
memos_medium:2150,m4,SUPPORT,CURRENT,Memory Conflict
memos_medium:2150,m5,SUPPORT,CURRENT,Memory Conflict
memos_medium:2150,m6,SUPPORT,CURRENT,Memory Conflict
memos_medium:2152,m2,SUPPORT,REFUTE,Memory Conflict
memos_medium:2152,m3,SUPPORT,REFUTE,Memory Conflict
memos_medium:2152,m4,SUPPORT,INSUFFICIENT,Memory Conflict
memos_medium:2154,m1,SUPPORT,SUPPORT,Generalization & Application
memos_medium:2154,m2,SUPPORT,SUPPORT,Generalization & Application
memos_medium:2154,m4,SUPPORT,SUPPORT,Generalization & Application
memos_medium:2155,m1,SUPPORT,INSUFFICIENT,Multi-hop Inference
memos_medium:2156,m4,SUPPORT,INSUFFICIENT,Basic Fact Recall
memos_medium:2156,m6,SUPPORT,INSUFFICIENT,Basic Fact Recall
memos_medium:2158,m1,SUPPORT,INSUFFICIENT,Memory Conflict
memos_medium:2158,m2,SUPPORT,INSUFFICIENT,Memory Conflict
memos_medium:2158,m3,SUPPORT,REFUTE,Memory Conflict
memos_medium:2158,m8,SUPPORT,REFUTE,Memory Conflict
memos_medium:2158,m10,SUPPORT,REFUTE,Memory Conflict
memos_medium:2159,m2,SUPPORT,SUPPORT,Generalization & Application
memos_medium:2159,m8,SUPPORT,SUPPORT,Generalization & Application
memos_medium:2159,m10,SUPPORT,SUPPORT,Generalization & Application
memos_medium:2161,m1,SUPPORT,SUPPORT,Generalization & Application
memos_medium:2161,m2,SUPPORT,SUPPORT,Generalization & Application
memos_medium:2161,m5,SUPPORT,SUPPORT,Generalization & Application
memos_medium:2161,m8,SUPPORT,SUPPORT,Generalization & Application
memos_medium:2164,m1,SUPPORT,REFUTE,Memory Conflict
memos_medium:2164,m9,SUPPORT,REFUTE,Memory Conflict
memos_medium:2164,m12,SUPPORT,INSUFFICIENT,Memory Conflict
memos_medium:2165,m1,SUPPORT,SUPPORT,Basic Fact Recall
memos_medium:2165,m2,SUPPORT,SUPPORT,Basic Fact Recall
memos_medium:2167,m1,SUPPORT,SUPPORT,Basic Fact Recall
memos_medium:2167,m2,SUPPORT,SUPPORT,Basic Fact Recall
memos_medium:2167,m9,SUPPORT,SUPPORT,Basic Fact Recall
memos_medium:2168,m1,SUPPORT,SUPPORT,Generalization & Application
memos_medium:2168,m10,SUPPORT,SUPPORT,Generalization & Application
memos_medium:2170,m1,SUPPORT,SUPPORT,Generalization & Application
memos_medium:2170,m2,SUPPORT,SUPPORT,Generalization & Application
memos_medium:2170,m3,SUPPORT,SUPPORT,Generalization & Application
memos_medium:2170,m4,SUPPORT,SUPPORT,Generalization & Application
memos_medium:2170,m6,SUPPORT,SUPPORT,Generalization & Application
memos_medium:2172,m6,SUPPORT,SUPPORT,Basic Fact Recall
memos_medium:2175,m7,SUPPORT,SUPPORT,Multi-hop Inference
memos_medium:2175,m10,SUPPORT,SUPPORT,Multi-hop Inference
memos_medium:2182,m3,SUPPORT,REFUTE,Memory Conflict
memos_medium:2182,m7,SUPPORT,REFUTE,Memory Conflict
memos_medium:2182,m12,SUPPORT,REFUTE,Memory Conflict
memos_medium:2183,m2,SUPPORT,SUPPORT,Basic Fact Recall
memos_medium:2184,m1,SUPPORT,INSUFFICIENT,Basic Fact Recall
memos_medium:2185,m2,SUPPORT,SUPPORT,Basic Fact Recall
memos_medium:2185,m12,SUPPORT,INSUFFICIENT,Basic Fact Recall
memos_medium:2190,m2,SUPPORT,SUPPORT,Generalization & Application
memos_medium:2190,m3,SUPPORT,SUPPORT,Generalization & Application
memos_medium:2190,m4,SUPPORT,SUPPORT,Generalization & Application
memos_medium:2194,m2,SUPPORT,REFUTE,Memory Conflict
memos_medium:2195,m2,SUPPORT,SUPPORT,Generalization & Application
memos_medium:2195,m7,SUPPORT,SUPPORT,Generalization & Application
memos_medium:2195,m9,SUPPORT,SUPPORT,Generalization & Application
memos_medium:2198,m1,SUPPORT,REFUTE,Memory Conflict
memos_medium:2198,m2,SUPPORT,REFUTE,Memory Conflict
memos_medium:2198,m5,SUPPORT,REFUTE,Memory Conflict
memos_medium:2202,m4,SUPPORT,SUPPORT,Basic Fact Recall
memos_medium:2207,m2,SUPPORT,SUPPORT,Multi-hop Inference
memos_medium:2207,m3,SUPPORT,SUPPORT,Multi-hop Inference
memos_medium:2209,m1,SUPPORT,SUPPORT,Generalization & Application
memos_medium:2210,m1,SUPERSEDED,SUPPORT,Dynamic Update
memos_medium:2210,m2,SUPERSEDED,INSUFFICIENT,Dynamic Update
memos_medium:2210,m3,SUPERSEDED,INSUFFICIENT,Dynamic Update
memos_medium:2210,m4,SUPERSEDED,INSUFFICIENT,Dynamic Update
memos_medium:2210,m5,SUPERSEDED,INSUFFICIENT,Dynamic Update
memos_medium:2210,m6,SUPERSEDED,INSUFFICIENT,Dynamic Update
memos_medium:2210,m7,SUPERSEDED,INSUFFICIENT,Dynamic Update
memos_medium:2210,m8,SUPERSEDED,INSUFFICIENT,Dynamic Update
memos_medium:2210,m9,SUPERSEDED,INSUFFICIENT,Dynamic Update
memos_medium:2210,m10,SUPERSEDED,INSUFFICIENT,Dynamic Update
memos_medium:2210,m11,SUPERSEDED,INSUFFICIENT,Dynamic Update
memos_medium:2212,m7,SUPPORT,INSUFFICIENT,Generalization & Application
memos_medium:2212,m8,SUPPORT,SUPPORT,Generalization & Application
memos_medium:2212,m9,SUPPORT,SUPPORT,Generalization & Application
memos_medium:2213,m9,SUPPORT,SUPPORT,Generalization & Application
memos_medium:2216,m2,SUPPORT,SUPPORT,Generalization & Application
memos_medium:2218,m2,SUPPORT,SUPPORT,Generalization & Application
memos_medium:2219,m1,SUPPORT,REFUTE,Memory Conflict
memos_medium:2219,m2,SUPPORT,REFUTE,Memory Conflict
memos_medium:2220,m1,SUPPORT,SUPPORT,Basic Fact Recall
memos_medium:2220,m5,SUPPORT,SUPPORT,Basic Fact Recall
memos_medium:2221,m1,SUPPORT,REFUTE,Memory Conflict
memos_medium:2221,m2,SUPPORT,REFUTE,Memory Conflict
memos_medium:2221,m7,SUPPORT,REFUTE,Memory Conflict
memos_medium:2221,m9,SUPPORT,REFUTE,Memory Conflict
memos_medium:2223,m10,SUPPORT,INSUFFICIENT,Generalization & Application
memos_medium:2227,m1,SUPPORT,SUPPORT,Generalization & Application
memos_medium:2227,m4,SUPPORT,SUPPORT,Generalization & Application
memos_medium:2232,m1,SUPPORT,REFUTE,Memory Conflict
memos_medium:2236,m1,SUPPORT,SUPPORT,Dynamic Update
memos_medium:2236,m2,SUPERSEDED,INSUFFICIENT,Dynamic Update
memos_medium:2236,m3,SUPERSEDED,INSUFFICIENT,Dynamic Update
memos_medium:2236,m4,SUPERSEDED,INSUFFICIENT,Dynamic Update
memos_medium:2236,m5,SUPERSEDED,INSUFFICIENT,Dynamic Update
memos_medium:2236,m6,SUPERSEDED,INSUFFICIENT,Dynamic Update
memos_medium:2236,m7,SUPERSEDED,INSUFFICIENT,Dynamic Update
memos_medium:2236,m8,SUPERSEDED,INSUFFICIENT,Dynamic Update
memos_medium:2236,m9,SUPERSEDED,INSUFFICIENT,Dynamic Update
memos_medium:2236,m10,SUPERSEDED,INSUFFICIENT,Dynamic Update
memos_medium:2236,m11,SUPERSEDED,INSUFFICIENT,Dynamic Update
memos_medium:2240,m6,SUPPORT,REFUTE,Memory Conflict
memos_medium:2242,m1,SUPPORT,SUPPORT,Basic Fact Recall
memos_medium:2243,m1,SUPPORT,REFUTE,Memory Conflict
memos_medium:2246,m2,SUPPORT,INSUFFICIENT,Memory Conflict
memos_medium:2246,m3,SUPPORT,INSUFFICIENT,Memory Conflict
memos_medium:2247,m1,SUPPORT,REFUTE,Memory Conflict
memos_medium:2247,m8,SUPPORT,REFUTE,Memory Conflict
memos_medium:2250,m1,SUPPORT,SUPPORT,Generalization & Application
memos_medium:2250,m2,SUPPORT,SUPPORT,Generalization & Application
memos_medium:2250,m9,SUPPORT,SUPPORT,Generalization & Application
memos_medium:2250,m10,SUPPORT,SUPPORT,Generalization & Application
memos_medium:2251,m2,SUPPORT,SUPPORT,Generalization & Application
memos_medium:2251,m3,SUPPORT,SUPPORT,Generalization & Application
memos_medium:2251,m7,SUPPORT,SUPPORT,Generalization & Application
memos_medium:2251,m8,SUPPORT,SUPPORT,Generalization & Application
memos_medium:2251,m9,SUPPORT,SUPPORT,Generalization & Application
memos_medium:2252,m1,SUPPORT,REFUTE,Memory Conflict
memos_medium:2255,m2,SUPPORT,REFUTE,Memory Conflict
memos_medium:2256,m1,SUPPORT,SUPPORT,Generalization & Application
memos_medium:2256,m3,SUPPORT,SUPPORT,Generalization & Application
memos_medium:2256,m9,SUPPORT,SUPPORT,Generalization & Application
memos_medium:2257,m3,SUPPORT,SUPPORT,Generalization & Application
memos_medium:2259,m1,SUPPORT,SUPPORT,Generalization & Application
memos_medium:2259,m5,SUPPORT,SUPPORT,Generalization & Application
memos_medium:2259,m7,SUPPORT,SUPPORT,Generalization & Application
memos_medium:2260,m8,SUPPORT,SUPPORT,Generalization & Application
memos_medium:2260,m9,SUPPORT,SUPPORT,Generalization & Application
memos_medium:2261,m4,SUPPORT,SUPPORT,Generalization & Application
memos_medium:2261,m8,SUPPORT,SUPPORT,Generalization & Application
memos_medium:2261,m9,SUPPORT,SUPPORT,Generalization & Application
memos_medium:2261,m11,SUPPORT,SUPPORT,Generalization & Application
memos_medium:2264,m6,SUPPORT,REFUTE,Memory Conflict
memos_medium:2265,m2,SUPPORT,REFUTE,Memory Conflict
memos_medium:2265,m4,SUPPORT,REFUTE,Memory Conflict
memos_medium:2265,m9,SUPPORT,INSUFFICIENT,Memory Conflict
memos_medium:2265,m11,SUPPORT,INSUFFICIENT,Memory Conflict
memos_medium:2268,m2,SUPPORT,REFUTE,Memory Conflict
memos_medium:2268,m8,SUPPORT,REFUTE,Memory Conflict
memos_medium:2268,m9,SUPPORT,REFUTE,Memory Conflict
memos_medium:2269,m2,SUPPORT,REFUTE,Memory Conflict
memos_medium:2269,m6,SUPPORT,REFUTE,Memory Conflict
memos_medium:2270,m1,SUPPORT,REFUTE,Memory Conflict
memos_medium:2270,m2,SUPPORT,INSUFFICIENT,Memory Conflict
memos_medium:2270,m3,SUPPORT,REFUTE,Memory Conflict
memos_medium:2270,m8,SUPPORT,REFUTE,Memory Conflict
memos_medium:2270,m9,SUPPORT,INSUFFICIENT,Memory Conflict
memos_medium:2272,m1,SUPPORT,SUPPORT,Basic Fact Recall
memos_medium:2274,m2,SUPPORT,REFUTE,Memory Conflict
memos_medium:2275,m9,SUPPORT,SUPPORT,Generalization & Application
memos_medium:2277,m2,SUPPORT,SUPPORT,Generalization & Application
memos_medium:2277,m3,SUPPORT,SUPPORT,Generalization & Application
memos_medium:2277,m4,SUPPORT,SUPPORT,Generalization & Application
memos_medium:2277,m5,SUPPORT,SUPPORT,Generalization & Application
memos_medium:2277,m8,SUPPORT,SUPPORT,Generalization & Application
memos_medium:2277,m11,SUPPORT,SUPPORT,Generalization & Application
memos_medium:2278,m1,SUPPORT,SUPPORT,Generalization & Application
memos_medium:2283,m1,SUPPORT,REFUTE,Memory Conflict
memos_medium:2283,m7,SUPPORT,REFUTE,Memory Conflict
memos_medium:2285,m2,SUPPORT,SUPPORT,Basic Fact Recall
memos_medium:2286,m2,SUPPORT,INSUFFICIENT,Memory Conflict
memos_medium:2287,m2,SUPPORT,SUPPORT,Generalization & Application
memos_medium:2289,m5,SUPPORT,SUPPORT,Basic Fact Recall
memos_medium:2290,m1,SUPPORT,INSUFFICIENT,Memory Conflict
memos_medium:2290,m4,SUPPORT,INSUFFICIENT,Memory Conflict
memos_medium:2290,m9,SUPPORT,INSUFFICIENT,Memory Conflict
memos_medium:2292,m1,SUPPORT,SUPPORT,Generalization & Application
memos_medium:2292,m4,SUPPORT,SUPPORT,Generalization & Application
memos_medium:2292,m5,SUPPORT,SUPPORT,Generalization & Application
memos_medium:2292,m9,SUPPORT,SUPPORT,Generalization & Application
memos_medium:2293,m5,SUPPORT,SUPPORT,Generalization & Application
memos_medium:2296,m8,SUPPORT,REFUTE,Memory Conflict
memos_medium:2296,m10,SUPPORT,INSUFFICIENT,Memory Conflict
memos_medium:2296,m11,SUPPORT,INSUFFICIENT,Memory Conflict
memos_medium:2299,m1,SUPPORT,INSUFFICIENT,Basic Fact Recall
memos_medium:2304,m2,SUPPORT,SUPPORT,Generalization & Application
memos_medium:2304,m3,SUPPORT,SUPPORT,Generalization & Application
memos_medium:2304,m10,SUPPORT,SUPPORT,Generalization & Application
memos_medium:2305,m5,SUPPORT,SUPPORT,Generalization & Application
memos_medium:2305,m6,SUPPORT,SUPPORT,Generalization & Application
memos_medium:2306,m1,SUPPORT,SUPPORT,Generalization & Application
memos_medium:2306,m3,SUPPORT,SUPPORT,Generalization & Application
memos_medium:2307,m5,SUPPORT,INSUFFICIENT,Basic Fact Recall
memos_medium:2310,m1,SUPPORT,SUPPORT,Basic Fact Recall
memos_medium:2311,m2,SUPPORT,SUPPORT,Basic Fact Recall
memos_medium:2312,m3,SUPPORT,SUPPORT,Generalization & Application
memos_medium:2312,m4,SUPPORT,SUPPORT,Generalization & Application
memos_medium:2312,m6,SUPPORT,SUPPORT,Generalization & Application
memos_medium:2314,m1,SUPPORT,REFUTE,Memory Conflict
memos_medium:2314,m8,SUPPORT,REFUTE,Memory Conflict
memos_medium:2314,m9,SUPPORT,REFUTE,Memory Conflict
memos_medium:2314,m11,SUPPORT,REFUTE,Memory Conflict
memos_medium:2315,m1,SUPPORT,SUPPORT,Generalization & Application
memos_medium:2315,m2,SUPPORT,SUPPORT,Generalization & Application
memos_medium:2315,m3,SUPPORT,SUPPORT,Generalization & Application
memos_medium:2315,m7,SUPPORT,SUPPORT,Generalization & Application
memos_medium:2316,m6,SUPPORT,SUPPORT,Generalization & Application
memos_medium:2318,m2,SUPPORT,REFUTE,Memory Conflict
memos_medium:2318,m5,SUPPORT,REFUTE,Memory Conflict
memos_medium:2318,m8,SUPPORT,REFUTE,Memory Conflict
memos_medium:2318,m9,SUPPORT,REFUTE,Memory Conflict
memos_medium:2322,m1,SUPPORT,REFUTE,Memory Conflict
memos_medium:2322,m3,SUPPORT,REFUTE,Memory Conflict
memos_medium:2322,m8,SUPPORT,REFUTE,Memory Conflict
memos_medium:2322,m9,SUPPORT,REFUTE,Memory Conflict
memos_medium:2322,m11,SUPPORT,REFUTE,Memory Conflict
memos_medium:2323,m2,SUPPORT,REFUTE,Memory Conflict
memos_medium:2323,m7,SUPPORT,INSUFFICIENT,Memory Conflict
memos_medium:2324,m1,SUPPORT,SUPPORT,Basic Fact Recall
memos_medium:2324,m3,SUPPORT,SUPPORT,Basic Fact Recall
memos_medium:2324,m7,SUPPORT,SUPPORT,Basic Fact Recall
memos_medium:2328,m2,SUPPORT,SUPPORT,Generalization & Application
memos_medium:2328,m10,SUPPORT,SUPPORT,Generalization & Application
memos_medium:2329,m1,SUPPORT,SUPPORT,Generalization & Application
memos_medium:2329,m2,SUPPORT,SUPPORT,Generalization & Application
memos_medium:2331,m1,SUPPORT,REFUTE,Memory Conflict
memos_medium:2331,m5,SUPPORT,REFUTE,Memory Conflict
memos_medium:2331,m8,SUPPORT,REFUTE,Memory Conflict
memos_medium:2331,m10,SUPPORT,REFUTE,Memory Conflict
memos_medium:2332,m1,SUPPORT,INSUFFICIENT,Memory Conflict
memos_medium:2332,m2,SUPPORT,INSUFFICIENT,Memory Conflict
memos_medium:2336,m4,SUPPORT,INSUFFICIENT,Memory Conflict
memos_medium:2336,m8,SUPPORT,REFUTE,Memory Conflict
memos_medium:2336,m9,SUPPORT,REFUTE,Memory Conflict
memos_medium:2336,m11,SUPPORT,REFUTE,Memory Conflict
memos_medium:2338,m1,SUPPORT,REFUTE,Memory Conflict
memos_medium:2338,m7,SUPPORT,REFUTE,Memory Conflict
memos_medium:2338,m10,SUPPORT,REFUTE,Memory Conflict
memos_medium:2339,m1,SUPPORT,SUPPORT,Generalization & Application
memos_medium:2339,m2,SUPPORT,SUPPORT,Generalization & Application
memos_medium:2339,m5,SUPPORT,SUPPORT,Generalization & Application
memos_medium:2340,m8,SUPPORT,SUPPORT,Generalization & Application
memos_medium:2340,m10,SUPPORT,SUPPORT,Generalization & Application
memos_medium:2341,m4,SUPPORT,SUPPORT,Generalization & Application
memos_medium:2342,m2,SUPPORT,SUPPORT,Generalization & Application
memos_medium:2342,m8,SUPPORT,SUPPORT,Generalization & Application
memos_medium:2343,m6,SUPPORT,SUPPORT,Generalization & Application
memos_medium:2343,m7,SUPPORT,SUPPORT,Generalization & Application
memos_medium:2348,m1,SUPPORT,SUPPORT,Basic Fact Recall
memos_medium:2349,m1,SUPPORT,INSUFFICIENT,Memory Conflict
memos_medium:2349,m3,SUPPORT,INSUFFICIENT,Memory Conflict
memos_medium:2349,m5,SUPPORT,INSUFFICIENT,Memory Conflict
memos_medium:2352,m1,SUPPORT,SUPPORT,Generalization & Application
memos_medium:2352,m2,SUPPORT,SUPPORT,Generalization & Application
memos_medium:2352,m4,SUPPORT,SUPPORT,Generalization & Application
memos_medium:2352,m10,SUPPORT,SUPPORT,Generalization & Application
memos_medium:2352,m11,SUPPORT,SUPPORT,Generalization & Application
memos_medium:2353,m1,SUPPORT,REFUTE,Memory Conflict
memos_medium:2354,m2,SUPPORT,SUPPORT,Generalization & Application
memos_medium:2354,m8,SUPPORT,SUPPORT,Generalization & Application
memos_medium:2354,m11,SUPPORT,SUPPORT,Generalization & Application
memos_medium:2355,m8,SUPPORT,INSUFFICIENT,Basic Fact Recall
memos_medium:2356,m2,SUPPORT,SUPPORT,Basic Fact Recall
memos_medium:2356,m9,SUPPORT,SUPPORT,Basic Fact Recall
memos_medium:2357,m1,SUPPORT,REFUTE,Memory Conflict
memos_medium:2357,m2,SUPPORT,REFUTE,Memory Conflict
memos_medium:2357,m3,SUPPORT,REFUTE,Memory Conflict
memos_medium:2357,m4,SUPPORT,REFUTE,Memory Conflict
memos_medium:2357,m9,SUPPORT,REFUTE,Memory Conflict
memos_medium:2357,m10,SUPPORT,REFUTE,Memory Conflict
memos_medium:2358,m1,SUPPORT,SUPPORT,Generalization & Application
memos_medium:2358,m2,SUPPORT,SUPPORT,Generalization & Application
memos_medium:2358,m5,SUPPORT,SUPPORT,Generalization & Application
memos_medium:2358,m9,SUPPORT,SUPPORT,Generalization & Application
memos_medium:2361,m1,SUPPORT,SUPPORT,Basic Fact Recall
memos_medium:2367,m2,SUPPORT,SUPPORT,Multi-hop Inference
memos_medium:2368,m3,SUPPORT,SUPPORT,Multi-hop Inference
memos_medium:2368,m5,SUPPORT,SUPPORT,Multi-hop Inference
memos_medium:2368,m9,SUPPORT,INSUFFICIENT,Multi-hop Inference
memos_medium:2368,m11,SUPPORT,SUPPORT,Multi-hop Inference
memos_medium:2370,m1,SUPPORT,SUPPORT,Multi-hop Inference
memos_medium:2370,m3,SUPPORT,SUPPORT,Multi-hop Inference
memos_medium:2370,m7,SUPPORT,SUPPORT,Multi-hop Inference
memos_medium:2371,m1,SUPPORT,REFUTE,Memory Conflict
memos_medium:2371,m2,SUPPORT,REFUTE,Memory Conflict
memos_medium:2371,m9,SUPPORT,REFUTE,Memory Conflict
memos_medium:2371,m10,SUPPORT,REFUTE,Memory Conflict
memos_medium:2372,m1,SUPPORT,SUPPORT,Generalization & Application
memos_medium:2372,m3,SUPPORT,SUPPORT,Generalization & Application
memos_medium:2372,m4,SUPPORT,SUPPORT,Generalization & Application
memos_medium:2372,m5,SUPPORT,SUPPORT,Generalization & Application
memos_medium:2372,m11,SUPPORT,SUPPORT,Generalization & Application
memos_medium:2373,m1,SUPPORT,SUPPORT,Generalization & Application
memos_medium:2374,m2,SUPPORT,SUPPORT,Generalization & Application
memos_medium:2374,m5,SUPPORT,SUPPORT,Generalization & Application
memos_medium:2374,m6,SUPPORT,SUPPORT,Generalization & Application
memos_medium:2374,m7,SUPPORT,SUPPORT,Generalization & Application
memos_medium:2375,m1,SUPPORT,REFUTE,Memory Conflict
memos_medium:2376,m1,SUPPORT,SUPPORT,Memory Conflict
memos_medium:2376,m10,SUPPORT,INSUFFICIENT,Memory Conflict
memos_medium:2377,m5,SUPPORT,SUPPORT,Generalization & Application
memos_medium:2377,m8,SUPPORT,SUPPORT,Generalization & Application
memos_medium:2381,m5,SUPPORT,INSUFFICIENT,Basic Fact Recall
memos_medium:2384,m1,SUPPORT,SUPPORT,Generalization & Application
memos_medium:2384,m2,SUPPORT,SUPPORT,Generalization & Application
memos_medium:2385,m2,SUPPORT,SUPPORT,Generalization & Application
memos_medium:2386,m1,SUPPORT,SUPPORT,Basic Fact Recall
memos_medium:2386,m9,SUPPORT,SUPPORT,Basic Fact Recall
memos_medium:2388,m2,SUPPORT,SUPPORT,Generalization & Application
memos_medium:2388,m5,SUPPORT,SUPPORT,Generalization & Application
memos_medium:2388,m8,SUPPORT,SUPPORT,Generalization & Application
memos_medium:2389,m2,SUPPORT,SUPPORT,Generalization & Application
memos_medium:2389,m8,SUPPORT,SUPPORT,Generalization & Application
memos_medium:2389,m10,SUPPORT,SUPPORT,Generalization & Application
memos_medium:2390,m1,SUPPORT,INSUFFICIENT,Memory Conflict
memos_medium:2390,m2,SUPPORT,INSUFFICIENT,Memory Conflict
memos_medium:2390,m7,SUPPORT,INSUFFICIENT,Memory Conflict
memos_medium:2390,m9,SUPPORT,INSUFFICIENT,Memory Conflict
memos_medium:2390,m10,SUPPORT,INSUFFICIENT,Memory Conflict
memos_medium:2390,m11,SUPPORT,INSUFFICIENT,Memory Conflict
memos_medium:2391,m10,SUPPORT,SUPPORT,Generalization & Application
memos_medium:2392,m8,SUPPORT,INSUFFICIENT,Memory Conflict
memos_medium:2393,m7,SUPPORT,INSUFFICIENT,Basic Fact Recall
memos_medium:2393,m9,SUPPORT,INSUFFICIENT,Basic Fact Recall
memos_medium:2393,m10,SUPPORT,INSUFFICIENT,Basic Fact Recall
memos_medium:2395,m4,SUPPORT,SUPPORT,Multi-hop Inference
memos_medium:2396,m3,SUPPORT,SUPPORT,Multi-hop Inference
memos_medium:2396,m5,SUPPORT,SUPPORT,Multi-hop Inference
memos_medium:2396,m8,SUPPORT,SUPPORT,Multi-hop Inference
memos_medium:2402,m2,SUPPORT,INSUFFICIENT,Memory Conflict
memos_medium:2402,m3,SUPPORT,INSUFFICIENT,Memory Conflict
memos_medium:2402,m4,SUPPORT,INSUFFICIENT,Memory Conflict
memos_medium:2403,m1,SUPPORT,INSUFFICIENT,Memory Conflict
memos_medium:2403,m2,SUPPORT,INSUFFICIENT,Memory Conflict
memos_medium:2403,m3,SUPPORT,INSUFFICIENT,Memory Conflict
memos_medium:2403,m6,SUPPORT,INSUFFICIENT,Memory Conflict
memos_medium:2404,m5,SUPPORT,SUPPORT,Basic Fact Recall
memos_medium:2404,m8,SUPPORT,SUPPORT,Basic Fact Recall
memos_medium:2405,m2,SUPPORT,REFUTE,Memory Conflict
memos_medium:2407,m4,SUPPORT,INSUFFICIENT,Basic Fact Recall
memos_medium:2410,m1,SUPPORT,SUPPORT,Generalization & Application
memos_medium:2410,m2,SUPPORT,SUPPORT,Generalization & Application
memos_medium:2410,m4,SUPPORT,INSUFFICIENT,Generalization & Application
memos_medium:2410,m10,SUPPORT,SUPPORT,Generalization & Application
memos_medium:2410,m11,SUPPORT,SUPPORT,Generalization & Application
memos_medium:2411,m3,SUPPORT,SUPPORT,Generalization & Application
memos_medium:2411,m9,SUPPORT,SUPPORT,Generalization & Application
memos_medium:2415,m1,SUPPORT,REFUTE,Memory Conflict
memos_medium:2415,m6,SUPPORT,REFUTE,Memory Conflict
memos_medium:2415,m7,SUPPORT,REFUTE,Memory Conflict
memos_medium:2415,m8,SUPPORT,REFUTE,Memory Conflict
memos_medium:2415,m10,SUPPORT,REFUTE,Memory Conflict
memos_medium:2415,m11,SUPPORT,REFUTE,Memory Conflict
memos_medium:2416,m6,SUPPORT,SUPPORT,Generalization & Application
memos_medium:2417,m3,SUPPORT,INSUFFICIENT,Generalization & Application
memos_medium:2417,m5,SUPPORT,INSUFFICIENT,Generalization & Application
memos_medium:2417,m8,SUPPORT,INSUFFICIENT,Generalization & Application
memos_medium:2417,m9,SUPPORT,INSUFFICIENT,Generalization & Application
memos_medium:2417,m10,SUPPORT,INSUFFICIENT,Generalization & Application
memos_medium:2417,m11,SUPPORT,INSUFFICIENT,Generalization & Application
memos_medium:2420,m1,SUPPORT,REFUTE,Memory Conflict
memos_medium:2422,m1,SUPPORT,SUPPORT,Dynamic Update
memos_medium:2422,m2,SUPERSEDED,INSUFFICIENT,Dynamic Update
memos_medium:2422,m3,SUPERSEDED,INSUFFICIENT,Dynamic Update
memos_medium:2422,m4,SUPERSEDED,INSUFFICIENT,Dynamic Update
memos_medium:2422,m5,SUPERSEDED,INSUFFICIENT,Dynamic Update
memos_medium:2422,m6,SUPERSEDED,INSUFFICIENT,Dynamic Update
memos_medium:2422,m7,SUPERSEDED,INSUFFICIENT,Dynamic Update
memos_medium:2422,m8,SUPERSEDED,INSUFFICIENT,Dynamic Update
memos_medium:2423,m1,SUPERSEDED,INSUFFICIENT,Dynamic Update
memos_medium:2423,m2,SUPPORT,SUPPORT,Dynamic Update
memos_medium:2423,m3,SUPERSEDED,INSUFFICIENT,Dynamic Update
memos_medium:2423,m4,SUPERSEDED,INSUFFICIENT,Dynamic Update
memos_medium:2423,m5,SUPERSEDED,INSUFFICIENT,Dynamic Update
memos_medium:2423,m6,SUPERSEDED,INSUFFICIENT,Dynamic Update
memos_medium:2423,m7,SUPERSEDED,INSUFFICIENT,Dynamic Update
memos_medium:2423,m8,SUPPORT,INSUFFICIENT,Dynamic Update
memos_medium:2423,m9,SUPERSEDED,INSUFFICIENT,Dynamic Update
memos_medium:2424,m1,SUPPORT,SUPPORT,Multi-hop Inference
memos_medium:2429,m2,SUPPORT,INSUFFICIENT,Memory Conflict
memos_medium:2436,m3,SUPPORT,INSUFFICIENT,Memory Conflict
memos_medium:2437,m2,SUPPORT,SUPPORT,Basic Fact Recall
memos_medium:2437,m3,SUPPORT,SUPPORT,Basic Fact Recall
memos_medium:2437,m7,SUPPORT,SUPPORT,Basic Fact Recall
memos_medium:2439,m2,SUPPORT,SUPPORT,Generalization & Application
memos_medium:2439,m5,SUPPORT,SUPPORT,Generalization & Application
memos_medium:2439,m7,SUPPORT,SUPPORT,Generalization & Application
memos_medium:2439,m9,SUPPORT,SUPPORT,Generalization & Application
memos_medium:2447,m1,SUPPORT,REFUTE,Memory Conflict
memos_medium:2449,m1,SUPPORT,REFUTE,Memory Conflict
memos_medium:2449,m2,SUPPORT,REFUTE,Memory Conflict
memos_medium:2449,m3,SUPPORT,REFUTE,Memory Conflict
memos_medium:2449,m4,SUPPORT,REFUTE,Memory Conflict
memos_medium:2450,m7,SUPPORT,REFUTE,Memory Conflict
memos_medium:2451,m1,SUPPORT,REFUTE,Memory Conflict
memos_medium:2451,m3,SUPPORT,REFUTE,Memory Conflict
memos_medium:2456,m1,SUPPORT,SUPPORT,Generalization & Application
memos_medium:2456,m12,SUPPORT,SUPPORT,Generalization & Application
memos_medium:2457,m1,SUPPORT,CURRENT,Basic Fact Recall
memos_medium:2457,m4,SUPPORT,SUPPORT,Basic Fact Recall
memos_medium:2457,m9,SUPPORT,INSUFFICIENT,Basic Fact Recall
memos_medium:2458,m1,SUPPORT,REFUTE,Memory Conflict
memos_medium:2458,m4,SUPPORT,REFUTE,Memory Conflict
memos_medium:2458,m7,SUPPORT,REFUTE,Memory Conflict
memos_medium:2458,m8,SUPPORT,REFUTE,Memory Conflict
memos_medium:2458,m11,SUPPORT,REFUTE,Memory Conflict
memos_medium:2459,m1,SUPPORT,REFUTE,Memory Conflict
memos_medium:2459,m3,SUPPORT,REFUTE,Memory Conflict
memos_medium:2459,m7,SUPPORT,REFUTE,Memory Conflict
memos_medium:2459,m8,SUPPORT,REFUTE,Memory Conflict
memos_medium:2460,m10,SUPPORT,INSUFFICIENT,Generalization & Application
memos_medium:2461,m1,SUPERSEDED,INSUFFICIENT,Dynamic Update
memos_medium:2461,m2,SUPERSEDED,SUPPORT,Dynamic Update
memos_medium:2461,m3,SUPERSEDED,INSUFFICIENT,Dynamic Update
memos_medium:2461,m4,SUPERSEDED,INSUFFICIENT,Dynamic Update
memos_medium:2461,m5,SUPERSEDED,INSUFFICIENT,Dynamic Update
memos_medium:2461,m6,SUPERSEDED,INSUFFICIENT,Dynamic Update
memos_medium:2461,m7,SUPERSEDED,INSUFFICIENT,Dynamic Update
memos_medium:2461,m8,SUPERSEDED,INSUFFICIENT,Dynamic Update
memos_medium:2461,m9,SUPERSEDED,INSUFFICIENT,Dynamic Update
memos_medium:2461,m10,SUPERSEDED,INSUFFICIENT,Dynamic Update
memos_medium:2461,m11,SUPERSEDED,INSUFFICIENT,Dynamic Update
memos_medium:2461,m12,SUPERSEDED,INSUFFICIENT,Dynamic Update
memos_medium:2465,m1,SUPPORT,SUPPORT,Dynamic Update
memos_medium:2465,m2,SUPERSEDED,SUPPORT,Dynamic Update
memos_medium:2465,m3,SUPERSEDED,SUPPORT,Dynamic Update
memos_medium:2465,m4,SUPERSEDED,SUPPORT,Dynamic Update
memos_medium:2465,m5,SUPERSEDED,SUPPORT,Dynamic Update
memos_medium:2465,m6,SUPERSEDED,SUPPORT,Dynamic Update
memos_medium:2465,m7,SUPERSEDED,INSUFFICIENT,Dynamic Update
memos_medium:2465,m8,SUPERSEDED,SUPPORT,Dynamic Update
memos_medium:2465,m9,SUPERSEDED,INSUFFICIENT,Dynamic Update
memos_medium:2465,m10,SUPERSEDED,SUPPORT,Dynamic Update
memos_medium:2465,m11,SUPERSEDED,INSUFFICIENT,Dynamic Update
memos_medium:2465,m12,SUPERSEDED,SUPPORT,Dynamic Update
memos_medium:2466,m1,SUPERSEDED,INSUFFICIENT,Dynamic Update
memos_medium:2466,m2,SUPERSEDED,INSUFFICIENT,Dynamic Update
memos_medium:2466,m3,SUPPORT,SUPPORT,Dynamic Update
memos_medium:2466,m4,SUPERSEDED,INSUFFICIENT,Dynamic Update
memos_medium:2466,m5,SUPERSEDED,INSUFFICIENT,Dynamic Update
memos_medium:2466,m6,SUPERSEDED,INSUFFICIENT,Dynamic Update
memos_medium:2466,m7,SUPERSEDED,INSUFFICIENT,Dynamic Update
memos_medium:2466,m8,SUPERSEDED,INSUFFICIENT,Dynamic Update
memos_medium:2466,m9,SUPERSEDED,SUPPORT,Dynamic Update
memos_medium:2466,m10,SUPERSEDED,INSUFFICIENT,Dynamic Update
memos_medium:2466,m11,SUPERSEDED,SUPPORT,Dynamic Update
memos_medium:2466,m12,SUPERSEDED,INSUFFICIENT,Dynamic Update
memos_medium:2468,m1,SUPPORT,SUPPORT,Multi-hop Inference
memos_medium:2468,m2,SUPPORT,SUPPORT,Multi-hop Inference
memos_medium:2468,m4,SUPPORT,SUPPORT,Multi-hop Inference
memos_medium:2468,m5,SUPPORT,SUPPORT,Multi-hop Inference
memos_medium:2469,m3,SUPPORT,INSUFFICIENT,Multi-hop Inference
memos_medium:2469,m5,SUPPORT,INSUFFICIENT,Multi-hop Inference
memos_medium:2469,m7,SUPPORT,INSUFFICIENT,Multi-hop Inference
memos_medium:2469,m8,SUPPORT,INSUFFICIENT,Multi-hop Inference
memos_medium:2470,m1,SUPPORT,REFUTE,Memory Conflict
memos_medium:2470,m3,SUPPORT,REFUTE,Memory Conflict
memos_medium:2470,m4,SUPPORT,REFUTE,Memory Conflict
memos_medium:2470,m8,SUPPORT,REFUTE,Memory Conflict
memos_medium:2470,m12,SUPPORT,REFUTE,Memory Conflict
memos_medium:2471,m1,SUPPORT,SUPPORT,Generalization & Application
memos_medium:2471,m2,SUPPORT,SUPPORT,Generalization & Application
memos_medium:2471,m6,SUPPORT,SUPPORT,Generalization & Application
memos_medium:2473,m5,SUPPORT,SUPPORT,Generalization & Application
memos_medium:2474,m3,SUPPORT,REFUTE,Memory Conflict
memos_medium:2476,m1,SUPPORT,SUPPORT,Basic Fact Recall
memos_medium:2477,m2,SUPPORT,INSUFFICIENT,Memory Conflict
memos_medium:2477,m3,SUPPORT,INSUFFICIENT,Memory Conflict
memos_medium:2477,m11,SUPPORT,INSUFFICIENT,Memory Conflict
memos_medium:2478,m1,SUPPORT,INSUFFICIENT,Generalization & Application
memos_medium:2478,m2,SUPPORT,SUPPORT,Generalization & Application
memos_medium:2478,m3,SUPPORT,INSUFFICIENT,Generalization & Application
memos_medium:2478,m9,SUPPORT,INSUFFICIENT,Generalization & Application
memos_medium:2480,m1,SUPPORT,SUPPORT,Generalization & Application
memos_medium:2480,m3,SUPPORT,SUPPORT,Generalization & Application
memos_medium:2480,m5,SUPPORT,SUPPORT,Generalization & Application
memos_medium:2481,m1,SUPPORT,SUPPORT,Generalization & Application
memos_medium:2481,m2,SUPPORT,INSUFFICIENT,Generalization & Application
memos_medium:2481,m4,SUPPORT,SUPPORT,Generalization & Application
memos_medium:2481,m5,SUPPORT,SUPPORT,Generalization & Application
memos_medium:2481,m7,SUPPORT,SUPPORT,Generalization & Application
memos_medium:2481,m9,SUPPORT,SUPPORT,Generalization & Application
memos_medium:2481,m12,SUPPORT,SUPPORT,Generalization & Application
memos_medium:2482,m1,SUPPORT,REFUTE,Memory Conflict
memos_medium:2482,m2,SUPPORT,REFUTE,Memory Conflict
memos_medium:2482,m3,SUPPORT,REFUTE,Memory Conflict
memos_medium:2482,m4,SUPPORT,REFUTE,Memory Conflict
memos_medium:2482,m7,SUPPORT,REFUTE,Memory Conflict
memos_medium:2484,m3,SUPPORT,SUPPORT,Basic Fact Recall
memos_medium:2485,m4,SUPPORT,REFUTE,Memory Conflict
memos_medium:2485,m8,SUPPORT,REFUTE,Memory Conflict
memos_medium:2486,m4,SUPPORT,REFUTE,Memory Conflict
memos_medium:2487,m1,SUPPORT,INSUFFICIENT,Memory Conflict
memos_medium:2487,m2,SUPPORT,INSUFFICIENT,Memory Conflict
memos_medium:2490,m1,SUPPORT,SUPPORT,Multi-hop Inference
memos_medium:2491,m2,SUPPORT,SUPPORT,Multi-hop Inference
memos_medium:2491,m6,SUPPORT,SUPPORT,Multi-hop Inference
memos_medium:2491,m8,SUPPORT,SUPPORT,Multi-hop Inference
memos_medium:2493,m3,SUPPORT,SUPPORT,Multi-hop Inference
memos_medium:2494,m1,SUPERSEDED,INSUFFICIENT,Dynamic Update
memos_medium:2494,m2,SUPERSEDED,INSUFFICIENT,Dynamic Update
memos_medium:2494,m3,SUPPORT,SUPPORT,Dynamic Update
memos_medium:2494,m4,SUPERSEDED,SUPERSEDED,Dynamic Update
memos_medium:2494,m5,SUPERSEDED,INSUFFICIENT,Dynamic Update
memos_medium:2494,m6,SUPERSEDED,INSUFFICIENT,Dynamic Update
memos_medium:2494,m7,SUPERSEDED,INSUFFICIENT,Dynamic Update
memos_medium:2494,m8,SUPERSEDED,INSUFFICIENT,Dynamic Update
memos_medium:2494,m9,SUPERSEDED,INSUFFICIENT,Dynamic Update
memos_medium:2494,m10,SUPERSEDED,INSUFFICIENT,Dynamic Update
memos_medium:2494,m11,SUPERSEDED,INSUFFICIENT,Dynamic Update
memos_medium:2494,m12,SUPERSEDED,INSUFFICIENT,Dynamic Update
memos_medium:2495,m1,SUPERSEDED,SUPPORT,Dynamic Update
memos_medium:2495,m2,SUPERSEDED,INSUFFICIENT,Dynamic Update
memos_medium:2495,m3,SUPERSEDED,INSUFFICIENT,Dynamic Update
memos_medium:2495,m4,SUPERSEDED,INSUFFICIENT,Dynamic Update
memos_medium:2495,m5,SUPERSEDED,INSUFFICIENT,Dynamic Update
memos_medium:2495,m6,SUPERSEDED,INSUFFICIENT,Dynamic Update
memos_medium:2495,m7,SUPERSEDED,INSUFFICIENT,Dynamic Update
memos_medium:2495,m8,SUPERSEDED,INSUFFICIENT,Dynamic Update
memos_medium:2495,m9,SUPERSEDED,INSUFFICIENT,Dynamic Update
memos_medium:2495,m10,SUPERSEDED,INSUFFICIENT,Dynamic Update
memos_medium:2495,m11,SUPERSEDED,INSUFFICIENT,Dynamic Update
memos_medium:2495,m12,SUPERSEDED,INSUFFICIENT,Dynamic Update
memos_medium:2496,m1,SUPPORT,SUPPORT,Generalization & Application
memos_medium:2496,m4,SUPPORT,SUPPORT,Generalization & Application
memos_medium:2496,m5,SUPPORT,SUPPORT,Generalization & Application
memos_medium:2496,m7,SUPPORT,SUPPORT,Generalization & Application
memos_medium:2496,m8,SUPPORT,SUPPORT,Generalization & Application
memos_medium:2497,m2,SUPPORT,SUPPORT,Basic Fact Recall
memos_medium:2497,m11,SUPPORT,SUPPORT,Basic Fact Recall
memos_medium:2498,m2,SUPPORT,REFUTE,Memory Conflict
memos_medium:2498,m7,SUPPORT,REFUTE,Memory Conflict
memos_medium:2498,m10,SUPPORT,INSUFFICIENT,Memory Conflict
memos_medium:2498,m11,SUPPORT,INSUFFICIENT,Memory Conflict
memos_medium:2499,m2,SUPPORT,REFUTE,Memory Conflict
memos_medium:2503,m2,SUPPORT,SUPPORT,Generalization & Application
memos_medium:2503,m5,SUPPORT,SUPPORT,Generalization & Application
memos_medium:2505,m1,SUPPORT,SUPPORT,Basic Fact Recall
memos_medium:2505,m4,SUPPORT,INSUFFICIENT,Basic Fact Recall
memos_medium:2506,m1,SUPPORT,SUPPORT,Generalization & Application
memos_medium:2506,m2,SUPPORT,SUPPORT,Generalization & Application
memos_medium:2506,m3,SUPPORT,SUPPORT,Generalization & Application
memos_medium:2506,m7,SUPPORT,SUPPORT,Generalization & Application
memos_medium:2506,m8,SUPPORT,SUPPORT,Generalization & Application
memos_medium:2506,m10,SUPPORT,SUPPORT,Generalization & Application
memos_medium:2506,m12,SUPPORT,SUPPORT,Generalization & Application
memos_medium:2507,m1,SUPPORT,SUPPORT,Generalization & Application
memos_medium:2507,m2,SUPPORT,SUPPORT,Generalization & Application
memos_medium:2508,m4,SUPPORT,SUPPORT,Generalization & Application
memos_medium:2508,m8,SUPPORT,SUPPORT,Generalization & Application
memos_medium:2511,m7,SUPPORT,INSUFFICIENT,Basic Fact Recall
memos_medium:2513,m7,SUPPORT,REFUTE,Memory Conflict
memos_medium:2515,m1,SUPPORT,SUPPORT,Generalization & Application
memos_medium:2515,m2,SUPPORT,SUPPORT,Generalization & Application
memos_medium:2515,m5,SUPPORT,SUPPORT,Generalization & Application
memos_medium:2527,m3,SUPPORT,INSUFFICIENT,Basic Fact Recall
memos_medium:2527,m11,SUPPORT,INSUFFICIENT,Basic Fact Recall
memos_medium:2529,m1,SUPPORT,SUPPORT,Generalization & Application
memos_medium:2529,m2,SUPPORT,SUPPORT,Generalization & Application
memos_medium:2529,m3,SUPPORT,SUPPORT,Generalization & Application
memos_medium:2529,m8,SUPPORT,SUPPORT,Generalization & Application
memos_medium:2531,m1,SUPPORT,REFUTE,Memory Conflict
memos_medium:2531,m2,SUPPORT,REFUTE,Memory Conflict
memos_medium:2531,m3,SUPPORT,REFUTE,Memory Conflict
memos_medium:2532,m2,SUPPORT,SUPPORT,Basic Fact Recall
memos_medium:2532,m3,SUPPORT,SUPPORT,Basic Fact Recall
memos_medium:2534,m1,SUPPORT,REFUTE,Memory Conflict
memos_medium:2534,m11,SUPPORT,REFUTE,Memory Conflict
memos_medium:2535,m3,SUPPORT,INSUFFICIENT,Basic Fact Recall
memos_medium:2536,m1,SUPPORT,REFUTE,Memory Conflict
memos_medium:2536,m7,SUPPORT,REFUTE,Memory Conflict
memos_medium:2536,m8,SUPPORT,REFUTE,Memory Conflict
memos_medium:2536,m9,SUPPORT,REFUTE,Memory Conflict
memos_medium:2537,m1,SUPPORT,SUPPORT,Generalization & Application
memos_medium:2539,m2,SUPPORT,SUPPORT,Generalization & Application
memos_medium:2540,m7,SUPPORT,SUPPORT,Generalization & Application
memos_medium:2540,m12,SUPPORT,SUPPORT,Generalization & Application
memos_medium:2541,m7,SUPPORT,SUPPORT,Generalization & Application
memos_medium:2544,m3,SUPPORT,SUPPORT,Basic Fact Recall
memos_medium:2544,m6,SUPPORT,SUPPORT,Basic Fact Recall
memos_medium:2545,m9,SUPPORT,SUPPORT,Basic Fact Recall
memos_medium:2546,m1,SUPPORT,SUPPORT,Generalization & Application
memos_medium:2546,m9,SUPPORT,SUPPORT,Generalization & Application
memos_medium:2548,m1,SUPPORT,SUPPORT,Basic Fact Recall
memos_medium:2549,m1,SUPPORT,SUPPORT,Generalization & Application
memos_medium:2549,m2,SUPPORT,SUPPORT,Generalization & Application
memos_medium:2549,m3,SUPPORT,SUPPORT,Generalization & Application
memos_medium:2549,m7,SUPPORT,SUPPORT,Generalization & Application
memos_medium:2550,m1,SUPPORT,SUPPORT,Basic Fact Recall
memos_medium:2553,m2,SUPPORT,REFUTE,Memory Conflict
memos_medium:2553,m4,SUPPORT,REFUTE,Memory Conflict
memos_medium:2553,m8,SUPPORT,REFUTE,Memory Conflict
memos_medium:2553,m9,SUPPORT,REFUTE,Memory Conflict
memos_medium:2554,m1,SUPPORT,SUPPORT,Generalization & Application
memos_medium:2554,m2,SUPPORT,SUPPORT,Generalization & Application
memos_medium:2554,m5,SUPPORT,SUPPORT,Generalization & Application
memos_medium:2554,m6,SUPPORT,SUPPORT,Generalization & Application
memos_medium:2554,m12,SUPPORT,SUPPORT,Generalization & Application
memos_medium:2555,m1,SUPPORT,SUPPORT,Basic Fact Recall
memos_medium:2555,m2,SUPPORT,SUPPORT,Basic Fact Recall
memos_medium:2557,m2,SUPPORT,SUPPORT,Generalization & Application
memos_medium:2559,m2,SUPPORT,SUPPORT,Basic Fact Recall
memos_medium:2559,m3,SUPPORT,INSUFFICIENT,Basic Fact Recall
memos_medium:2560,m2,SUPPORT,SUPPORT,Generalization & Application
memos_medium:2561,m1,SUPPORT,SUPPORT,Generalization & Application
memos_medium:2561,m3,SUPPORT,SUPPORT,Generalization & Application
memos_medium:2561,m10,SUPPORT,SUPPORT,Generalization & Application
memos_medium:2561,m11,SUPPORT,SUPPORT,Generalization & Application
memos_medium:2563,m1,SUPPORT,SUPPORT,Generalization & Application
memos_medium:2565,m7,SUPPORT,INSUFFICIENT,Memory Conflict
memos_medium:2565,m8,SUPPORT,INSUFFICIENT,Memory Conflict
memos_medium:2565,m9,SUPPORT,INSUFFICIENT,Memory Conflict
memos_medium:2565,m10,SUPPORT,INSUFFICIENT,Memory Conflict
memos_medium:2565,m11,SUPPORT,INSUFFICIENT,Memory Conflict
memos_medium:2565,m12,SUPPORT,INSUFFICIENT,Memory Conflict
memos_medium:2568,m2,SUPPORT,INSUFFICIENT,Memory Conflict
memos_medium:2568,m5,SUPPORT,INSUFFICIENT,Memory Conflict
memos_medium:2569,m3,SUPPORT,SUPPORT,Generalization & Application
memos_medium:2570,m4,SUPPORT,SUPPORT,Basic Fact Recall
memos_medium:2570,m8,SUPPORT,SUPPORT,Basic Fact Recall
memos_medium:2570,m10,SUPPORT,SUPPORT,Basic Fact Recall
memos_medium:2571,m1,SUPPORT,SUPPORT,Generalization & Application
memos_medium:2571,m2,SUPPORT,SUPPORT,Generalization & Application
memos_medium:2571,m4,SUPPORT,SUPPORT,Generalization & Application
memos_medium:2571,m7,SUPPORT,SUPPORT,Generalization & Application
memos_medium:2571,m8,SUPPORT,SUPPORT,Generalization & Application
memos_medium:2571,m11,SUPPORT,SUPPORT,Generalization & Application
memos_medium:2572,m1,SUPPORT,REFUTE,Memory Conflict
memos_medium:2572,m7,SUPPORT,REFUTE,Memory Conflict
memos_medium:2572,m8,SUPPORT,REFUTE,Memory Conflict
memos_medium:2573,m1,SUPPORT,REFUTE,Memory Conflict
memos_medium:2573,m2,SUPPORT,REFUTE,Memory Conflict
memos_medium:2575,m1,SUPPORT,SUPPORT,Basic Fact Recall
memos_medium:2576,m2,SUPPORT,SUPPORT,Basic Fact Recall
memos_medium:2576,m3,SUPPORT,SUPPORT,Basic Fact Recall
memos_medium:2576,m11,SUPPORT,SUPPORT,Basic Fact Recall
memos_medium:2578,m1,SUPPORT,SUPPORT,Generalization & Application
memos_medium:2578,m2,SUPPORT,SUPPORT,Generalization & Application
memos_medium:2578,m5,SUPPORT,SUPPORT,Generalization & Application
memos_medium:2578,m8,SUPPORT,SUPPORT,Generalization & Application
memos_medium:2581,m7,SUPPORT,REFUTE,Memory Conflict
memos_medium:2588,m8,SUPPORT,INSUFFICIENT,Memory Conflict
memos_medium:2592,m1,SUPPORT,REFUTE,Memory Conflict
memos_medium:2592,m3,SUPPORT,REFUTE,Memory Conflict
memos_medium:2593,m2,SUPPORT,REFUTE,Memory Conflict
memos_medium:2593,m9,SUPPORT,REFUTE,Memory Conflict
memos_medium:2594,m5,SUPPORT,REFUTE,Memory Conflict
memos_medium:2594,m12,SUPPORT,REFUTE,Memory Conflict
memos_medium:2596,m4,SUPPORT,SUPPORT,Generalization & Application
memos_medium:2596,m6,SUPPORT,SUPPORT,Generalization & Application
memos_medium:2596,m8,SUPPORT,SUPPORT,Generalization & Application
memos_medium:2598,m1,SUPPORT,INSUFFICIENT,Memory Conflict
memos_medium:2598,m2,SUPPORT,INSUFFICIENT,Memory Conflict
memos_medium:2599,m6,SUPPORT,SUPPORT,Generalization & Application
memos_medium:2600,m1,SUPPORT,SUPPORT,Generalization & Application
memos_medium:2600,m7,SUPPORT,SUPPORT,Generalization & Application
memos_medium:2600,m9,SUPPORT,SUPPORT,Generalization & Application
memos_medium:2609,m1,SUPPORT,SUPPORT,Generalization & Application
memos_medium:2609,m2,SUPPORT,SUPPORT,Generalization & Application
memos_medium:2610,m1,SUPPORT,SUPPORT,Basic Fact Recall
memos_medium:2610,m2,SUPPORT,SUPPORT,Basic Fact Recall
memos_medium:2610,m8,SUPPORT,SUPPORT,Basic Fact Recall
memos_medium:2610,m11,SUPPORT,SUPPORT,Basic Fact Recall
memos_medium:2611,m1,SUPPORT,SUPPORT,Basic Fact Recall
memos_medium:2611,m2,SUPPORT,SUPPORT,Basic Fact Recall
memos_medium:2611,m4,SUPPORT,SUPPORT,Basic Fact Recall
memos_medium:2611,m7,SUPPORT,SUPPORT,Basic Fact Recall
memos_medium:2612,m1,SUPPORT,REFUTE,Memory Conflict
memos_medium:2613,m1,SUPPORT,REFUTE,Memory Conflict
memos_medium:2613,m2,SUPPORT,REFUTE,Memory Conflict
memos_medium:2613,m3,SUPPORT,REFUTE,Memory Conflict
memos_medium:2613,m5,SUPPORT,REFUTE,Memory Conflict
memos_medium:2613,m6,SUPPORT,REFUTE,Memory Conflict
memos_medium:2614,m1,SUPPORT,SUPPORT,Generalization & Application
memos_medium:2614,m2,SUPPORT,SUPPORT,Generalization & Application
memos_medium:2614,m4,SUPPORT,SUPPORT,Generalization & Application
memos_medium:2614,m5,SUPPORT,INSUFFICIENT,Generalization & Application
memos_medium:2614,m7,SUPPORT,SUPPORT,Generalization & Application
memos_medium:2614,m8,SUPPORT,SUPPORT,Generalization & Application
memos_medium:2615,m6,SUPPORT,SUPPORT,Generalization & Application
memos_medium:2616,m3,SUPPORT,SUPPORT,Basic Fact Recall
memos_medium:2617,m1,SUPPORT,REFUTE,Memory Conflict
memos_medium:2617,m2,SUPPORT,REFUTE,Memory Conflict
memos_medium:2617,m7,SUPPORT,REFUTE,Memory Conflict
memos_medium:2617,m8,SUPPORT,REFUTE,Memory Conflict
memos_medium:2617,m10,SUPPORT,REFUTE,Memory Conflict
memos_medium:2619,m1,SUPPORT,SUPPORT,Basic Fact Recall
memos_medium:2619,m2,SUPPORT,SUPPORT,Basic Fact Recall
memos_medium:2621,m7,SUPPORT,REFUTE,Memory Conflict
memos_medium:2622,m7,SUPPORT,SUPPORT,Basic Fact Recall
memos_medium:2623,m1,SUPPORT,INSUFFICIENT,Generalization & Application
memos_medium:2623,m7,SUPPORT,SUPPORT,Generalization & Application
memos_medium:2624,m3,SUPPORT,SUPPORT,Memory Conflict
memos_medium:2634,m1,SUPPORT,INSUFFICIENT,Multi-hop Inference
memos_medium:2634,m3,SUPPORT,INSUFFICIENT,Multi-hop Inference
memos_medium:2634,m6,SUPPORT,INSUFFICIENT,Multi-hop Inference
memos_medium:2635,m3,SUPPORT,SUPPORT,Multi-hop Inference
memos_medium:2636,m1,SUPPORT,INSUFFICIENT,Multi-hop Inference
memos_medium:2636,m5,SUPPORT,INSUFFICIENT,Multi-hop Inference
memos_medium:2637,m1,SUPPORT,SUPPORT,Basic Fact Recall
memos_medium:2639,m1,SUPPORT,INSUFFICIENT,Memory Conflict
memos_medium:2639,m2,SUPPORT,REFUTE,Memory Conflict
memos_medium:2645,m1,SUPERSEDED,INSUFFICIENT,Dynamic Update
memos_medium:2645,m2,SUPERSEDED,INSUFFICIENT,Dynamic Update
memos_medium:2645,m3,SUPERSEDED,INSUFFICIENT,Dynamic Update
memos_medium:2645,m4,SUPERSEDED,INSUFFICIENT,Dynamic Update
memos_medium:2645,m5,SUPERSEDED,INSUFFICIENT,Dynamic Update
memos_medium:2645,m6,SUPERSEDED,INSUFFICIENT,Dynamic Update
memos_medium:2645,m7,SUPERSEDED,INSUFFICIENT,Dynamic Update
memos_medium:2645,m8,SUPERSEDED,INSUFFICIENT,Dynamic Update
memos_medium:2645,m9,SUPERSEDED,INSUFFICIENT,Dynamic Update
memos_medium:2645,m10,SUPERSEDED,INSUFFICIENT,Dynamic Update
memos_medium:2645,m11,SUPERSEDED,INSUFFICIENT,Dynamic Update
memos_medium:2645,m12,SUPERSEDED,INSUFFICIENT,Dynamic Update
memos_medium:2646,m1,SUPPORT,SUPPORT,Generalization & Application
memos_medium:2646,m4,SUPPORT,SUPPORT,Generalization & Application
memos_medium:2646,m9,SUPPORT,SUPPORT,Generalization & Application
memos_medium:2647,m1,SUPPORT,SUPPORT,Generalization & Application
memos_medium:2647,m2,SUPPORT,SUPPORT,Generalization & Application
memos_medium:2647,m5,SUPPORT,SUPPORT,Generalization & Application
memos_medium:2647,m8,SUPPORT,SUPPORT,Generalization & Application
memos_medium:2647,m11,SUPPORT,SUPPORT,Generalization & Application
memos_medium:2648,m1,SUPPORT,SUPPORT,Basic Fact Recall
memos_medium:2649,m1,SUPPORT,SUPPORT,Generalization & Application
memos_medium:2649,m6,SUPPORT,SUPPORT,Generalization & Application
memos_medium:2649,m7,SUPPORT,SUPPORT,Generalization & Application
memos_medium:2649,m9,SUPPORT,SUPPORT,Generalization & Application
memos_medium:2649,m10,SUPPORT,SUPPORT,Generalization & Application
memos_medium:2652,m6,SUPPORT,SUPPORT,Basic Fact Recall
memos_medium:2654,m1,SUPPORT,REFUTE,Memory Conflict
memos_medium:2654,m4,SUPPORT,REFUTE,Memory Conflict
memos_medium:2655,m2,SUPPORT,SUPPORT,Basic Fact Recall
memos_medium:2655,m3,SUPPORT,SUPPORT,Basic Fact Recall
memos_medium:2655,m5,SUPPORT,SUPPORT,Basic Fact Recall
memos_medium:2656,m2,SUPPORT,INSUFFICIENT,Generalization & Application
memos_medium:2656,m3,SUPPORT,INSUFFICIENT,Generalization & Application
memos_medium:2656,m4,SUPPORT,INSUFFICIENT,Generalization & Application
memos_medium:2656,m6,SUPPORT,CURRENT,Generalization & Application
memos_medium:2657,m4,SUPPORT,REFUTE,Generalization & Application
memos_medium:2659,m4,SUPPORT,SUPPORT,Basic Fact Recall
memos_medium:2662,m1,SUPPORT,SUPPORT,Generalization & Application
memos_medium:2665,m1,SUPPORT,SUPPORT,Generalization & Application
memos_medium:2665,m5,SUPPORT,SUPPORT,Generalization & Application
memos_medium:2665,m12,SUPPORT,SUPPORT,Generalization & Application
memos_medium:2666,m1,SUPPORT,SUPPORT,Generalization & Application
memos_medium:2666,m2,SUPPORT,SUPPORT,Generalization & Application
memos_medium:2666,m12,SUPPORT,SUPPORT,Generalization & Application
memos_medium:2668,m1,SUPPORT,SUPPORT,Memory Conflict
memos_medium:2668,m2,SUPPORT,SUPPORT,Memory Conflict
memos_medium:2668,m3,SUPPORT,SUPPORT,Memory Conflict
memos_medium:2668,m7,SUPPORT,INSUFFICIENT,Memory Conflict
memos_medium:2668,m8,SUPPORT,INSUFFICIENT,Memory Conflict
memos_medium:2668,m9,SUPPORT,INSUFFICIENT,Memory Conflict
memos_medium:2670,m1,SUPPORT,SUPPORT,Generalization & Application
memos_medium:2670,m8,SUPPORT,INSUFFICIENT,Generalization & Application
memos_medium:2670,m10,SUPPORT,INSUFFICIENT,Generalization & Application
memos_medium:2671,m1,SUPPORT,REFUTE,Memory Conflict
memos_medium:2671,m3,SUPPORT,REFUTE,Memory Conflict
memos_medium:2672,m5,SUPPORT,INSUFFICIENT,Generalization & Application
memos_medium:2672,m7,SUPPORT,SUPPORT,Generalization & Application
memos_medium:2672,m9,SUPPORT,SUPPORT,Generalization & Application
memos_medium:2672,m10,SUPPORT,INSUFFICIENT,Generalization & Application
memos_medium:2673,m1,SUPPORT,SUPPORT,Generalization & Application
memos_medium:2673,m7,SUPPORT,SUPPORT,Generalization & Application
memos_medium:2673,m11,SUPPORT,SUPPORT,Generalization & Application
memos_medium:2673,m12,SUPPORT,SUPPORT,Generalization & Application
memos_medium:2674,m1,SUPERSEDED,SUPPORT,Dynamic Update
memos_medium:2674,m2,SUPPORT,SUPPORT,Dynamic Update
memos_medium:2674,m3,SUPERSEDED,INSUFFICIENT,Dynamic Update
memos_medium:2674,m4,SUPPORT,SUPPORT,Dynamic Update
memos_medium:2674,m5,SUPERSEDED,SUPPORT,Dynamic Update
memos_medium:2674,m6,SUPERSEDED,SUPPORT,Dynamic Update
memos_medium:2674,m7,SUPPORT,SUPPORT,Dynamic Update
memos_medium:2674,m8,SUPPORT,SUPPORT,Dynamic Update
memos_medium:2674,m9,SUPERSEDED,SUPPORT,Dynamic Update
memos_medium:2674,m10,SUPERSEDED,SUPPORT,Dynamic Update
memos_medium:2674,m11,SUPERSEDED,SUPPORT,Dynamic Update
memos_medium:2674,m12,SUPERSEDED,SUPPORT,Dynamic Update
memos_medium:2680,m2,SUPPORT,SUPPORT,Basic Fact Recall
memos_medium:2680,m5,SUPPORT,SUPPORT,Basic Fact Recall
memos_medium:2682,m2,SUPPORT,SUPPORT,Generalization & Application
memos_medium:2686,m1,SUPPORT,SUPPORT,Basic Fact Recall
memos_medium:2686,m2,SUPPORT,SUPPORT,Basic Fact Recall
memos_medium:2687,m1,SUPPORT,REFUTE,Memory Conflict
memos_medium:2687,m3,SUPPORT,REFUTE,Memory Conflict
memos_medium:2688,m1,SUPPORT,SUPPORT,Generalization & Application
memos_medium:2688,m2,SUPPORT,SUPPORT,Generalization & Application
memos_medium:2688,m4,SUPPORT,SUPPORT,Generalization & Application
memos_medium:2688,m6,SUPPORT,SUPPORT,Generalization & Application
memos_medium:2689,m9,SUPPORT,SUPPORT,Multi-hop Inference
memos_medium:2689,m10,SUPPORT,SUPPORT,Multi-hop Inference
memos_medium:2691,m3,SUPPORT,INSUFFICIENT,Multi-hop Inference
memos_medium:2691,m6,SUPPORT,SUPPORT,Multi-hop Inference
memos_medium:2692,m1,SUPPORT,SUPPORT,Dynamic Update
memos_medium:2692,m2,SUPERSEDED,INSUFFICIENT,Dynamic Update
memos_medium:2692,m3,SUPERSEDED,SUPERSEDED,Dynamic Update
memos_medium:2692,m4,SUPERSEDED,SUPERSEDED,Dynamic Update
memos_medium:2692,m5,SUPERSEDED,INSUFFICIENT,Dynamic Update
memos_medium:2692,m6,SUPERSEDED,INSUFFICIENT,Dynamic Update
memos_medium:2692,m7,SUPERSEDED,INSUFFICIENT,Dynamic Update
memos_medium:2692,m8,SUPERSEDED,INSUFFICIENT,Dynamic Update
memos_medium:2692,m9,SUPERSEDED,INSUFFICIENT,Dynamic Update
memos_medium:2692,m10,SUPERSEDED,INSUFFICIENT,Dynamic Update
memos_medium:2692,m11,SUPERSEDED,INSUFFICIENT,Dynamic Update
memos_medium:2692,m12,SUPERSEDED,INSUFFICIENT,Dynamic Update
memos_medium:2693,m1,SUPPORT,SUPPORT,Dynamic Update
memos_medium:2693,m2,SUPERSEDED,SUPPORT,Dynamic Update
memos_medium:2693,m3,SUPERSEDED,SUPPORT,Dynamic Update
memos_medium:2693,m4,SUPERSEDED,SUPERSEDED,Dynamic Update
memos_medium:2693,m5,SUPERSEDED,INSUFFICIENT,Dynamic Update
memos_medium:2693,m6,SUPERSEDED,INSUFFICIENT,Dynamic Update
memos_medium:2693,m7,SUPERSEDED,INSUFFICIENT,Dynamic Update
memos_medium:2693,m8,SUPERSEDED,INSUFFICIENT,Dynamic Update
memos_medium:2693,m9,SUPERSEDED,INSUFFICIENT,Dynamic Update
memos_medium:2693,m10,SUPERSEDED,INSUFFICIENT,Dynamic Update
memos_medium:2693,m11,SUPERSEDED,INSUFFICIENT,Dynamic Update
memos_medium:2693,m12,SUPERSEDED,INSUFFICIENT,Dynamic Update
memos_medium:2694,m1,SUPPORT,SUPPORT,Basic Fact Recall
memos_medium:2695,m1,SUPPORT,SUPPORT,Basic Fact Recall
memos_medium:2698,m12,SUPPORT,INSUFFICIENT,Memory Conflict
memos_medium:2700,m1,SUPPORT,REFUTE,Memory Conflict
memos_medium:2700,m8,SUPPORT,REFUTE,Memory Conflict
memos_medium:2701,m1,SUPPORT,SUPPORT,Basic Fact Recall
memos_medium:2702,m1,SUPPORT,SUPPORT,Generalization & Application
memos_medium:2703,m1,SUPPORT,SUPPORT,Basic Fact Recall
memos_medium:2703,m2,SUPPORT,SUPPORT,Basic Fact Recall
memos_medium:2704,m1,SUPPORT,REFUTE,Memory Conflict
memos_medium:2704,m2,SUPPORT,REFUTE,Memory Conflict
memos_medium:2708,m1,SUPPORT,REFUTE,Memory Conflict
memos_medium:2708,m2,SUPPORT,REFUTE,Memory Conflict
memos_medium:2708,m4,SUPPORT,REFUTE,Memory Conflict
memos_medium:2709,m1,SUPPORT,REFUTE,Memory Conflict
memos_medium:2709,m2,SUPPORT,REFUTE,Memory Conflict
memos_medium:2709,m7,SUPPORT,REFUTE,Memory Conflict
memos_medium:2710,m2,SUPPORT,SUPPORT,Generalization & Application
memos_medium:2716,m6,SUPPORT,SUPPORT,Basic Fact Recall
memos_medium:2717,m2,SUPPORT,SUPPORT,Basic Fact Recall
memos_medium:2718,m1,SUPPORT,REFUTE,Memory Conflict
memos_medium:2718,m2,SUPPORT,REFUTE,Memory Conflict
memos_medium:2718,m3,SUPPORT,REFUTE,Memory Conflict
memos_medium:2718,m4,SUPPORT,REFUTE,Memory Conflict
memos_medium:2718,m6,SUPPORT,REFUTE,Memory Conflict
memos_medium:2718,m7,SUPPORT,REFUTE,Memory Conflict
memos_medium:2718,m8,SUPPORT,REFUTE,Memory Conflict
memos_medium:2718,m10,SUPPORT,REFUTE,Memory Conflict
memos_medium:2718,m12,SUPPORT,REFUTE,Memory Conflict
memos_medium:2719,m1,SUPPORT,SUPPORT,Generalization & Application
memos_medium:2719,m2,SUPPORT,SUPPORT,Generalization & Application
memos_medium:2719,m3,SUPPORT,SUPPORT,Generalization & Application
memos_medium:2719,m4,SUPPORT,SUPPORT,Generalization & Application
memos_medium:2719,m5,SUPPORT,SUPPORT,Generalization & Application
memos_medium:2719,m8,SUPPORT,SUPPORT,Generalization & Application
memos_medium:2719,m10,SUPPORT,SUPPORT,Generalization & Application
memos_medium:2719,m11,SUPPORT,SUPPORT,Generalization & Application
memos_medium:2726,m7,SUPPORT,SUPPORT,Multi-hop Inference
memos_medium:2726,m8,SUPPORT,SUPPORT,Multi-hop Inference
memos_medium:2726,m9,SUPPORT,INSUFFICIENT,Multi-hop Inference
memos_medium:2728,m2,SUPPORT,SUPPORT,Multi-hop Inference
memos_medium:2728,m5,SUPPORT,INSUFFICIENT,Multi-hop Inference
memos_medium:2728,m7,SUPPORT,SUPPORT,Multi-hop Inference
memos_medium:2728,m8,SUPPORT,SUPPORT,Multi-hop Inference
memos_medium:2728,m9,SUPPORT,SUPPORT,Multi-hop Inference
memos_medium:2728,m11,SUPPORT,SUPPORT,Multi-hop Inference
memos_medium:2729,m7,SUPPORT,SUPPORT,Multi-hop Inference
memos_medium:2736,m2,SUPPORT,SUPPORT,Multi-hop Inference
memos_medium:2736,m3,SUPPORT,SUPPORT,Multi-hop Inference
memos_medium:2736,m6,SUPPORT,SUPPORT,Multi-hop Inference
memos_medium:2736,m7,SUPPORT,SUPPORT,Multi-hop Inference
memos_medium:2736,m8,SUPPORT,INSUFFICIENT,Multi-hop Inference
memos_medium:2736,m9,SUPPORT,SUPPORT,Multi-hop Inference
memos_medium:2736,m10,SUPPORT,SUPPORT,Multi-hop Inference
memos_medium:2737,m1,SUPPORT,SUPPORT,Generalization & Application
memos_medium:2737,m2,SUPPORT,SUPPORT,Generalization & Application
memos_medium:2737,m3,SUPPORT,SUPPORT,Generalization & Application
memos_medium:2737,m8,SUPPORT,SUPPORT,Generalization & Application
memos_medium:2739,m1,SUPPORT,REFUTE,Memory Conflict
memos_medium:2753,m3,SUPPORT,SUPPORT,Generalization & Application
memos_medium:2753,m5,SUPPORT,SUPPORT,Generalization & Application
memos_medium:2755,m1,SUPPORT,SUPPORT,Generalization & Application
memos_medium:2755,m7,SUPPORT,SUPPORT,Generalization & Application
memos_medium:2755,m9,SUPPORT,SUPPORT,Generalization & Application
memos_medium:2756,m11,SUPPORT,SUPPORT,Generalization & Application
memos_medium:2758,m5,SUPPORT,SUPPORT,Generalization & Application
memos_medium:2759,m7,SUPPORT,INSUFFICIENT,Basic Fact Recall
memos_medium:2759,m8,SUPPORT,INSUFFICIENT,Basic Fact Recall
memos_medium:2760,m1,SUPPORT,SUPPORT,Generalization & Application
memos_medium:2760,m2,SUPPORT,SUPPORT,Generalization & Application
memos_medium:2762,m2,SUPPORT,REFUTE,Memory Conflict
memos_medium:2762,m7,SUPPORT,REFUTE,Memory Conflict
memos_medium:2763,m1,SUPPORT,SUPPORT,Generalization & Application
memos_medium:2763,m2,SUPPORT,SUPPORT,Generalization & Application
memos_medium:2764,m1,SUPPORT,REFUTE,Memory Conflict
memos_medium:2764,m11,SUPPORT,REFUTE,Memory Conflict
memos_medium:2765,m1,SUPPORT,REFUTE,Memory Conflict
memos_medium:2765,m2,SUPPORT,REFUTE,Memory Conflict
memos_medium:2766,m6,SUPPORT,REFUTE,Memory Conflict
memos_medium:2766,m7,SUPPORT,REFUTE,Memory Conflict
memos_medium:2767,m9,SUPPORT,INSUFFICIENT,Basic Fact Recall
memos_medium:2767,m10,SUPPORT,INSUFFICIENT,Basic Fact Recall
memos_medium:2769,m1,SUPPORT,SUPPORT,Generalization & Application
memos_medium:2770,m1,SUPPORT,INSUFFICIENT,Memory Conflict
memos_medium:2770,m10,SUPPORT,INSUFFICIENT,Memory Conflict
memos_medium:2771,m1,SUPPORT,REFUTE,Memory Conflict
memos_medium:2771,m8,SUPPORT,REFUTE,Memory Conflict
memos_medium:2772,m2,SUPPORT,SUPPORT,Multi-hop Inference
memos_medium:2772,m5,SUPPORT,SUPPORT,Multi-hop Inference
memos_medium:2773,m1,SUPPORT,SUPPORT,Multi-hop Inference
memos_medium:2774,m1,SUPPORT,SUPPORT,Multi-hop Inference
memos_medium:2774,m3,SUPPORT,SUPPORT,Multi-hop Inference
memos_medium:2774,m10,SUPPORT,SUPPORT,Multi-hop Inference
memos_medium:2775,m1,SUPPORT,REFUTE,Memory Conflict
memos_medium:2775,m2,SUPPORT,REFUTE,Memory Conflict
memos_medium:2776,m3,SUPPORT,INSUFFICIENT,Memory Conflict
memos_medium:2781,m1,SUPPORT,SUPPORT,Generalization & Application
memos_medium:2781,m3,SUPPORT,SUPPORT,Generalization & Application
memos_medium:2781,m4,SUPPORT,SUPPORT,Generalization & Application
memos_medium:2782,m1,SUPPORT,SUPPORT,Generalization & Application
memos_medium:2782,m2,SUPPORT,SUPPORT,Generalization & Application
memos_medium:2782,m11,SUPPORT,SUPPORT,Generalization & Application
memos_medium:2783,m1,SUPPORT,SUPPORT,Generalization & Application
memos_medium:2783,m2,SUPPORT,SUPPORT,Generalization & Application
memos_medium:2784,m4,SUPPORT,SUPPORT,Generalization & Application
memos_medium:2784,m11,SUPPORT,SUPPORT,Generalization & Application
memos_medium:2785,m3,SUPPORT,SUPPORT,Generalization & Application
memos_medium:2790,m6,SUPPORT,SUPPORT,Basic Fact Recall
memos_medium:2791,m1,SUPPORT,REFUTE,Memory Conflict
memos_medium:2791,m2,SUPPORT,REFUTE,Memory Conflict
memos_medium:2792,m1,SUPPORT,REFUTE,Memory Conflict
memos_medium:2792,m3,SUPPORT,REFUTE,Memory Conflict
memos_medium:2792,m7,SUPPORT,REFUTE,Memory Conflict
memos_medium:2792,m8,SUPPORT,REFUTE,Memory Conflict
memos_medium:2793,m2,SUPPORT,SUPPORT,Generalization & Application
memos_medium:2794,m1,SUPPORT,REFUTE,Memory Conflict
memos_medium:2794,m2,SUPPORT,REFUTE,Memory Conflict
memos_medium:2794,m7,SUPPORT,REFUTE,Memory Conflict
memos_medium:2796,m1,SUPPORT,SUPPORT,Basic Fact Recall
memos_medium:2796,m2,SUPPORT,SUPPORT,Basic Fact Recall
memos_medium:2797,m1,SUPPORT,SUPPORT,Generalization & Application
memos_medium:2797,m2,SUPPORT,SUPPORT,Generalization & Application
memos_medium:2798,m1,SUPPORT,REFUTE,Memory Conflict
memos_medium:2798,m3,SUPPORT,REFUTE,Memory Conflict
memos_medium:2798,m4,SUPPORT,REFUTE,Memory Conflict
memos_medium:2798,m5,SUPPORT,REFUTE,Memory Conflict
memos_medium:2802,m1,SUPPORT,INSUFFICIENT,Dynamic Update
memos_medium:2802,m2,SUPPORT,INSUFFICIENT,Dynamic Update
memos_medium:2802,m3,SUPERSEDED,INSUFFICIENT,Dynamic Update
memos_medium:2802,m4,SUPPORT,SUPPORT,Dynamic Update
memos_medium:2802,m5,SUPERSEDED,INSUFFICIENT,Dynamic Update
memos_medium:2802,m6,SUPERSEDED,INSUFFICIENT,Dynamic Update
memos_medium:2802,m7,SUPERSEDED,INSUFFICIENT,Dynamic Update
memos_medium:2802,m8,SUPERSEDED,INSUFFICIENT,Dynamic Update
memos_medium:2802,m9,SUPERSEDED,INSUFFICIENT,Dynamic Update
memos_medium:2802,m10,SUPERSEDED,INSUFFICIENT,Dynamic Update
memos_medium:2802,m11,SUPERSEDED,INSUFFICIENT,Dynamic Update
memos_medium:2803,m1,SUPERSEDED,INSUFFICIENT,Dynamic Update
memos_medium:2803,m2,SUPERSEDED,SUPPORT,Dynamic Update
memos_medium:2803,m3,SUPERSEDED,INSUFFICIENT,Dynamic Update
memos_medium:2803,m4,SUPERSEDED,INSUFFICIENT,Dynamic Update
memos_medium:2803,m5,SUPERSEDED,INSUFFICIENT,Dynamic Update
memos_medium:2803,m6,SUPERSEDED,INSUFFICIENT,Dynamic Update
memos_medium:2803,m7,SUPERSEDED,INSUFFICIENT,Dynamic Update
memos_medium:2803,m8,SUPERSEDED,INSUFFICIENT,Dynamic Update
memos_medium:2803,m9,SUPERSEDED,INSUFFICIENT,Dynamic Update
memos_medium:2803,m10,SUPERSEDED,INSUFFICIENT,Dynamic Update
memos_medium:2803,m11,SUPERSEDED,INSUFFICIENT,Dynamic Update
memos_medium:2805,m1,SUPERSEDED,SUPPORT,Dynamic Update
memos_medium:2805,m2,SUPPORT,SUPPORT,Dynamic Update
memos_medium:2805,m3,SUPPORT,SUPPORT,Dynamic Update
memos_medium:2805,m4,SUPERSEDED,INSUFFICIENT,Dynamic Update
memos_medium:2805,m5,SUPERSEDED,INSUFFICIENT,Dynamic Update
memos_medium:2805,m6,SUPERSEDED,INSUFFICIENT,Dynamic Update
memos_medium:2805,m7,SUPERSEDED,INSUFFICIENT,Dynamic Update
memos_medium:2805,m8,SUPERSEDED,INSUFFICIENT,Dynamic Update
memos_medium:2805,m9,SUPERSEDED,INSUFFICIENT,Dynamic Update
memos_medium:2805,m10,SUPERSEDED,INSUFFICIENT,Dynamic Update
memos_medium:2805,m11,SUPERSEDED,INSUFFICIENT,Dynamic Update
memos_medium:2806,m1,SUPERSEDED,SUPPORT,Dynamic Update
memos_medium:2806,m2,SUPPORT,SUPPORT,Dynamic Update
memos_medium:2806,m3,SUPERSEDED,INSUFFICIENT,Dynamic Update
memos_medium:2806,m4,SUPERSEDED,INSUFFICIENT,Dynamic Update
memos_medium:2806,m5,SUPERSEDED,INSUFFICIENT,Dynamic Update
memos_medium:2806,m6,SUPERSEDED,INSUFFICIENT,Dynamic Update
memos_medium:2806,m7,SUPERSEDED,INSUFFICIENT,Dynamic Update
memos_medium:2806,m8,SUPERSEDED,INSUFFICIENT,Dynamic Update
memos_medium:2806,m9,SUPERSEDED,INSUFFICIENT,Dynamic Update
memos_medium:2806,m10,SUPERSEDED,INSUFFICIENT,Dynamic Update
memos_medium:2806,m11,SUPERSEDED,INSUFFICIENT,Dynamic Update
memos_medium:2811,m9,SUPPORT,INSUFFICIENT,Memory Conflict
memos_medium:2811,m11,SUPPORT,INSUFFICIENT,Memory Conflict
memos_medium:2813,m1,SUPPORT,SUPPORT,Generalization & Application
memos_medium:2813,m2,SUPPORT,SUPPORT,Generalization & Application
memos_medium:2813,m3,SUPPORT,SUPPORT,Generalization & Application
memos_medium:2813,m5,SUPPORT,SUPPORT,Generalization & Application
memos_medium:2813,m8,SUPPORT,SUPPORT,Generalization & Application
memos_medium:2813,m9,SUPPORT,SUPPORT,Generalization & Application
memos_medium:2813,m10,SUPPORT,SUPPORT,Generalization & Application
memos_medium:2814,m1,SUPPORT,REFUTE,Memory Conflict
memos_medium:2814,m3,SUPPORT,REFUTE,Memory Conflict
memos_medium:2814,m4,SUPPORT,REFUTE,Memory Conflict
memos_medium:2814,m5,SUPPORT,REFUTE,Memory Conflict
memos_medium:2814,m6,SUPPORT,REFUTE,Memory Conflict
memos_medium:2815,m1,SUPPORT,SUPPORT,Basic Fact Recall
memos_medium:2815,m2,SUPPORT,SUPPORT,Basic Fact Recall
memos_medium:2815,m3,SUPPORT,SUPPORT,Basic Fact Recall
memos_medium:2815,m5,SUPPORT,SUPPORT,Basic Fact Recall
memos_medium:2818,m1,SUPPORT,SUPPORT,Generalization & Application
memos_medium:2818,m2,SUPPORT,SUPPORT,Generalization & Application
memos_medium:2818,m7,SUPPORT,SUPPORT,Generalization & Application
memos_medium:2818,m8,SUPPORT,SUPPORT,Generalization & Application
memos_medium:2818,m9,SUPPORT,SUPPORT,Generalization & Application
memos_medium:2820,m1,SUPPORT,SUPPORT,Generalization & Application
memos_medium:2820,m2,SUPPORT,SUPPORT,Generalization & Application
memos_medium:2820,m4,SUPPORT,SUPPORT,Generalization & Application
memos_medium:2820,m8,SUPPORT,SUPPORT,Generalization & Application
memos_medium:2820,m9,SUPPORT,SUPPORT,Generalization & Application
memos_medium:2820,m10,SUPPORT,SUPPORT,Generalization & Application
memos_medium:2823,m1,SUPPORT,SUPPORT,Generalization & Application
memos_medium:2823,m2,SUPPORT,SUPPORT,Generalization & Application
memos_medium:2826,m1,SUPERSEDED,INSUFFICIENT,Dynamic Update
memos_medium:2826,m2,SUPERSEDED,INSUFFICIENT,Dynamic Update
memos_medium:2826,m3,SUPERSEDED,INSUFFICIENT,Dynamic Update
memos_medium:2826,m4,SUPPORT,INSUFFICIENT,Dynamic Update
memos_medium:2826,m5,SUPPORT,INSUFFICIENT,Dynamic Update
memos_medium:2826,m6,SUPERSEDED,INSUFFICIENT,Dynamic Update
memos_medium:2826,m7,SUPPORT,INSUFFICIENT,Dynamic Update
memos_medium:2826,m8,SUPPORT,INSUFFICIENT,Dynamic Update
memos_medium:2826,m9,SUPERSEDED,INSUFFICIENT,Dynamic Update
memos_medium:2826,m10,SUPERSEDED,INSUFFICIENT,Dynamic Update
memos_medium:2826,m11,SUPERSEDED,INSUFFICIENT,Dynamic Update
memos_medium:2827,m1,SUPPORT,SUPPORT,Generalization & Application
memos_medium:2827,m2,SUPPORT,SUPPORT,Generalization & Application
memos_medium:2827,m3,SUPPORT,INSUFFICIENT,Generalization & Application
memos_medium:2827,m11,SUPPORT,INSUFFICIENT,Generalization & Application
memos_medium:2827,m12,SUPPORT,INSUFFICIENT,Generalization & Application
memos_medium:2828,m2,SUPPORT,REFUTE,Memory Conflict
memos_medium:2828,m3,SUPPORT,REFUTE,Memory Conflict
memos_medium:2830,m1,SUPPORT,REFUTE,Memory Conflict
memos_medium:2830,m2,SUPPORT,SUPPORT,Memory Conflict
memos_medium:2830,m4,SUPPORT,SUPPORT,Memory Conflict
memos_medium:2830,m6,SUPPORT,SUPPORT,Memory Conflict
memos_medium:2830,m7,SUPPORT,SUPPORT,Memory Conflict
memos_medium:2830,m8,SUPPORT,SUPPORT,Memory Conflict
memos_medium:2830,m9,SUPPORT,SUPPORT,Memory Conflict
memos_medium:2830,m10,SUPPORT,SUPPORT,Memory Conflict
memos_medium:2833,m3,SUPPORT,SUPPORT,Basic Fact Recall
memos_medium:2834,m2,SUPPORT,REFUTE,Memory Conflict
memos_medium:2834,m8,SUPPORT,REFUTE,Memory Conflict
memos_medium:2834,m9,SUPPORT,REFUTE,Memory Conflict
memos_medium:2838,m1,SUPPORT,SUPPORT,Basic Fact Recall
memos_medium:2839,m1,SUPPORT,SUPPORT,Generalization & Application
memos_medium:2839,m2,SUPPORT,SUPPORT,Generalization & Application
memos_medium:2839,m3,SUPPORT,SUPPORT,Generalization & Application
memos_medium:2839,m4,SUPPORT,SUPPORT,Generalization & Application
memos_medium:2840,m2,SUPPORT,REFUTE,Memory Conflict
memos_medium:2840,m5,SUPPORT,REFUTE,Memory Conflict
memos_medium:2840,m10,SUPPORT,REFUTE,Memory Conflict
memos_medium:2853,m7,SUPPORT,SUPPORT,Generalization & Application
memos_medium:2853,m10,SUPPORT,SUPPORT,Generalization & Application
memos_medium:2855,m1,SUPPORT,SUPPORT,Basic Fact Recall
memos_medium:2855,m5,SUPPORT,SUPPORT,Basic Fact Recall
memos_medium:2855,m7,SUPPORT,SUPPORT,Basic Fact Recall
memos_medium:2855,m8,SUPPORT,SUPPORT,Basic Fact Recall
memos_medium:2855,m10,SUPPORT,SUPPORT,Basic Fact Recall
memos_medium:2859,m1,SUPPORT,SUPPORT,Multi-hop Inference
memos_medium:2859,m5,SUPPORT,SUPPORT,Multi-hop Inference
memos_medium:2860,m1,SUPPORT,SUPPORT,Multi-hop Inference
memos_medium:2860,m3,SUPPORT,SUPPORT,Multi-hop Inference
memos_medium:2860,m4,SUPPORT,SUPPORT,Multi-hop Inference
memos_medium:2860,m9,SUPPORT,INSUFFICIENT,Multi-hop Inference
memos_medium:2860,m11,SUPPORT,SUPPORT,Multi-hop Inference
memos_medium:2862,m1,SUPPORT,SUPPORT,Generalization & Application
memos_medium:2862,m2,SUPPORT,SUPPORT,Generalization & Application
memos_medium:2863,m1,SUPPORT,SUPPORT,Generalization & Application
memos_medium:2863,m4,SUPPORT,SUPPORT,Generalization & Application
memos_medium:2863,m7,SUPPORT,SUPPORT,Generalization & Application
memos_medium:2863,m10,SUPPORT,SUPPORT,Generalization & Application
memos_medium:2863,m11,SUPPORT,SUPPORT,Generalization & Application
memos_medium:2865,m10,SUPPORT,SUPPORT,Generalization & Application
memos_medium:2865,m11,SUPPORT,SUPPORT,Generalization & Application
memos_medium:2866,m7,SUPPORT,REFUTE,Memory Conflict
memos_medium:2866,m8,SUPPORT,REFUTE,Memory Conflict
memos_medium:2867,m1,SUPPORT,SUPPORT,Memory Conflict
memos_medium:2869,m1,SUPPORT,SUPPORT,Generalization & Application
memos_medium:2869,m2,SUPPORT,SUPPORT,Generalization & Application
memos_medium:2869,m3,SUPPORT,SUPPORT,Generalization & Application
memos_medium:2869,m4,SUPPORT,SUPPORT,Generalization & Application
memos_medium:2869,m5,SUPPORT,SUPPORT,Generalization & Application
memos_medium:2869,m9,SUPPORT,SUPPORT,Generalization & Application
memos_medium:2869,m10,SUPPORT,SUPPORT,Generalization & Application
memos_medium:2869,m11,SUPPORT,SUPPORT,Generalization & Application
memos_medium:2870,m1,SUPPORT,REFUTE,Memory Conflict
memos_medium:2870,m2,SUPPORT,REFUTE,Memory Conflict
memos_medium:2870,m3,SUPPORT,REFUTE,Memory Conflict
memos_medium:2870,m4,SUPPORT,REFUTE,Memory Conflict
memos_medium:2870,m5,SUPPORT,REFUTE,Memory Conflict
memos_medium:2870,m9,SUPPORT,REFUTE,Memory Conflict
memos_medium:2871,m1,SUPPORT,REFUTE,Memory Conflict
memos_medium:2871,m2,SUPPORT,REFUTE,Memory Conflict
memos_medium:2871,m3,SUPPORT,REFUTE,Memory Conflict
memos_medium:2871,m5,SUPPORT,REFUTE,Memory Conflict
memos_medium:2871,m8,SUPPORT,REFUTE,Memory Conflict
memos_medium:2872,m1,SUPPORT,SUPPORT,Generalization & Application
memos_medium:2873,m4,SUPPORT,INSUFFICIENT,Basic Fact Recall
memos_medium:2874,m1,SUPPORT,SUPPORT,Generalization & Application
memos_medium:2874,m2,SUPPORT,SUPPORT,Generalization & Application
memos_medium:2874,m3,SUPPORT,SUPPORT,Generalization & Application
memos_medium:2874,m8,SUPPORT,SUPPORT,Generalization & Application
memos_medium:2877,m2,SUPPORT,SUPPORT,Generalization & Application
memos_medium:2877,m3,SUPPORT,SUPPORT,Generalization & Application
memos_medium:2877,m4,SUPPORT,SUPPORT,Generalization & Application
memos_medium:2877,m5,SUPPORT,SUPPORT,Generalization & Application
memos_medium:2877,m6,SUPPORT,SUPPORT,Generalization & Application
memos_medium:2877,m7,SUPPORT,SUPPORT,Generalization & Application
memos_medium:2877,m8,SUPPORT,SUPPORT,Generalization & Application
memos_medium:2877,m9,SUPPORT,SUPPORT,Generalization & Application
memos_medium:2877,m10,SUPPORT,SUPPORT,Generalization & Application
memos_medium:2877,m11,SUPPORT,SUPPORT,Generalization & Application
memos_medium:2877,m12,SUPPORT,SUPPORT,Generalization & Application
memos_medium:2879,m1,SUPPORT,REFUTE,Memory Conflict
memos_medium:2879,m2,SUPPORT,REFUTE,Memory Conflict
memos_medium:2879,m11,SUPPORT,INSUFFICIENT,Memory Conflict
memos_medium:2880,m2,SUPPORT,SUPPORT,Generalization & Application
memos_medium:2880,m7,SUPPORT,SUPPORT,Generalization & Application
memos_medium:2880,m8,SUPPORT,SUPPORT,Generalization & Application
memos_medium:2880,m11,SUPPORT,SUPPORT,Generalization & Application
memos_medium:2880,m12,SUPPORT,SUPPORT,Generalization & Application
memos_medium:2883,m3,SUPPORT,SUPPORT,Basic Fact Recall
memos_medium:2884,m1,SUPPORT,SUPPORT,Generalization & Application
memos_medium:2884,m3,SUPPORT,SUPPORT,Generalization & Application
memos_medium:2885,m2,SUPPORT,SUPPORT,Generalization & Application
memos_medium:2885,m4,SUPPORT,SUPPORT,Generalization & Application
memos_medium:2886,m2,SUPPORT,SUPPORT,Generalization & Application
memos_medium:2887,m1,SUPPORT,SUPPORT,Generalization & Application
memos_medium:2887,m2,SUPPORT,SUPPORT,Generalization & Application
memos_medium:2887,m4,SUPPORT,SUPPORT,Generalization & Application
memos_medium:2889,m1,SUPPORT,REFUTE,Memory Conflict
memos_medium:2889,m2,SUPPORT,REFUTE,Memory Conflict
memos_medium:2889,m4,SUPPORT,REFUTE,Memory Conflict
memos_medium:2889,m8,SUPPORT,INSUFFICIENT,Memory Conflict
memos_medium:2891,m1,SUPERSEDED,SUPPORT,Dynamic Update
memos_medium:2891,m2,SUPPORT,SUPPORT,Dynamic Update
memos_medium:2891,m3,SUPERSEDED,SUPPORT,Dynamic Update
memos_medium:2891,m4,SUPPORT,SUPPORT,Dynamic Update
memos_medium:2891,m5,SUPERSEDED,SUPERSEDED,Dynamic Update
memos_medium:2891,m6,SUPERSEDED,SUPERSEDED,Dynamic Update
memos_medium:2891,m7,SUPERSEDED,INSUFFICIENT,Dynamic Update
memos_medium:2891,m8,SUPERSEDED,INSUFFICIENT,Dynamic Update
memos_medium:2891,m9,SUPERSEDED,INSUFFICIENT,Dynamic Update
memos_medium:2891,m10,SUPERSEDED,INSUFFICIENT,Dynamic Update
memos_medium:2891,m11,SUPERSEDED,INSUFFICIENT,Dynamic Update
memos_medium:2895,m2,SUPPORT,SUPPORT,Generalization & Application
memos_medium:2897,m1,SUPPORT,SUPPORT,Basic Fact Recall
memos_medium:2897,m2,SUPPORT,SUPPORT,Basic Fact Recall
memos_medium:2900,m11,SUPPORT,INSUFFICIENT,Basic Fact Recall
memos_medium:2902,m1,SUPPORT,SUPPORT,Basic Fact Recall
memos_medium:2902,m4,SUPPORT,SUPPORT,Basic Fact Recall
memos_medium:2903,m1,SUPPORT,REFUTE,Memory Conflict
memos_medium:2903,m2,SUPPORT,REFUTE,Memory Conflict
memos_medium:2903,m5,SUPPORT,REFUTE,Memory Conflict
memos_medium:2904,m3,SUPPORT,INSUFFICIENT,Memory Conflict
memos_medium:2906,m1,SUPPORT,SUPPORT,Basic Fact Recall
memos_medium:2907,m3,SUPPORT,SUPPORT,Generalization & Application
memos_medium:2907,m5,SUPPORT,SUPPORT,Generalization & Application
memos_medium:2907,m6,SUPPORT,SUPPORT,Generalization & Application
memos_medium:2907,m9,SUPPORT,SUPPORT,Generalization & Application
memos_medium:2909,m1,SUPPORT,SUPPORT,Generalization & Application
memos_medium:2909,m4,SUPPORT,SUPPORT,Generalization & Application
memos_medium:2909,m10,SUPPORT,SUPPORT,Generalization & Application
memos_medium:2912,m1,SUPPORT,SUPPORT,Basic Fact Recall
memos_medium:2912,m2,SUPPORT,SUPPORT,Basic Fact Recall
memos_medium:2914,m1,SUPPORT,SUPPORT,Generalization & Application
memos_medium:2914,m3,SUPPORT,SUPPORT,Generalization & Application
memos_medium:2914,m4,SUPPORT,SUPPORT,Generalization & Application
memos_medium:2914,m7,SUPPORT,SUPPORT,Generalization & Application
memos_medium:2914,m8,SUPPORT,SUPPORT,Generalization & Application
memos_medium:2914,m9,SUPPORT,SUPPORT,Generalization & Application
memos_medium:2914,m10,SUPPORT,SUPPORT,Generalization & Application
memos_medium:2916,m7,SUPPORT,SUPPORT,Basic Fact Recall
memos_medium:2918,m1,SUPPORT,SUPPORT,Generalization & Application
memos_medium:2918,m2,SUPPORT,SUPPORT,Generalization & Application
memos_medium:2918,m4,SUPPORT,SUPPORT,Generalization & Application
memos_medium:2919,m1,SUPPORT,SUPPORT,Generalization & Application
memos_medium:2919,m2,SUPPORT,SUPPORT,Generalization & Application
memos_medium:2919,m3,SUPPORT,SUPPORT,Generalization & Application
memos_medium:2924,m1,SUPERSEDED,SUPPORT,Dynamic Update
memos_medium:2924,m2,SUPERSEDED,SUPPORT,Dynamic Update
memos_medium:2924,m3,SUPERSEDED,SUPPORT,Dynamic Update
memos_medium:2924,m4,SUPERSEDED,SUPPORT,Dynamic Update
memos_medium:2924,m5,SUPERSEDED,INSUFFICIENT,Dynamic Update
memos_medium:2924,m6,SUPERSEDED,INSUFFICIENT,Dynamic Update
memos_medium:2924,m7,SUPERSEDED,SUPPORT,Dynamic Update
memos_medium:2924,m8,SUPERSEDED,INSUFFICIENT,Dynamic Update
memos_medium:2924,m9,SUPERSEDED,INSUFFICIENT,Dynamic Update
memos_medium:2924,m10,SUPERSEDED,INSUFFICIENT,Dynamic Update
memos_medium:2924,m11,SUPERSEDED,SUPPORT,Dynamic Update
memos_medium:2925,m1,SUPERSEDED,SUPPORT,Dynamic Update
memos_medium:2925,m2,SUPERSEDED,SUPPORT,Dynamic Update
memos_medium:2925,m3,SUPERSEDED,SUPERSEDED,Dynamic Update
memos_medium:2925,m4,SUPERSEDED,INSUFFICIENT,Dynamic Update
memos_medium:2925,m5,SUPERSEDED,INSUFFICIENT,Dynamic Update
memos_medium:2925,m6,SUPERSEDED,INSUFFICIENT,Dynamic Update
memos_medium:2925,m7,SUPERSEDED,INSUFFICIENT,Dynamic Update
memos_medium:2925,m8,SUPERSEDED,INSUFFICIENT,Dynamic Update
memos_medium:2925,m9,SUPERSEDED,INSUFFICIENT,Dynamic Update
memos_medium:2925,m10,SUPERSEDED,INSUFFICIENT,Dynamic Update
memos_medium:2925,m11,SUPERSEDED,INSUFFICIENT,Dynamic Update
memos_medium:2926,m1,SUPPORT,SUPPORT,Basic Fact Recall
memos_medium:2929,m1,SUPPORT,REFUTE,Memory Conflict
memos_medium:2933,m5,SUPPORT,REFUTE,Memory Conflict
memos_medium:2934,m5,SUPPORT,SUPPORT,Basic Fact Recall
memos_medium:2935,m1,SUPERSEDED,INSUFFICIENT,Dynamic Update
memos_medium:2935,m2,SUPERSEDED,INSUFFICIENT,Dynamic Update
memos_medium:2935,m3,SUPPORT,INSUFFICIENT,Dynamic Update
memos_medium:2935,m4,SUPERSEDED,INSUFFICIENT,Dynamic Update
memos_medium:2935,m5,SUPPORT,INSUFFICIENT,Dynamic Update
memos_medium:2935,m6,SUPERSEDED,INSUFFICIENT,Dynamic Update
memos_medium:2935,m7,SUPERSEDED,INSUFFICIENT,Dynamic Update
memos_medium:2935,m8,SUPPORT,INSUFFICIENT,Dynamic Update
memos_medium:2935,m9,SUPERSEDED,INSUFFICIENT,Dynamic Update
memos_medium:2935,m10,SUPERSEDED,INSUFFICIENT,Dynamic Update
memos_medium:2936,m1,SUPERSEDED,SUPPORT,Dynamic Update
memos_medium:2936,m2,SUPERSEDED,SUPPORT,Dynamic Update
memos_medium:2936,m3,SUPERSEDED,SUPPORT,Dynamic Update
memos_medium:2936,m4,SUPERSEDED,SUPPORT,Dynamic Update
memos_medium:2936,m5,SUPERSEDED,INSUFFICIENT,Dynamic Update
memos_medium:2936,m6,SUPERSEDED,SUPPORT,Dynamic Update
memos_medium:2936,m7,SUPERSEDED,INSUFFICIENT,Dynamic Update
memos_medium:2936,m8,SUPERSEDED,INSUFFICIENT,Dynamic Update
memos_medium:2936,m9,SUPERSEDED,SUPPORT,Dynamic Update
memos_medium:2936,m10,SUPERSEDED,SUPPORT,Dynamic Update
memos_medium:2937,m1,SUPPORT,SUPPORT,Generalization & Application
memos_medium:2937,m2,SUPPORT,SUPPORT,Generalization & Application
memos_medium:2937,m8,SUPPORT,SUPPORT,Generalization & Application
memos_medium:2941,m1,SUPPORT,REFUTE,Memory Conflict
memos_medium:2941,m3,SUPPORT,REFUTE,Memory Conflict
memos_medium:2941,m4,SUPPORT,REFUTE,Memory Conflict
memos_medium:2941,m10,SUPPORT,REFUTE,Memory Conflict
memos_medium:2942,m5,SUPPORT,REFUTE,Memory Conflict
memos_medium:2942,m7,SUPPORT,REFUTE,Memory Conflict
memos_medium:2946,m1,SUPPORT,CURRENT,Memory Conflict
memos_medium:2946,m2,SUPPORT,CURRENT,Memory Conflict
memos_medium:2946,m3,SUPPORT,CURRENT,Memory Conflict
memos_medium:2947,m1,SUPPORT,REFUTE,Memory Conflict
memos_medium:2947,m2,SUPPORT,REFUTE,Memory Conflict
memos_medium:2947,m3,SUPPORT,REFUTE,Memory Conflict
memos_medium:2947,m4,SUPPORT,REFUTE,Memory Conflict
memos_medium:2948,m1,SUPPORT,SUPPORT,Basic Fact Recall
memos_medium:2948,m2,SUPPORT,SUPPORT,Basic Fact Recall
memos_medium:2948,m3,SUPPORT,SUPPORT,Basic Fact Recall
memos_medium:2948,m8,SUPPORT,SUPPORT,Basic Fact Recall
memos_medium:2949,m1,SUPPORT,REFUTE,Memory Conflict
memos_medium:2950,m2,SUPPORT,REFUTE,Memory Conflict
memos_medium:2950,m3,SUPPORT,REFUTE,Memory Conflict
memos_medium:2950,m8,SUPPORT,REFUTE,Memory Conflict
memos_medium:2951,m1,SUPPORT,SUPPORT,Basic Fact Recall
memos_medium:2956,m5,SUPPORT,SUPPORT,Basic Fact Recall
memos_medium:2963,m1,SUPPORT,SUPPORT,Memory Conflict
memos_medium:2963,m7,SUPPORT,SUPPORT,Memory Conflict
memos_medium:2963,m8,SUPPORT,SUPPORT,Memory Conflict
memos_medium:2963,m9,SUPPORT,SUPPORT,Memory Conflict
memos_medium:2963,m10,SUPPORT,REFUTE,Memory Conflict
memos_medium:2963,m12,SUPPORT,SUPPORT,Memory Conflict
memos_medium:2964,m2,SUPPORT,REFUTE,Memory Conflict
memos_medium:2964,m3,SUPPORT,REFUTE,Memory Conflict
memos_medium:2966,m1,SUPERSEDED,INSUFFICIENT,Dynamic Update
memos_medium:2966,m2,SUPERSEDED,SUPPORT,Dynamic Update
memos_medium:2966,m3,SUPERSEDED,INSUFFICIENT,Dynamic Update
memos_medium:2966,m4,SUPERSEDED,INSUFFICIENT,Dynamic Update
memos_medium:2966,m5,SUPERSEDED,INSUFFICIENT,Dynamic Update
memos_medium:2966,m6,SUPERSEDED,INSUFFICIENT,Dynamic Update
memos_medium:2966,m7,SUPERSEDED,INSUFFICIENT,Dynamic Update
memos_medium:2966,m8,SUPERSEDED,INSUFFICIENT,Dynamic Update
memos_medium:2966,m9,SUPERSEDED,INSUFFICIENT,Dynamic Update
memos_medium:2966,m10,SUPERSEDED,INSUFFICIENT,Dynamic Update
memos_medium:2969,m2,SUPPORT,SUPPORT,Basic Fact Recall
memos_medium:2969,m8,SUPPORT,SUPPORT,Basic Fact Recall
memos_medium:2972,m3,SUPPORT,SUPPORT,Generalization & Application
memos_medium:2972,m7,SUPPORT,SUPPORT,Generalization & Application
memos_medium:2972,m9,SUPPORT,SUPPORT,Generalization & Application
memos_medium:2973,m6,SUPPORT,SUPPORT,Basic Fact Recall
memos_medium:2974,m1,SUPPORT,REFUTE,Memory Conflict
memos_medium:2974,m11,SUPPORT,REFUTE,Memory Conflict
memos_medium:2975,m1,SUPPORT,SUPPORT,Generalization & Application
memos_medium:2975,m3,SUPPORT,SUPPORT,Generalization & Application
memos_medium:2975,m4,SUPPORT,SUPPORT,Generalization & Application
memos_medium:2980,m8,SUPPORT,SUPPORT,Generalization & Application
memos_medium:2981,m1,SUPPORT,INSUFFICIENT,Generalization & Application
memos_medium:2981,m4,SUPPORT,INSUFFICIENT,Generalization & Application
memos_medium:2981,m5,SUPPORT,INSUFFICIENT,Generalization & Application
memos_medium:2981,m7,SUPPORT,SUPPORT,Generalization & Application
memos_medium:2982,m1,SUPPORT,SUPPORT,Generalization & Application
memos_medium:2982,m2,SUPPORT,SUPPORT,Generalization & Application
memos_medium:2982,m4,SUPPORT,SUPPORT,Generalization & Application
memos_medium:2982,m7,SUPPORT,SUPPORT,Generalization & Application
memos_medium:2982,m8,SUPPORT,SUPPORT,Generalization & Application
memos_medium:2982,m9,SUPPORT,SUPPORT,Generalization & Application
memos_medium:2982,m11,SUPPORT,SUPPORT,Generalization & Application
memos_medium:2986,m4,SUPPORT,INSUFFICIENT,Basic Fact Recall
memos_medium:2989,m8,SUPPORT,SUPPORT,Basic Fact Recall
memos_medium:2990,m7,SUPPORT,SUPPORT,Generalization & Application
memos_medium:2990,m8,SUPPORT,SUPPORT,Generalization & Application
memos_medium:2990,m9,SUPPORT,INSUFFICIENT,Generalization & Application
memos_medium:2991,m2,SUPPORT,SUPPORT,Basic Fact Recall
memos_medium:2991,m3,SUPPORT,SUPPORT,Basic Fact Recall
memos_medium:2991,m5,SUPPORT,SUPPORT,Basic Fact Recall
memos_medium:2993,m4,SUPPORT,REFUTE,Memory Conflict
memos_medium:2994,m1,SUPPORT,SUPPORT,Generalization & Application
memos_medium:2994,m2,SUPPORT,SUPPORT,Generalization & Application
memos_medium:2994,m5,SUPPORT,SUPPORT,Generalization & Application
memos_medium:2994,m6,SUPPORT,INSUFFICIENT,Generalization & Application
memos_medium:2995,m6,SUPPORT,SUPPORT,Generalization & Application
memos_medium:2996,m2,SUPPORT,SUPPORT,Basic Fact Recall
memos_medium:2999,m1,SUPPORT,SUPPORT,Basic Fact Recall
memos_medium:2999,m7,SUPPORT,SUPPORT,Basic Fact Recall
memos_medium:3000,m1,SUPERSEDED,INSUFFICIENT,Dynamic Update
memos_medium:3000,m2,SUPERSEDED,INSUFFICIENT,Dynamic Update
memos_medium:3000,m3,SUPERSEDED,INSUFFICIENT,Dynamic Update
memos_medium:3000,m4,SUPERSEDED,INSUFFICIENT,Dynamic Update
memos_medium:3000,m5,SUPERSEDED,INSUFFICIENT,Dynamic Update
memos_medium:3000,m6,SUPPORT,SUPPORT,Dynamic Update
memos_medium:3000,m7,SUPERSEDED,INSUFFICIENT,Dynamic Update
memos_medium:3000,m8,SUPERSEDED,INSUFFICIENT,Dynamic Update
memos_medium:3000,m9,SUPERSEDED,INSUFFICIENT,Dynamic Update
memos_medium:3000,m10,SUPERSEDED,INSUFFICIENT,Dynamic Update
memos_medium:3001,m1,SUPPORT,SUPPORT,Dynamic Update
memos_medium:3001,m2,SUPPORT,INSUFFICIENT,Dynamic Update
memos_medium:3001,m3,SUPPORT,INSUFFICIENT,Dynamic Update
memos_medium:3001,m4,SUPPORT,SUPPORT,Dynamic Update
memos_medium:3001,m5,SUPERSEDED,INSUFFICIENT,Dynamic Update
memos_medium:3001,m6,SUPERSEDED,INSUFFICIENT,Dynamic Update
memos_medium:3001,m7,SUPERSEDED,INSUFFICIENT,Dynamic Update
memos_medium:3001,m8,SUPERSEDED,INSUFFICIENT,Dynamic Update
memos_medium:3001,m9,SUPERSEDED,INSUFFICIENT,Dynamic Update
memos_medium:3001,m10,SUPPORT,SUPPORT,Dynamic Update
memos_medium:3004,m2,SUPPORT,REFUTE,Memory Conflict
memos_medium:3004,m3,SUPPORT,REFUTE,Memory Conflict
memos_medium:3005,m1,SUPPORT,SUPPORT,Basic Fact Recall
memos_medium:3005,m2,SUPPORT,SUPPORT,Basic Fact Recall
memos_medium:3005,m10,SUPPORT,SUPPORT,Basic Fact Recall
memos_medium:3008,m2,SUPPORT,INSUFFICIENT,Generalization & Application
memos_medium:3008,m5,SUPPORT,SUPPORT,Generalization & Application
memos_medium:3009,m1,SUPPORT,SUPPORT,Basic Fact Recall
memos_medium:3009,m10,SUPPORT,SUPPORT,Basic Fact Recall
memos_medium:3011,m4,SUPPORT,SUPPORT,Basic Fact Recall
memos_medium:3011,m7,SUPPORT,SUPPORT,Basic Fact Recall
memos_medium:3011,m9,SUPPORT,SUPPORT,Basic Fact Recall
memos_medium:3014,m12,SUPPORT,SUPPORT,Generalization & Application
memos_medium:3020,m3,SUPPORT,SUPPORT,Basic Fact Recall
memos_medium:3021,m1,SUPPORT,SUPPORT,Generalization & Application
memos_medium:3023,m1,SUPPORT,REFUTE,Memory Conflict
memos_medium:3024,m1,SUPPORT,INSUFFICIENT,Basic Fact Recall
memos_medium:3025,m1,SUPPORT,SUPPORT,Basic Fact Recall
memos_medium:3027,m1,SUPPORT,SUPPORT,Generalization & Application
memos_medium:3027,m2,SUPPORT,SUPPORT,Generalization & Application
memos_medium:3027,m3,SUPPORT,SUPPORT,Generalization & Application
memos_medium:3027,m6,SUPPORT,SUPPORT,Generalization & Application
memos_medium:3028,m1,SUPPORT,REFUTE,Memory Conflict
memos_medium:3028,m2,SUPPORT,REFUTE,Memory Conflict
memos_medium:3028,m3,SUPPORT,REFUTE,Memory Conflict
memos_medium:3028,m8,SUPPORT,REFUTE,Memory Conflict
memos_medium:3028,m9,SUPPORT,REFUTE,Memory Conflict
memos_medium:3032,m5,SUPPORT,SUPPORT,Basic Fact Recall
memos_medium:3036,m6,SUPPORT,INSUFFICIENT,Multi-hop Inference
memos_medium:3037,m8,SUPPORT,INSUFFICIENT,Multi-hop Inference
memos_medium:3037,m9,SUPPORT,INSUFFICIENT,Multi-hop Inference
memos_medium:3037,m10,SUPPORT,INSUFFICIENT,Multi-hop Inference
memos_medium:3037,m11,SUPPORT,INSUFFICIENT,Multi-hop Inference
memos_medium:3037,m12,SUPPORT,INSUFFICIENT,Multi-hop Inference
memos_medium:3039,m1,SUPPORT,SUPPORT,Generalization & Application
memos_medium:3039,m2,SUPPORT,SUPPORT,Generalization & Application
memos_medium:3039,m3,SUPPORT,SUPPORT,Generalization & Application
memos_medium:3039,m4,SUPPORT,SUPPORT,Generalization & Application
memos_medium:3040,m2,SUPPORT,SUPPORT,Basic Fact Recall
memos_medium:3040,m3,SUPPORT,SUPPORT,Basic Fact Recall
memos_medium:3041,m1,SUPPORT,SUPPORT,Basic Fact Recall
memos_medium:3042,m1,SUPPORT,SUPPORT,Generalization & Application
memos_medium:3043,m5,SUPPORT,SUPPORT,Memory Conflict
memos_medium:3043,m9,SUPPORT,SUPPORT,Memory Conflict
memos_medium:3043,m10,SUPPORT,REFUTE,Memory Conflict
memos_medium:3047,m1,SUPPORT,INSUFFICIENT,Memory Conflict
memos_medium:3047,m2,SUPPORT,INSUFFICIENT,Memory Conflict
memos_medium:3047,m9,SUPPORT,INSUFFICIENT,Memory Conflict
memos_medium:3047,m10,SUPPORT,INSUFFICIENT,Memory Conflict
memos_medium:3048,m1,SUPPORT,CURRENT,Basic Fact Recall
memos_medium:3048,m4,SUPPORT,SUPPORT,Basic Fact Recall
memos_medium:3049,m4,SUPPORT,CURRENT,Generalization & Application
memos_medium:3049,m5,SUPPORT,CURRENT,Generalization & Application
memos_medium:3051,m6,SUPPORT,SUPPORT,Memory Conflict
memos_medium:3051,m7,SUPPORT,SUPPORT,Memory Conflict
memos_medium:3060,m2,SUPPORT,INSUFFICIENT,Memory Conflict
memos_medium:3060,m5,SUPPORT,REFUTE,Memory Conflict
memos_medium:3061,m1,SUPPORT,REFUTE,Memory Conflict
memos_medium:3061,m5,SUPPORT,REFUTE,Memory Conflict
memos_medium:3063,m7,SUPPORT,SUPPORT,Generalization & Application
memos_medium:3063,m11,SUPPORT,SUPPORT,Generalization & Application
memos_medium:3064,m7,SUPPORT,REFUTE,Memory Conflict
memos_medium:3064,m9,SUPPORT,INSUFFICIENT,Memory Conflict
memos_medium:3064,m11,SUPPORT,REFUTE,Memory Conflict
memos_medium:3067,m1,SUPPORT,REFUTE,Memory Conflict
memos_medium:3067,m3,SUPPORT,REFUTE,Memory Conflict
memos_medium:3067,m4,SUPPORT,REFUTE,Memory Conflict
memos_medium:3068,m1,SUPPORT,REFUTE,Memory Conflict
memos_medium:3068,m7,SUPPORT,REFUTE,Memory Conflict
memos_medium:3071,m2,SUPPORT,INSUFFICIENT,Basic Fact Recall
memos_medium:3071,m3,SUPPORT,INSUFFICIENT,Basic Fact Recall
memos_medium:3072,m1,SUPPORT,SUPPORT,Generalization & Application
memos_medium:3072,m2,SUPPORT,SUPPORT,Generalization & Application
memos_medium:3072,m3,SUPPORT,SUPPORT,Generalization & Application
memos_medium:3072,m5,SUPPORT,SUPPORT,Generalization & Application
memos_medium:3072,m6,SUPPORT,SUPPORT,Generalization & Application
memos_medium:3072,m7,SUPPORT,SUPPORT,Generalization & Application
memos_medium:3072,m12,SUPPORT,SUPPORT,Generalization & Application
memos_medium:3074,m1,SUPPORT,SUPPORT,Multi-hop Inference
memos_medium:3074,m2,SUPPORT,SUPPORT,Multi-hop Inference
memos_medium:3074,m5,SUPPORT,INSUFFICIENT,Multi-hop Inference
memos_medium:3074,m10,SUPPORT,SUPPORT,Multi-hop Inference
memos_medium:3075,m2,SUPPORT,SUPPORT,Multi-hop Inference
memos_medium:3075,m3,SUPPORT,SUPPORT,Multi-hop Inference
memos_medium:3075,m5,SUPPORT,SUPPORT,Multi-hop Inference
memos_medium:3075,m6,SUPPORT,SUPPORT,Multi-hop Inference
memos_medium:3075,m9,SUPPORT,SUPPORT,Multi-hop Inference
memos_medium:3076,m1,SUPPORT,SUPPORT,Multi-hop Inference
memos_medium:3076,m7,SUPPORT,SUPPORT,Multi-hop Inference
memos_medium:3077,m2,SUPPORT,SUPPORT,Generalization & Application
memos_medium:3077,m3,SUPPORT,SUPPORT,Generalization & Application
memos_medium:3077,m7,SUPPORT,SUPPORT,Generalization & Application
memos_medium:3077,m8,SUPPORT,SUPPORT,Generalization & Application
memos_medium:3078,m1,SUPPORT,SUPPORT,Generalization & Application
memos_medium:3079,m1,SUPPORT,SUPPORT,Generalization & Application
memos_medium:3079,m12,SUPPORT,SUPPORT,Generalization & Application
memos_medium:3080,m2,SUPPORT,SUPPORT,Generalization & Application
memos_medium:3081,m1,SUPPORT,SUPPORT,Basic Fact Recall
memos_medium:3081,m2,SUPPORT,SUPPORT,Basic Fact Recall
memos_medium:3081,m7,SUPPORT,SUPPORT,Basic Fact Recall
memos_medium:3082,m5,SUPPORT,SUPPORT,Basic Fact Recall
memos_medium:3082,m8,SUPPORT,SUPPORT,Basic Fact Recall
memos_medium:3086,m1,SUPPORT,INSUFFICIENT,Memory Conflict
memos_medium:3088,m4,SUPPORT,SUPPORT,Multi-hop Inference
memos_medium:3088,m5,SUPPORT,SUPPORT,Multi-hop Inference
memos_medium:3088,m8,SUPPORT,SUPPORT,Multi-hop Inference
memos_medium:3088,m9,SUPPORT,SUPPORT,Multi-hop Inference
memos_medium:3089,m8,SUPPORT,INSUFFICIENT,Multi-hop Inference
memos_medium:3090,m8,SUPPORT,INSUFFICIENT,Multi-hop Inference
memos_medium:3091,m1,SUPPORT,SUPPORT,Multi-hop Inference
memos_medium:3092,m10,SUPPORT,INSUFFICIENT,Multi-hop Inference
memos_medium:3093,m10,SUPPORT,SUPPORT,Generalization & Application
memos_medium:3094,m3,SUPPORT,SUPPORT,Generalization & Application
memos_medium:3094,m7,SUPPORT,SUPPORT,Generalization & Application
memos_medium:3094,m8,SUPPORT,SUPPORT,Generalization & Application
memos_medium:3094,m10,SUPPORT,SUPPORT,Generalization & Application
memos_medium:3096,m1,SUPPORT,SUPPORT,Basic Fact Recall
memos_medium:3101,m8,SUPPORT,REFUTE,Memory Conflict
memos_medium:3101,m9,SUPPORT,REFUTE,Memory Conflict
memos_medium:3105,m5,SUPPORT,REFUTE,Memory Conflict
memos_medium:3106,m1,SUPPORT,REFUTE,Memory Conflict
memos_medium:3106,m7,SUPPORT,REFUTE,Memory Conflict
memos_medium:3106,m12,SUPPORT,REFUTE,Memory Conflict
memos_medium:3111,m1,SUPERSEDED,INSUFFICIENT,Dynamic Update
memos_medium:3111,m2,SUPERSEDED,INSUFFICIENT,Dynamic Update
memos_medium:3111,m3,SUPERSEDED,INSUFFICIENT,Dynamic Update
memos_medium:3111,m4,SUPERSEDED,INSUFFICIENT,Dynamic Update
memos_medium:3111,m5,SUPERSEDED,INSUFFICIENT,Dynamic Update
memos_medium:3111,m6,SUPERSEDED,SUPPORT,Dynamic Update
memos_medium:3111,m7,SUPERSEDED,INSUFFICIENT,Dynamic Update
memos_medium:3111,m8,SUPERSEDED,INSUFFICIENT,Dynamic Update
memos_medium:3111,m9,SUPERSEDED,INSUFFICIENT,Dynamic Update
memos_medium:3111,m10,SUPERSEDED,INSUFFICIENT,Dynamic Update
memos_medium:3111,m11,SUPERSEDED,INSUFFICIENT,Dynamic Update
memos_medium:3111,m12,SUPERSEDED,INSUFFICIENT,Dynamic Update
memos_medium:3112,m6,SUPPORT,INSUFFICIENT,Generalization & Application
memos_medium:3113,m1,SUPPORT,SUPPORT,Generalization & Application
memos_medium:3113,m4,SUPPORT,SUPPORT,Generalization & Application
memos_medium:3114,m1,SUPPORT,REFUTE,Memory Conflict
memos_medium:3115,m1,SUPPORT,REFUTE,Memory Conflict
memos_medium:3115,m2,SUPPORT,REFUTE,Memory Conflict
memos_medium:3115,m10,SUPPORT,REFUTE,Memory Conflict
memos_medium:3116,m1,SUPPORT,SUPPORT,Generalization & Application
memos_medium:3116,m2,SUPPORT,SUPPORT,Generalization & Application
memos_medium:3116,m3,SUPPORT,SUPPORT,Generalization & Application
memos_medium:3116,m7,SUPPORT,SUPPORT,Generalization & Application
memos_medium:3118,m1,SUPPORT,SUPPORT,Generalization & Application
memos_medium:3118,m6,SUPPORT,SUPPORT,Generalization & Application
memos_medium:3119,m1,SUPPORT,REFUTE,Memory Conflict
memos_medium:3119,m2,SUPPORT,REFUTE,Memory Conflict
memos_medium:3119,m8,SUPPORT,REFUTE,Memory Conflict
memos_medium:3120,m1,SUPPORT,SUPPORT,Basic Fact Recall
memos_medium:3120,m2,SUPPORT,SUPPORT,Basic Fact Recall
memos_medium:3120,m3,SUPPORT,MISBIND,Basic Fact Recall
memos_medium:3122,m3,SUPPORT,SUPPORT,Basic Fact Recall
memos_medium:3123,m4,SUPPORT,SUPPORT,Basic Fact Recall
memos_medium:3128,m1,SUPERSEDED,INSUFFICIENT,Dynamic Update
memos_medium:3128,m2,SUPERSEDED,INSUFFICIENT,Dynamic Update
memos_medium:3128,m3,SUPERSEDED,INSUFFICIENT,Dynamic Update
memos_medium:3128,m4,SUPERSEDED,INSUFFICIENT,Dynamic Update
memos_medium:3128,m5,SUPERSEDED,INSUFFICIENT,Dynamic Update
memos_medium:3128,m6,SUPERSEDED,INSUFFICIENT,Dynamic Update
memos_medium:3128,m7,SUPERSEDED,INSUFFICIENT,Dynamic Update
memos_medium:3128,m8,SUPERSEDED,INSUFFICIENT,Dynamic Update
memos_medium:3128,m9,SUPERSEDED,INSUFFICIENT,Dynamic Update
memos_medium:3128,m10,SUPERSEDED,INSUFFICIENT,Dynamic Update
memos_medium:3128,m11,SUPERSEDED,INSUFFICIENT,Dynamic Update
memos_medium:3128,m12,SUPERSEDED,INSUFFICIENT,Dynamic Update
memos_medium:3129,m1,SUPPORT,INSUFFICIENT,Memory Conflict
memos_medium:3129,m2,SUPPORT,SUPPORT,Memory Conflict
memos_medium:3129,m8,SUPPORT,SUPPORT,Memory Conflict
memos_medium:3130,m1,SUPPORT,REFUTE,Memory Conflict
memos_medium:3130,m2,SUPPORT,REFUTE,Memory Conflict
memos_medium:3130,m7,SUPPORT,REFUTE,Memory Conflict
memos_medium:3130,m12,SUPPORT,REFUTE,Memory Conflict
memos_medium:3136,m1,SUPPORT,REFUTE,Memory Conflict
memos_medium:3148,m1,SUPPORT,SUPPORT,Multi-hop Inference
memos_medium:3148,m3,SUPPORT,SUPPORT,Multi-hop Inference
memos_medium:3148,m4,SUPPORT,SUPPORT,Multi-hop Inference
memos_medium:3148,m11,SUPPORT,SUPPORT,Multi-hop Inference
memos_medium:3152,m1,SUPPORT,SUPPORT,Basic Fact Recall
memos_medium:3152,m3,SUPPORT,SUPPORT,Basic Fact Recall
memos_medium:3152,m5,SUPPORT,SUPPORT,Basic Fact Recall
memos_medium:3153,m3,SUPPORT,SUPPORT,Generalization & Application
memos_medium:3153,m4,SUPPORT,SUPPORT,Generalization & Application
memos_medium:3153,m5,SUPPORT,SUPPORT,Generalization & Application
memos_medium:3153,m6,SUPPORT,SUPPORT,Generalization & Application
memos_medium:3154,m1,SUPPORT,REFUTE,Memory Conflict
memos_medium:3154,m3,SUPPORT,REFUTE,Memory Conflict
memos_medium:3154,m5,SUPPORT,REFUTE,Memory Conflict
memos_medium:3154,m8,SUPPORT,REFUTE,Memory Conflict
memos_medium:3155,m1,SUPPORT,SUPPORT,Basic Fact Recall
memos_medium:3156,m6,SUPPORT,SUPPORT,Basic Fact Recall
memos_medium:3157,m10,SUPPORT,SUPPORT,Generalization & Application
memos_medium:3162,m1,SUPPORT,SUPPORT,Generalization & Application
memos_medium:3162,m3,SUPPORT,SUPPORT,Generalization & Application
memos_medium:3163,m1,SUPPORT,REFUTE,Memory Conflict
memos_medium:3170,m1,SUPPORT,SUPPORT,Generalization & Application
memos_medium:3170,m3,SUPPORT,SUPPORT,Generalization & Application
memos_medium:3170,m7,SUPPORT,SUPPORT,Generalization & Application
memos_medium:3170,m8,SUPPORT,SUPPORT,Generalization & Application
memos_medium:3170,m9,SUPPORT,SUPPORT,Generalization & Application
memos_medium:3170,m10,SUPPORT,SUPPORT,Generalization & Application
memos_medium:3170,m12,SUPPORT,SUPPORT,Generalization & Application
memos_medium:3171,m1,SUPPORT,SUPPORT,Generalization & Application
memos_medium:3172,m1,SUPPORT,SUPPORT,Generalization & Application
memos_medium:3172,m5,SUPPORT,SUPPORT,Generalization & Application
memos_medium:3173,m2,SUPPORT,SUPPORT,Generalization & Application
memos_medium:3174,m3,SUPPORT,SUPPORT,Basic Fact Recall
memos_medium:3174,m5,SUPPORT,INSUFFICIENT,Basic Fact Recall
memos_medium:3175,m1,SUPPORT,INSUFFICIENT,Memory Conflict
memos_medium:3175,m3,SUPPORT,REFUTE,Memory Conflict
memos_medium:3175,m4,SUPPORT,REFUTE,Memory Conflict
memos_medium:3176,m3,SUPPORT,INSUFFICIENT,Memory Conflict
memos_medium:3176,m4,SUPPORT,INSUFFICIENT,Memory Conflict
memos_medium:3176,m11,SUPPORT,INSUFFICIENT,Memory Conflict
memos_medium:3181,m2,SUPPORT,SUPPORT,Basic Fact Recall
memos_medium:3182,m5,SUPPORT,REFUTE,Memory Conflict
memos_medium:3189,m2,SUPPORT,SUPPORT,Basic Fact Recall
memos_medium:3191,m1,SUPPORT,SUPPORT,Basic Fact Recall
memos_medium:3191,m10,SUPPORT,SUPPORT,Basic Fact Recall
memos_medium:3194,m1,SUPPORT,SUPPORT,Multi-hop Inference
memos_medium:3194,m2,SUPPORT,SUPPORT,Multi-hop Inference
memos_medium:3196,m6,SUPPORT,SUPPORT,Basic Fact Recall
memos_medium:3197,m6,SUPPORT,SUPPORT,Generalization & Application
memos_medium:3198,m1,SUPPORT,SUPPORT,Generalization & Application
memos_medium:3198,m2,SUPPORT,SUPPORT,Generalization & Application
memos_medium:3200,m1,SUPPORT,REFUTE,Memory Conflict
memos_medium:3201,m4,SUPPORT,SUPPORT,Basic Fact Recall
memos_medium:3203,m2,SUPPORT,REFUTE,Memory Conflict
memos_medium:3203,m3,SUPPORT,REFUTE,Memory Conflict
memos_medium:3204,m1,SUPPORT,SUPPORT,Basic Fact Recall
memos_medium:3208,m2,SUPPORT,INSUFFICIENT,Multi-hop Inference
memos_medium:3208,m3,SUPPORT,SUPPORT,Multi-hop Inference
memos_medium:3214,m1,SUPPORT,INSUFFICIENT,Generalization & Application
memos_medium:3214,m5,SUPPORT,INSUFFICIENT,Generalization & Application
memos_medium:3216,m5,SUPPORT,SUPPORT,Basic Fact Recall
memos_medium:3218,m5,SUPPORT,SUPPORT,Generalization & Application
memos_medium:3219,m1,SUPPORT,REFUTE,Memory Conflict
memos_medium:3219,m2,SUPPORT,REFUTE,Memory Conflict
memos_medium:3219,m7,SUPPORT,REFUTE,Memory Conflict
memos_medium:3219,m8,SUPPORT,REFUTE,Memory Conflict
memos_medium:3219,m12,SUPPORT,REFUTE,Memory Conflict
memos_medium:3220,m9,SUPPORT,SUPPORT,Generalization & Application
memos_medium:3222,m1,SUPPORT,SUPPORT,Basic Fact Recall
memos_medium:3223,m2,SUPPORT,SUPPORT,Basic Fact Recall
memos_medium:3223,m10,SUPPORT,SUPPORT,Basic Fact Recall
memos_medium:3225,m2,SUPPORT,INSUFFICIENT,Memory Conflict
memos_medium:3225,m4,SUPPORT,REFUTE,Memory Conflict
memos_medium:3235,m1,SUPPORT,SUPPORT,Generalization & Application
memos_medium:3235,m4,SUPPORT,SUPPORT,Generalization & Application
memos_medium:3236,m1,SUPPORT,SUPPORT,Basic Fact Recall
memos_medium:3236,m9,SUPPORT,SUPPORT,Basic Fact Recall
memos_medium:3238,m3,SUPPORT,INSUFFICIENT,Memory Conflict
memos_medium:3238,m10,SUPPORT,INSUFFICIENT,Memory Conflict
memos_medium:3242,m5,SUPPORT,SUPPORT,Generalization & Application
memos_medium:3243,m3,SUPPORT,SUPPORT,Basic Fact Recall
memos_medium:3244,m2,SUPPORT,SUPPORT,Basic Fact Recall
memos_medium:3244,m4,SUPPORT,SUPPORT,Basic Fact Recall
memos_medium:3246,m1,SUPPORT,REFUTE,Memory Conflict
memos_medium:3246,m2,SUPPORT,REFUTE,Memory Conflict
memos_medium:3246,m8,SUPPORT,REFUTE,Memory Conflict
memos_medium:3249,m3,SUPPORT,SUPPORT,Basic Fact Recall
memos_medium:3249,m10,SUPPORT,SUPPORT,Basic Fact Recall
memos_medium:3249,m12,SUPPORT,SUPPORT,Basic Fact Recall
memos_medium:3250,m1,SUPPORT,SUPPORT,Basic Fact Recall
memos_medium:3250,m9,SUPPORT,SUPPORT,Basic Fact Recall
memos_medium:3250,m11,SUPPORT,SUPPORT,Basic Fact Recall
memos_medium:3251,m2,SUPPORT,REFUTE,Memory Conflict
memos_medium:3252,m2,SUPPORT,INSUFFICIENT,Memory Conflict
memos_medium:3252,m5,SUPPORT,INSUFFICIENT,Memory Conflict
memos_medium:3252,m7,SUPPORT,INSUFFICIENT,Memory Conflict
memos_medium:3252,m8,SUPPORT,INSUFFICIENT,Memory Conflict
memos_medium:3252,m11,SUPPORT,INSUFFICIENT,Memory Conflict
memos_medium:3254,m1,SUPPORT,REFUTE,Memory Conflict
memos_medium:3255,m1,SUPPORT,INSUFFICIENT,Generalization & Application
memos_medium:3256,m1,SUPPORT,INSUFFICIENT,Basic Fact Recall
memos_medium:3256,m3,SUPPORT,INSUFFICIENT,Basic Fact Recall
memos_medium:3258,m1,SUPPORT,SUPPORT,Basic Fact Recall
memos_medium:3260,m1,SUPPORT,SUPPORT,Basic Fact Recall
memos_medium:3262,m1,SUPPORT,REFUTE,Memory Conflict
memos_medium:3262,m2,SUPPORT,REFUTE,Memory Conflict
memos_medium:3262,m3,SUPPORT,REFUTE,Memory Conflict
memos_medium:3262,m5,SUPPORT,REFUTE,Memory Conflict
memos_medium:3262,m10,SUPPORT,REFUTE,Memory Conflict
memos_medium:3262,m12,SUPPORT,REFUTE,Memory Conflict
memos_medium:3265,m1,SUPPORT,REFUTE,Memory Conflict
memos_medium:3265,m7,SUPPORT,REFUTE,Memory Conflict
memos_medium:3270,m1,SUPPORT,SUPERSEDED,Multi-hop Inference
memos_medium:3270,m2,SUPPORT,SUPPORT,Multi-hop Inference
memos_medium:3270,m9,SUPPORT,SUPPORT,Multi-hop Inference
memos_medium:3271,m1,SUPPORT,SUPPORT,Multi-hop Inference
memos_medium:3277,m4,SUPPORT,INSUFFICIENT,Memory Conflict
memos_medium:3277,m5,SUPPORT,INSUFFICIENT,Memory Conflict
memos_medium:3277,m7,SUPPORT,INSUFFICIENT,Memory Conflict
memos_medium:3277,m9,SUPPORT,INSUFFICIENT,Memory Conflict
memos_medium:3277,m11,SUPPORT,INSUFFICIENT,Memory Conflict
memos_medium:3277,m12,SUPPORT,INSUFFICIENT,Memory Conflict
memos_medium:3279,m3,SUPPORT,SUPPORT,Basic Fact Recall
memos_medium:3280,m2,SUPPORT,SUPPORT,Generalization & Application
memos_medium:3280,m11,SUPPORT,SUPPORT,Generalization & Application
memos_medium:3284,m3,SUPPORT,REFUTE,Memory Conflict
memos_medium:3284,m7,SUPPORT,REFUTE,Memory Conflict
memos_medium:3287,m2,SUPPORT,SUPPORT,Multi-hop Inference
memos_medium:3288,m5,SUPPORT,SUPPORT,Multi-hop Inference
memos_medium:3289,m2,SUPPORT,SUPPORT,Multi-hop Inference
memos_medium:3289,m7,SUPPORT,SUPPORT,Multi-hop Inference
memos_medium:3289,m8,SUPPORT,SUPPORT,Multi-hop Inference
memos_medium:3289,m11,SUPPORT,SUPPORT,Multi-hop Inference
memos_medium:3289,m12,SUPPORT,SUPPORT,Multi-hop Inference
memos_medium:3290,m2,SUPPORT,SUPPORT,Multi-hop Inference
memos_medium:3290,m9,SUPPORT,SUPPORT,Multi-hop Inference
memos_medium:3290,m12,SUPPORT,SUPPORT,Multi-hop Inference
memos_medium:3294,m1,SUPPORT,REFUTE,Memory Conflict
memos_medium:3294,m2,SUPPORT,REFUTE,Memory Conflict
memos_medium:3294,m3,SUPPORT,REFUTE,Memory Conflict
memos_medium:3294,m7,SUPPORT,REFUTE,Memory Conflict
memos_medium:3294,m9,SUPPORT,REFUTE,Memory Conflict
memos_medium:3296,m9,SUPPORT,INSUFFICIENT,Memory Conflict
memos_medium:3296,m12,SUPPORT,INSUFFICIENT,Memory Conflict
memos_medium:3297,m2,SUPPORT,SUPPORT,Basic Fact Recall
memos_medium:3301,m9,SUPPORT,INSUFFICIENT,Memory Conflict
memos_medium:3301,m10,SUPPORT,INSUFFICIENT,Memory Conflict
memos_medium:3306,m1,SUPPORT,SUPPORT,Basic Fact Recall
memos_medium:3307,m1,SUPPORT,SUPPORT,Generalization & Application
memos_medium:3307,m2,SUPPORT,SUPPORT,Generalization & Application
memos_medium:3307,m3,SUPPORT,SUPPORT,Generalization & Application
memos_medium:3307,m5,SUPPORT,SUPPORT,Generalization & Application
memos_medium:3307,m8,SUPPORT,SUPPORT,Generalization & Application
memos_medium:3307,m9,SUPPORT,SUPPORT,Generalization & Application
memos_medium:3310,m1,SUPERSEDED,INSUFFICIENT,Dynamic Update
memos_medium:3310,m2,SUPERSEDED,INSUFFICIENT,Dynamic Update
memos_medium:3310,m3,SUPPORT,SUPPORT,Dynamic Update
memos_medium:3310,m4,SUPERSEDED,INSUFFICIENT,Dynamic Update
memos_medium:3310,m5,SUPERSEDED,INSUFFICIENT,Dynamic Update
memos_medium:3310,m6,SUPERSEDED,INSUFFICIENT,Dynamic Update
memos_medium:3310,m7,SUPERSEDED,INSUFFICIENT,Dynamic Update
memos_medium:3310,m8,SUPERSEDED,INSUFFICIENT,Dynamic Update
memos_medium:3310,m9,SUPERSEDED,INSUFFICIENT,Dynamic Update
memos_medium:3310,m10,SUPERSEDED,INSUFFICIENT,Dynamic Update
memos_medium:3310,m11,SUPERSEDED,INSUFFICIENT,Dynamic Update
memos_medium:3311,m1,SUPERSEDED,INSUFFICIENT,Dynamic Update
memos_medium:3311,m2,SUPERSEDED,INSUFFICIENT,Dynamic Update
memos_medium:3311,m3,SUPERSEDED,SUPPORT,Dynamic Update
memos_medium:3311,m4,SUPERSEDED,INSUFFICIENT,Dynamic Update
memos_medium:3311,m5,SUPERSEDED,INSUFFICIENT,Dynamic Update
memos_medium:3311,m6,SUPERSEDED,INSUFFICIENT,Dynamic Update
memos_medium:3311,m7,SUPERSEDED,INSUFFICIENT,Dynamic Update
memos_medium:3311,m8,SUPERSEDED,INSUFFICIENT,Dynamic Update
memos_medium:3311,m9,SUPERSEDED,INSUFFICIENT,Dynamic Update
memos_medium:3311,m10,SUPERSEDED,INSUFFICIENT,Dynamic Update
memos_medium:3311,m11,SUPERSEDED,INSUFFICIENT,Dynamic Update
memos_medium:3311,m12,SUPERSEDED,INSUFFICIENT,Dynamic Update
memos_medium:3314,m2,SUPPORT,SUPPORT,Generalization & Application
memos_medium:3314,m6,SUPPORT,SUPPORT,Generalization & Application
memos_medium:3315,m1,SUPPORT,SUPPORT,Generalization & Application
memos_medium:3315,m4,SUPPORT,SUPPORT,Generalization & Application
memos_medium:3316,m1,SUPPORT,SUPPORT,Generalization & Application
memos_medium:3316,m2,SUPPORT,SUPPORT,Generalization & Application
memos_medium:3318,m2,SUPPORT,SUPPORT,Basic Fact Recall
memos_medium:3321,m1,SUPPORT,SUPPORT,Basic Fact Recall
memos_medium:3323,m6,SUPPORT,REFUTE,Memory Conflict
memos_medium:3323,m10,SUPPORT,REFUTE,Memory Conflict
memos_medium:3325,m1,SUPPORT,SUPPORT,Basic Fact Recall
memos_medium:3325,m3,SUPPORT,SUPPORT,Basic Fact Recall
memos_medium:3325,m8,SUPPORT,SUPPORT,Basic Fact Recall
memos_medium:3327,m1,SUPPORT,SUPPORT,Generalization & Application
memos_medium:3327,m2,SUPPORT,SUPPORT,Generalization & Application
memos_medium:3327,m4,SUPPORT,SUPPORT,Generalization & Application
memos_medium:3327,m7,SUPPORT,SUPPORT,Generalization & Application
memos_medium:3328,m1,SUPPORT,SUPPORT,Generalization & Application
memos_medium:3328,m3,SUPPORT,SUPPORT,Generalization & Application
memos_medium:3331,m1,SUPPORT,SUPPORT,Generalization & Application
memos_medium:3331,m4,SUPPORT,SUPPORT,Generalization & Application
memos_medium:3331,m5,SUPPORT,SUPPORT,Generalization & Application
memos_medium:3331,m8,SUPPORT,SUPPORT,Generalization & Application
memos_medium:3332,m1,SUPPORT,SUPPORT,Generalization & Application
memos_medium:3332,m2,SUPPORT,SUPPORT,Generalization & Application
memos_medium:3332,m3,SUPPORT,SUPPORT,Generalization & Application
memos_medium:3333,m1,SUPPORT,SUPPORT,Multi-hop Inference
memos_medium:3333,m4,SUPPORT,SUPPORT,Multi-hop Inference
memos_medium:3340,m1,SUPPORT,REFUTE,Memory Conflict
memos_medium:3344,m2,SUPPORT,INSUFFICIENT,Memory Conflict
memos_medium:3344,m7,SUPPORT,INSUFFICIENT,Memory Conflict
memos_medium:3344,m11,SUPPORT,INSUFFICIENT,Memory Conflict
memos_medium:3345,m1,SUPPORT,SUPPORT,Generalization & Application
memos_medium:3345,m3,SUPPORT,SUPPORT,Generalization & Application
memos_medium:3345,m4,SUPPORT,SUPPORT,Generalization & Application
memos_medium:3345,m7,SUPPORT,SUPPORT,Generalization & Application
memos_medium:3345,m8,SUPPORT,SUPPORT,Generalization & Application
memos_medium:3345,m9,SUPPORT,SUPPORT,Generalization & Application
memos_medium:3345,m11,SUPPORT,SUPPORT,Generalization & Application
memos_medium:3347,m1,SUPPORT,SUPPORT,Generalization & Application
memos_medium:3347,m4,SUPPORT,INSUFFICIENT,Generalization & Application
memos_medium:3347,m8,SUPPORT,SUPPORT,Generalization & Application
memos_medium:3347,m9,SUPPORT,SUPPORT,Generalization & Application
memos_medium:3347,m10,SUPPORT,SUPPORT,Generalization & Application
memos_medium:3347,m12,SUPPORT,SUPPORT,Generalization & Application
memos_medium:3349,m9,SUPPORT,INSUFFICIENT,Basic Fact Recall
memos_medium:3350,m9,SUPPORT,SUPPORT,Generalization & Application
memos_medium:3356,m3,SUPPORT,SUPPORT,Generalization & Application
memos_medium:3357,m1,SUPPORT,REFUTE,Memory Conflict
memos_medium:3357,m9,SUPPORT,REFUTE,Memory Conflict
memos_medium:3359,m1,SUPPORT,SUPPORT,Generalization & Application
memos_medium:3359,m3,SUPPORT,SUPPORT,Generalization & Application
memos_medium:3360,m1,SUPPORT,REFUTE,Memory Conflict
memos_medium:3363,m1,SUPPORT,SUPPORT,Basic Fact Recall
memos_medium:3363,m4,SUPPORT,SUPPORT,Basic Fact Recall
memos_medium:3363,m5,SUPPORT,SUPPORT,Basic Fact Recall
memos_medium:3364,m1,SUPPORT,SUPPORT,Generalization & Application
memos_medium:3364,m3,SUPPORT,SUPPORT,Generalization & Application
memos_medium:3364,m6,SUPPORT,SUPPORT,Generalization & Application
memos_medium:3364,m9,SUPPORT,SUPPORT,Generalization & Application
memos_medium:3365,m1,SUPPORT,SUPPORT,Generalization & Application
memos_medium:3365,m2,SUPPORT,INSUFFICIENT,Generalization & Application
memos_medium:3365,m4,SUPPORT,SUPPORT,Generalization & Application
memos_medium:3365,m7,SUPPORT,SUPPORT,Generalization & Application
memos_medium:3365,m12,SUPPORT,SUPPORT,Generalization & Application
memos_medium:3367,m1,SUPPORT,SUPPORT,Basic Fact Recall
memos_medium:3371,m1,SUPPORT,REFUTE,Memory Conflict
memos_medium:3371,m3,SUPPORT,REFUTE,Memory Conflict
memos_medium:3371,m4,SUPPORT,REFUTE,Memory Conflict
memos_medium:3371,m5,SUPPORT,REFUTE,Memory Conflict
memos_medium:3372,m1,SUPPORT,SUPPORT,Generalization & Application
memos_medium:3372,m2,SUPPORT,SUPPORT,Generalization & Application
memos_medium:3373,m2,SUPPORT,SUPPORT,Basic Fact Recall
memos_medium:3373,m3,SUPPORT,SUPPORT,Basic Fact Recall
memos_medium:3377,m1,SUPERSEDED,INSUFFICIENT,Dynamic Update
memos_medium:3377,m2,SUPERSEDED,INSUFFICIENT,Dynamic Update
memos_medium:3377,m3,SUPERSEDED,SUPPORT,Dynamic Update
memos_medium:3377,m4,SUPERSEDED,INSUFFICIENT,Dynamic Update
memos_medium:3377,m5,SUPERSEDED,INSUFFICIENT,Dynamic Update
memos_medium:3377,m6,SUPERSEDED,INSUFFICIENT,Dynamic Update
memos_medium:3377,m7,SUPERSEDED,INSUFFICIENT,Dynamic Update
memos_medium:3377,m8,SUPERSEDED,INSUFFICIENT,Dynamic Update
memos_medium:3377,m9,SUPERSEDED,INSUFFICIENT,Dynamic Update
memos_medium:3377,m10,SUPERSEDED,INSUFFICIENT,Dynamic Update
memos_medium:3377,m11,SUPERSEDED,INSUFFICIENT,Dynamic Update
memos_medium:3377,m12,SUPERSEDED,INSUFFICIENT,Dynamic Update
memos_medium:3383,m1,SUPPORT,SUPPORT,Generalization & Application
memos_medium:3383,m2,SUPPORT,SUPPORT,Generalization & Application
memos_medium:3383,m4,SUPPORT,SUPPORT,Generalization & Application
memos_medium:3383,m8,SUPPORT,SUPPORT,Generalization & Application
memos_medium:3384,m1,SUPPORT,SUPPORT,Basic Fact Recall
memos_medium:3385,m1,SUPPORT,SUPPORT,Generalization & Application
memos_medium:3385,m2,SUPPORT,SUPPORT,Generalization & Application
memos_medium:3385,m4,SUPPORT,SUPPORT,Generalization & Application
memos_medium:3385,m8,SUPPORT,SUPPORT,Generalization & Application
memos_medium:3386,m2,SUPPORT,SUPPORT,Generalization & Application
memos_medium:3386,m3,SUPPORT,SUPPORT,Generalization & Application
memos_medium:3386,m11,SUPPORT,SUPPORT,Generalization & Application
memos_medium:3388,m6,SUPPORT,SUPPORT,Basic Fact Recall
memos_medium:3390,m1,SUPPORT,SUPPORT,Basic Fact Recall
memos_medium:3391,m1,SUPPORT,SUPPORT,Generalization & Application
memos_medium:3391,m7,SUPPORT,SUPPORT,Generalization & Application
memos_medium:3391,m8,SUPPORT,SUPPORT,Generalization & Application
memos_medium:3392,m1,SUPPORT,SUPPORT,Generalization & Application
memos_medium:3394,m2,SUPPORT,SUPPORT,Generalization & Application
memos_medium:3394,m4,SUPPORT,SUPPORT,Generalization & Application
memos_medium:3394,m7,SUPPORT,SUPPORT,Generalization & Application
memos_medium:3394,m9,SUPPORT,SUPPORT,Generalization & Application
memos_medium:3396,m1,SUPPORT,SUPPORT,Basic Fact Recall
memos_medium:3396,m2,SUPPORT,SUPPORT,Basic Fact Recall
memos_medium:3396,m4,SUPPORT,SUPPORT,Basic Fact Recall
memos_medium:3397,m1,SUPPORT,REFUTE,Memory Conflict
memos_medium:3397,m2,SUPPORT,REFUTE,Memory Conflict
memos_medium:3398,m1,SUPPORT,SUPPORT,Generalization & Application
memos_medium:3398,m2,SUPPORT,SUPPORT,Generalization & Application
memos_medium:3398,m4,SUPPORT,SUPPORT,Generalization & Application
memos_medium:3399,m1,SUPPORT,INSUFFICIENT,Memory Conflict
memos_medium:3399,m2,SUPPORT,REFUTE,Memory Conflict
memos_medium:3399,m3,SUPPORT,INSUFFICIENT,Memory Conflict
memos_medium:3399,m8,SUPPORT,INSUFFICIENT,Memory Conflict
memos_medium:3399,m12,SUPPORT,REFUTE,Memory Conflict
memos_medium:3401,m1,SUPPORT,INSUFFICIENT,Generalization & Application
memos_medium:3401,m2,SUPPORT,INSUFFICIENT,Generalization & Application
memos_medium:3401,m4,SUPPORT,INSUFFICIENT,Generalization & Application
memos_medium:3401,m6,SUPPORT,INSUFFICIENT,Generalization & Application
memos_medium:3401,m8,SUPPORT,INSUFFICIENT,Generalization & Application
memos_medium:3401,m12,SUPPORT,INSUFFICIENT,Generalization & Application
memos_medium:3402,m1,SUPPORT,INSUFFICIENT,Memory Conflict
memos_medium:3402,m2,SUPPORT,INSUFFICIENT,Memory Conflict
memos_medium:3402,m3,SUPPORT,INSUFFICIENT,Memory Conflict
memos_medium:3403,m1,SUPPORT,SUPPORT,Basic Fact Recall
memos_medium:3405,m1,SUPPORT,INSUFFICIENT,Multi-hop Inference
memos_medium:3405,m3,SUPPORT,INSUFFICIENT,Multi-hop Inference
memos_medium:3407,m1,SUPPORT,CURRENT,Memory Conflict
memos_medium:3407,m2,SUPPORT,SUPPORT,Memory Conflict
memos_medium:3407,m3,SUPPORT,SUPPORT,Memory Conflict
memos_medium:3407,m4,SUPPORT,INSUFFICIENT,Memory Conflict
memos_medium:3407,m6,SUPPORT,SUPPORT,Memory Conflict
memos_medium:3408,m1,SUPPORT,INSUFFICIENT,Memory Conflict
memos_medium:3409,m1,SUPPORT,SUPPORT,Generalization & Application
memos_medium:3409,m6,SUPPORT,SUPPORT,Generalization & Application
memos_medium:3409,m10,SUPPORT,SUPPORT,Generalization & Application
memos_medium:3412,m1,SUPPORT,REFUTE,Memory Conflict
memos_medium:3412,m2,SUPPORT,REFUTE,Memory Conflict
memos_medium:3412,m3,SUPPORT,REFUTE,Memory Conflict
memos_medium:3412,m7,SUPPORT,REFUTE,Memory Conflict
memos_medium:3412,m8,SUPPORT,REFUTE,Memory Conflict
memos_medium:3412,m10,SUPPORT,REFUTE,Memory Conflict
memos_medium:3412,m12,SUPPORT,REFUTE,Memory Conflict
memos_medium:3413,m1,SUPPORT,SUPPORT,Basic Fact Recall
memos_medium:3413,m2,SUPPORT,SUPPORT,Basic Fact Recall
memos_medium:3413,m11,SUPPORT,SUPPORT,Basic Fact Recall
memos_medium:3415,m1,SUPPORT,REFUTE,Memory Conflict
memos_medium:3415,m7,SUPPORT,REFUTE,Memory Conflict
memos_medium:3415,m8,SUPPORT,REFUTE,Memory Conflict
memos_medium:3415,m10,SUPPORT,REFUTE,Memory Conflict
memos_medium:3415,m11,SUPPORT,REFUTE,Memory Conflict
memos_medium:3418,m2,SUPPORT,SUPPORT,Basic Fact Recall
memos_medium:3421,m1,SUPPORT,REFUTE,Memory Conflict
memos_medium:3422,m2,SUPPORT,SUPPORT,Basic Fact Recall
memos_medium:3424,m5,SUPPORT,SUPPORT,Generalization & Application
memos_medium:3434,m4,SUPPORT,INSUFFICIENT,Multi-hop Inference
memos_medium:3434,m9,SUPPORT,INSUFFICIENT,Multi-hop Inference
memos_medium:3436,m8,SUPPORT,INSUFFICIENT,Memory Conflict
memos_medium:3436,m9,SUPPORT,REFUTE,Memory Conflict
memos_medium:3438,m3,SUPPORT,INSUFFICIENT,Basic Fact Recall
memos_medium:3438,m4,SUPPORT,SUPPORT,Basic Fact Recall
memos_medium:3439,m1,SUPPORT,SUPPORT,Generalization & Application
memos_medium:3439,m2,SUPPORT,SUPPORT,Generalization & Application
memos_medium:3440,m2,SUPPORT,REFUTE,Memory Conflict
memos_medium:3440,m4,SUPPORT,REFUTE,Memory Conflict
memos_medium:3440,m7,SUPPORT,REFUTE,Memory Conflict
memos_medium:3440,m9,SUPPORT,INSUFFICIENT,Memory Conflict
memos_medium:3440,m10,SUPPORT,INSUFFICIENT,Memory Conflict
memos_medium:3441,m1,SUPPORT,SUPPORT,Basic Fact Recall
memos_medium:3441,m2,SUPPORT,INSUFFICIENT,Basic Fact Recall
memos_medium:3442,m1,SUPPORT,REFUTE,Memory Conflict
memos_medium:3443,m1,SUPPORT,SUPPORT,Generalization & Application
memos_medium:3444,m1,SUPPORT,SUPPORT,Generalization & Application
memos_medium:3444,m2,SUPPORT,SUPPORT,Generalization & Application
memos_medium:3444,m3,SUPPORT,SUPPORT,Generalization & Application
memos_medium:3448,m4,SUPPORT,REFUTE,Memory Conflict
memos_medium:3448,m7,SUPPORT,REFUTE,Memory Conflict
memos_medium:3448,m9,SUPPORT,REFUTE,Memory Conflict
memos_medium:3450,m1,SUPPORT,SUPPORT,Basic Fact Recall
memos_medium:3450,m2,SUPPORT,SUPPORT,Basic Fact Recall
memos_medium:3451,m1,SUPPORT,REFUTE,Memory Conflict
memos_medium:3451,m2,SUPPORT,REFUTE,Memory Conflict
memos_medium:3452,m6,SUPPORT,REFUTE,Memory Conflict
memos_medium:3454,m1,SUPPORT,REFUTE,Memory Conflict
memos_medium:3454,m2,SUPPORT,REFUTE,Memory Conflict
memos_medium:3454,m9,SUPPORT,REFUTE,Memory Conflict
memos_medium:3455,m2,SUPPORT,REFUTE,Memory Conflict
memos_medium:3455,m7,SUPPORT,REFUTE,Memory Conflict
memos_medium:3455,m11,SUPPORT,REFUTE,Memory Conflict
memos_medium:3461,m1,SUPPORT,SUPPORT,Generalization & Application
memos_medium:3461,m2,SUPPORT,SUPPORT,Generalization & Application
memos_medium:3461,m9,SUPPORT,SUPPORT,Generalization & Application
memos_medium:3461,m10,SUPPORT,SUPPORT,Generalization & Application
memos_medium:3465,m3,SUPPORT,REFUTE,Memory Conflict
memos_medium:3465,m7,SUPPORT,INSUFFICIENT,Memory Conflict
memos_medium:3465,m9,SUPPORT,INSUFFICIENT,Memory Conflict
memos_medium:3466,m2,SUPPORT,INSUFFICIENT,Memory Conflict
memos_medium:3467,m1,SUPPORT,INSUFFICIENT,Memory Conflict
memos_medium:3467,m7,SUPPORT,INSUFFICIENT,Memory Conflict
memos_long:2,m1,SUPPORT,SUPPORT,Basic Fact Recall
memos_long:2,m2,SUPPORT,SUPPORT,Basic Fact Recall
memos_long:3,m1,SUPPORT,INSUFFICIENT,Memory Conflict
memos_long:3,m3,SUPPORT,INSUFFICIENT,Memory Conflict
memos_long:3,m7,SUPPORT,INSUFFICIENT,Memory Conflict
memos_long:3,m12,SUPPORT,INSUFFICIENT,Memory Conflict
memos_long:4,m1,SUPPORT,REFUTE,Memory Conflict
memos_long:4,m2,SUPPORT,REFUTE,Memory Conflict
memos_long:4,m3,SUPPORT,REFUTE,Memory Conflict
memos_long:4,m12,SUPPORT,REFUTE,Memory Conflict
memos_long:5,m5,SUPPORT,INSUFFICIENT,Memory Conflict
memos_long:6,m2,SUPPORT,SUPPORT,Basic Fact Recall
memos_long:8,m7,SUPPORT,INSUFFICIENT,Memory Conflict
memos_long:8,m8,SUPPORT,INSUFFICIENT,Memory Conflict
memos_long:9,m1,SUPPORT,SUPPORT,Basic Fact Recall
memos_long:9,m2,SUPPORT,SUPPORT,Basic Fact Recall
memos_long:10,m1,SUPPORT,REFUTE,Memory Conflict
memos_long:10,m2,SUPPORT,REFUTE,Memory Conflict
memos_long:10,m3,SUPPORT,REFUTE,Memory Conflict
memos_long:10,m8,SUPPORT,INSUFFICIENT,Memory Conflict
memos_long:10,m9,SUPPORT,INSUFFICIENT,Memory Conflict
memos_long:10,m12,SUPPORT,INSUFFICIENT,Memory Conflict
memos_long:12,m2,SUPPORT,SUPPORT,Generalization & Application
memos_long:12,m4,SUPPORT,SUPPORT,Generalization & Application
memos_long:12,m5,SUPPORT,SUPPORT,Generalization & Application
memos_long:12,m9,SUPPORT,SUPPORT,Generalization & Application
memos_long:12,m10,SUPPORT,SUPPORT,Generalization & Application
memos_long:12,m12,SUPPORT,SUPPORT,Generalization & Application
memos_long:19,m1,SUPPORT,SUPPORT,Multi-hop Inference
memos_long:20,m1,SUPPORT,SUPPORT,Multi-hop Inference
memos_long:20,m2,SUPPORT,SUPPORT,Multi-hop Inference
memos_long:20,m6,SUPPORT,SUPPORT,Multi-hop Inference
memos_long:23,m1,SUPPORT,SUPPORT,Basic Fact Recall
memos_long:24,m1,SUPPORT,SUPPORT,Generalization & Application
memos_long:25,m2,SUPPORT,SUPPORT,Basic Fact Recall
memos_long:31,m1,SUPPORT,REFUTE,Memory Conflict
memos_long:31,m2,SUPPORT,REFUTE,Memory Conflict
memos_long:31,m8,SUPPORT,REFUTE,Memory Conflict
memos_long:33,m1,SUPPORT,INSUFFICIENT,Basic Fact Recall
memos_long:33,m4,SUPPORT,INSUFFICIENT,Basic Fact Recall
memos_long:36,m1,SUPPORT,SUPPORT,Generalization & Application
memos_long:36,m6,SUPPORT,SUPPORT,Generalization & Application
memos_long:36,m8,SUPPORT,SUPPORT,Generalization & Application
memos_long:38,m1,SUPPORT,SUPPORT,Generalization & Application
memos_long:38,m2,SUPPORT,SUPPORT,Generalization & Application
memos_long:40,m2,SUPPORT,INSUFFICIENT,Memory Conflict
memos_long:41,m6,SUPPORT,SUPPORT,Basic Fact Recall
memos_long:42,m1,SUPPORT,SUPPORT,Memory Conflict
memos_long:42,m2,SUPPORT,SUPPORT,Memory Conflict
memos_long:42,m3,SUPPORT,SUPPORT,Memory Conflict
memos_long:44,m1,SUPPORT,SUPPORT,Basic Fact Recall
memos_long:45,m1,SUPPORT,SUPPORT,Memory Conflict
memos_long:45,m9,SUPPORT,SUPPORT,Memory Conflict
memos_long:46,m2,SUPPORT,REFUTE,Memory Conflict
memos_long:47,m3,SUPPORT,INSUFFICIENT,Memory Conflict
memos_long:47,m4,SUPPORT,INSUFFICIENT,Memory Conflict
memos_long:47,m7,SUPPORT,INSUFFICIENT,Memory Conflict
memos_long:47,m12,SUPPORT,INSUFFICIENT,Memory Conflict
memos_long:49,m10,SUPPORT,INSUFFICIENT,Memory Conflict
memos_long:50,m6,SUPPORT,INSUFFICIENT,Multi-hop Inference
memos_long:51,m1,SUPPORT,SUPPORT,Multi-hop Inference
memos_long:51,m2,SUPPORT,SUPPORT,Multi-hop Inference
memos_long:51,m9,SUPPORT,SUPPORT,Multi-hop Inference
memos_long:52,m1,SUPPORT,SUPPORT,Multi-hop Inference
memos_long:52,m3,SUPPORT,SUPPORT,Multi-hop Inference
memos_long:52,m4,SUPPORT,SUPPORT,Multi-hop Inference
memos_long:52,m7,SUPPORT,SUPPORT,Multi-hop Inference
memos_long:52,m9,SUPPORT,SUPPORT,Multi-hop Inference
memos_long:52,m11,SUPPORT,SUPPORT,Multi-hop Inference
memos_long:53,m3,SUPPORT,SUPPORT,Multi-hop Inference
memos_long:56,m1,SUPPORT,SUPPORT,Basic Fact Recall
memos_long:56,m7,SUPPORT,INSUFFICIENT,Basic Fact Recall
memos_long:56,m8,SUPPORT,INSUFFICIENT,Basic Fact Recall
memos_long:57,m1,SUPPORT,SUPPORT,Basic Fact Recall
memos_long:57,m2,SUPPORT,SUPPORT,Basic Fact Recall
memos_long:57,m3,SUPPORT,SUPPORT,Basic Fact Recall
memos_long:57,m5,SUPPORT,SUPPORT,Basic Fact Recall
memos_long:58,m1,SUPPORT,SUPPORT,Basic Fact Recall
memos_long:61,m1,SUPPORT,REFUTE,Memory Conflict
memos_long:61,m5,SUPPORT,REFUTE,Memory Conflict
memos_long:61,m8,SUPPORT,REFUTE,Memory Conflict
memos_long:61,m12,SUPPORT,REFUTE,Memory Conflict
memos_long:62,m1,SUPPORT,REFUTE,Memory Conflict
memos_long:62,m3,SUPPORT,REFUTE,Memory Conflict
memos_long:62,m7,SUPPORT,REFUTE,Memory Conflict
memos_long:62,m8,SUPPORT,REFUTE,Memory Conflict
memos_long:63,m1,SUPPORT,SUPPORT,Basic Fact Recall
memos_long:64,m1,SUPPORT,SUPPORT,Generalization & Application
memos_long:64,m5,SUPPORT,SUPPORT,Generalization & Application
memos_long:65,m1,SUPPORT,SUPPORT,Memory Conflict
memos_long:65,m4,SUPPORT,REFUTE,Memory Conflict
memos_long:66,m6,SUPPORT,SUPPORT,Generalization & Application
memos_long:67,m1,SUPPORT,INSUFFICIENT,Memory Conflict
memos_long:67,m2,SUPPORT,INSUFFICIENT,Memory Conflict
memos_long:67,m4,SUPPORT,REFUTE,Memory Conflict
memos_long:67,m7,SUPPORT,INSUFFICIENT,Memory Conflict
memos_long:68,m3,SUPPORT,SUPERSEDED,Basic Fact Recall
memos_long:69,m2,SUPPORT,SUPPORT,Basic Fact Recall
memos_long:69,m4,SUPPORT,SUPPORT,Basic Fact Recall
memos_long:69,m7,SUPPORT,SUPPORT,Basic Fact Recall
memos_long:69,m12,SUPPORT,CURRENT,Basic Fact Recall
memos_long:70,m2,SUPPORT,SUPPORT,Generalization & Application
memos_long:70,m5,SUPPORT,SUPPORT,Generalization & Application
memos_long:70,m6,SUPPORT,SUPPORT,Generalization & Application
memos_long:77,m1,SUPPORT,SUPPORT,Memory Conflict
memos_long:77,m2,SUPPORT,INSUFFICIENT,Memory Conflict
memos_long:79,m1,SUPPORT,SUPPORT,Dynamic Update
memos_long:79,m2,SUPERSEDED,INSUFFICIENT,Dynamic Update
memos_long:79,m3,SUPERSEDED,INSUFFICIENT,Dynamic Update
memos_long:79,m4,SUPERSEDED,SUPPORT,Dynamic Update
memos_long:79,m5,SUPERSEDED,INSUFFICIENT,Dynamic Update
memos_long:79,m6,SUPERSEDED,INSUFFICIENT,Dynamic Update
memos_long:79,m7,SUPERSEDED,INSUFFICIENT,Dynamic Update
memos_long:79,m8,SUPERSEDED,INSUFFICIENT,Dynamic Update
memos_long:79,m9,SUPERSEDED,INSUFFICIENT,Dynamic Update
memos_long:79,m10,SUPERSEDED,INSUFFICIENT,Dynamic Update
memos_long:79,m11,SUPERSEDED,INSUFFICIENT,Dynamic Update
memos_long:79,m12,SUPERSEDED,INSUFFICIENT,Dynamic Update
memos_long:80,m1,SUPPORT,SUPPORT,Basic Fact Recall
memos_long:80,m2,SUPPORT,SUPPORT,Basic Fact Recall
memos_long:81,m1,SUPPORT,SUPPORT,Generalization & Application
memos_long:81,m3,SUPPORT,SUPPORT,Generalization & Application
memos_long:81,m4,SUPPORT,SUPPORT,Generalization & Application
memos_long:84,m5,SUPPORT,SUPPORT,Generalization & Application
memos_long:85,m4,SUPPORT,CURRENT,Memory Conflict
memos_long:85,m5,SUPPORT,CURRENT,Memory Conflict
memos_long:85,m9,SUPPORT,CURRENT,Memory Conflict
memos_long:86,m1,SUPPORT,INSUFFICIENT,Memory Conflict
memos_long:86,m3,SUPPORT,INSUFFICIENT,Memory Conflict
memos_long:86,m4,SUPPORT,INSUFFICIENT,Memory Conflict
memos_long:86,m9,SUPPORT,INSUFFICIENT,Memory Conflict
memos_long:86,m10,SUPPORT,INSUFFICIENT,Memory Conflict
memos_long:86,m11,SUPPORT,INSUFFICIENT,Memory Conflict
memos_long:88,m2,SUPPORT,SUPPORT,Generalization & Application
memos_long:88,m6,SUPPORT,SUPPORT,Generalization & Application
memos_long:90,m2,SUPPORT,REFUTE,Memory Conflict
memos_long:90,m3,SUPPORT,REFUTE,Memory Conflict
memos_long:90,m4,SUPPORT,REFUTE,Memory Conflict
memos_long:90,m8,SUPPORT,REFUTE,Memory Conflict
memos_long:90,m9,SUPPORT,REFUTE,Memory Conflict
memos_long:90,m10,SUPPORT,REFUTE,Memory Conflict
memos_long:94,m1,SUPPORT,INSUFFICIENT,Memory Conflict
memos_long:94,m5,SUPPORT,INSUFFICIENT,Memory Conflict
memos_long:94,m6,SUPPORT,INSUFFICIENT,Memory Conflict
memos_long:94,m8,SUPPORT,INSUFFICIENT,Memory Conflict
memos_long:95,m6,SUPPORT,INSUFFICIENT,Memory Conflict
memos_long:95,m8,SUPPORT,INSUFFICIENT,Memory Conflict
memos_long:96,m9,SUPPORT,SUPPORT,Generalization & Application
memos_long:97,m8,SUPPORT,SUPPORT,Basic Fact Recall
memos_long:104,m4,SUPPORT,SUPPORT,Basic Fact Recall
memos_long:104,m10,SUPPORT,SUPPORT,Basic Fact Recall
memos_long:105,m6,SUPPORT,SUPPORT,Basic Fact Recall
memos_long:106,m5,SUPPORT,SUPPORT,Memory Conflict
memos_long:106,m12,SUPPORT,SUPPORT,Memory Conflict
memos_long:113,m2,SUPPORT,REFUTE,Memory Conflict
memos_long:113,m11,SUPPORT,REFUTE,Memory Conflict
memos_long:114,m2,SUPPORT,SUPPORT,Generalization & Application
memos_long:114,m3,SUPPORT,SUPPORT,Generalization & Application
memos_long:114,m5,SUPPORT,SUPPORT,Generalization & Application
memos_long:115,m1,SUPPORT,SUPPORT,Basic Fact Recall
memos_long:115,m2,SUPPORT,SUPPORT,Basic Fact Recall
memos_long:119,m1,SUPPORT,SUPPORT,Generalization & Application
memos_long:119,m3,SUPPORT,SUPPORT,Generalization & Application
memos_long:119,m4,SUPPORT,SUPPORT,Generalization & Application
memos_long:119,m7,SUPPORT,SUPPORT,Generalization & Application
memos_long:119,m9,SUPPORT,SUPPORT,Generalization & Application
memos_long:120,m1,SUPPORT,SUPPORT,Generalization & Application
memos_long:120,m3,SUPPORT,SUPPORT,Generalization & Application
memos_long:120,m5,SUPPORT,SUPPORT,Generalization & Application
memos_long:120,m6,SUPPORT,SUPPORT,Generalization & Application
memos_long:120,m7,SUPPORT,SUPPORT,Generalization & Application
memos_long:121,m1,SUPPORT,SUPPORT,Basic Fact Recall
memos_long:121,m2,SUPPORT,SUPPORT,Basic Fact Recall
memos_long:121,m3,SUPPORT,SUPPORT,Basic Fact Recall
memos_long:121,m5,SUPPORT,SUPPORT,Basic Fact Recall
memos_long:121,m10,SUPPORT,SUPPORT,Basic Fact Recall
memos_long:125,m1,SUPPORT,INSUFFICIENT,Basic Fact Recall
memos_long:127,m1,SUPPORT,SUPPORT,Multi-hop Inference
memos_long:127,m2,SUPPORT,SUPPORT,Multi-hop Inference
memos_long:128,m1,SUPERSEDED,SUPERSEDED,Dynamic Update
memos_long:128,m2,SUPERSEDED,INSUFFICIENT,Dynamic Update
memos_long:128,m3,SUPERSEDED,INSUFFICIENT,Dynamic Update
memos_long:128,m4,SUPERSEDED,INSUFFICIENT,Dynamic Update
memos_long:128,m5,SUPERSEDED,INSUFFICIENT,Dynamic Update
memos_long:128,m6,SUPERSEDED,INSUFFICIENT,Dynamic Update
memos_long:128,m7,SUPERSEDED,INSUFFICIENT,Dynamic Update
memos_long:128,m8,SUPERSEDED,INSUFFICIENT,Dynamic Update
memos_long:128,m9,SUPERSEDED,INSUFFICIENT,Dynamic Update
memos_long:128,m10,SUPERSEDED,INSUFFICIENT,Dynamic Update
memos_long:131,m1,SUPPORT,SUPPORT,Generalization & Application
memos_long:131,m7,SUPPORT,SUPPORT,Generalization & Application
memos_long:132,m6,SUPPORT,SUPPORT,Generalization & Application
memos_long:133,m1,SUPPORT,SUPPORT,Memory Conflict
memos_long:133,m2,SUPPORT,SUPPORT,Memory Conflict
memos_long:133,m3,SUPPORT,SUPPORT,Memory Conflict
memos_long:133,m6,SUPPORT,SUPPORT,Memory Conflict
memos_long:133,m10,SUPPORT,SUPPORT,Memory Conflict
memos_long:134,m2,SUPPORT,SUPPORT,Generalization & Application
memos_long:134,m6,SUPPORT,SUPPORT,Generalization & Application
memos_long:134,m10,SUPPORT,SUPPORT,Generalization & Application
memos_long:135,m1,SUPPORT,SUPPORT,Basic Fact Recall
memos_long:135,m5,SUPPORT,SUPPORT,Basic Fact Recall
memos_long:135,m6,SUPPORT,SUPPORT,Basic Fact Recall
memos_long:135,m10,SUPPORT,SUPPORT,Basic Fact Recall
memos_long:136,m1,SUPPORT,REFUTE,Memory Conflict
memos_long:136,m7,SUPPORT,REFUTE,Memory Conflict
memos_long:136,m8,SUPPORT,REFUTE,Memory Conflict
memos_long:136,m9,SUPPORT,REFUTE,Memory Conflict
memos_long:137,m1,SUPPORT,SUPPORT,Basic Fact Recall
memos_long:137,m9,SUPPORT,SUPPORT,Basic Fact Recall
memos_long:138,m4,SUPPORT,SUPPORT,Generalization & Application
memos_long:141,m7,SUPPORT,INSUFFICIENT,Memory Conflict
memos_long:145,m1,SUPPORT,SUPPORT,Basic Fact Recall
memos_long:145,m2,SUPPORT,SUPPORT,Basic Fact Recall
memos_long:145,m3,SUPPORT,SUPPORT,Basic Fact Recall
memos_long:145,m6,SUPPORT,SUPPORT,Basic Fact Recall
memos_long:146,m1,SUPPORT,SUPPORT,Basic Fact Recall
memos_long:148,m2,SUPPORT,REFUTE,Memory Conflict
memos_long:148,m11,SUPPORT,REFUTE,Memory Conflict
memos_long:148,m12,SUPPORT,REFUTE,Memory Conflict
memos_long:152,m4,SUPPORT,SUPPORT,Generalization & Application
memos_long:153,m1,SUPPORT,REFUTE,Memory Conflict
memos_long:153,m5,SUPPORT,REFUTE,Memory Conflict
memos_long:155,m1,SUPPORT,REFUTE,Memory Conflict
memos_long:155,m2,SUPPORT,REFUTE,Memory Conflict
memos_long:155,m3,SUPPORT,REFUTE,Memory Conflict
memos_long:156,m1,SUPPORT,SUPPORT,Generalization & Application
memos_long:156,m2,SUPPORT,SUPPORT,Generalization & Application
memos_long:156,m4,SUPPORT,SUPPORT,Generalization & Application
memos_long:157,m1,SUPPORT,REFUTE,Memory Conflict
memos_long:157,m2,SUPPORT,REFUTE,Memory Conflict
memos_long:161,m1,SUPPORT,INSUFFICIENT,Memory Conflict
memos_long:161,m3,SUPPORT,INSUFFICIENT,Memory Conflict
memos_long:163,m4,SUPPORT,SUPPORT,Generalization & Application
memos_long:166,m1,SUPPORT,REFUTE,Memory Conflict
memos_long:167,m1,SUPPORT,SUPPORT,Memory Conflict
memos_long:167,m9,SUPPORT,SUPPORT,Memory Conflict
memos_long:168,m1,SUPPORT,REFUTE,Memory Conflict
memos_long:171,m1,SUPPORT,SUPPORT,Basic Fact Recall
memos_long:171,m3,SUPPORT,SUPPORT,Basic Fact Recall
memos_long:173,m4,SUPPORT,REFUTE,Memory Conflict
memos_long:173,m10,SUPPORT,REFUTE,Memory Conflict
memos_long:174,m1,SUPPORT,SUPPORT,Basic Fact Recall
memos_long:176,m1,SUPPORT,REFUTE,Memory Conflict
memos_long:176,m2,SUPPORT,REFUTE,Memory Conflict
memos_long:176,m3,SUPPORT,REFUTE,Memory Conflict
memos_long:176,m4,SUPPORT,REFUTE,Memory Conflict
memos_long:176,m5,SUPPORT,REFUTE,Memory Conflict
memos_long:176,m8,SUPPORT,REFUTE,Memory Conflict
memos_long:176,m11,SUPPORT,REFUTE,Memory Conflict
memos_long:177,m1,SUPPORT,SUPPORT,Memory Conflict
memos_long:179,m1,SUPPORT,INSUFFICIENT,Multi-hop Inference
memos_long:184,m6,SUPPORT,INSUFFICIENT,Memory Conflict
memos_long:186,m2,SUPPORT,SUPPORT,Basic Fact Recall
memos_long:186,m3,SUPPORT,SUPPORT,Basic Fact Recall
memos_long:189,m10,SUPPORT,INSUFFICIENT,Memory Conflict
memos_long:190,m2,SUPPORT,SUPPORT,Generalization & Application
memos_long:190,m11,SUPPORT,SUPPORT,Generalization & Application
memos_long:190,m12,SUPPORT,SUPPORT,Generalization & Application
memos_long:193,m1,SUPPORT,INSUFFICIENT,Multi-hop Inference
memos_long:193,m2,SUPPORT,INSUFFICIENT,Multi-hop Inference
memos_long:193,m4,SUPPORT,INSUFFICIENT,Multi-hop Inference
memos_long:193,m8,SUPPORT,INSUFFICIENT,Multi-hop Inference
memos_long:194,m10,SUPPORT,SUPPORT,Multi-hop Inference
memos_long:195,m9,SUPPORT,INSUFFICIENT,Multi-hop Inference
memos_long:196,m1,SUPPORT,SUPPORT,Basic Fact Recall
memos_long:197,m10,SUPPORT,SUPPORT,Basic Fact Recall
memos_long:198,m1,SUPPORT,SUPPORT,Basic Fact Recall
memos_long:199,m1,SUPPORT,REFUTE,Memory Conflict
memos_long:199,m7,SUPPORT,REFUTE,Memory Conflict
memos_long:199,m11,SUPPORT,REFUTE,Memory Conflict
memos_long:200,m2,SUPPORT,SUPPORT,Basic Fact Recall
memos_long:200,m5,SUPPORT,SUPPORT,Basic Fact Recall
memos_long:200,m7,SUPPORT,SUPPORT,Basic Fact Recall
memos_long:201,m1,SUPPORT,SUPPORT,Basic Fact Recall
memos_long:204,m1,SUPPORT,INSUFFICIENT,Memory Conflict
memos_long:204,m4,SUPPORT,INSUFFICIENT,Memory Conflict
memos_long:204,m10,SUPPORT,INSUFFICIENT,Memory Conflict
memos_long:204,m12,SUPPORT,INSUFFICIENT,Memory Conflict
memos_long:205,m1,SUPPORT,SUPPORT,Basic Fact Recall
memos_long:205,m3,SUPPORT,SUPPORT,Basic Fact Recall
memos_long:207,m7,SUPPORT,SUPPORT,Generalization & Application
memos_long:208,m4,SUPPORT,INSUFFICIENT,Multi-hop Inference
memos_long:208,m5,SUPPORT,INSUFFICIENT,Multi-hop Inference
memos_long:209,m5,SUPPORT,SUPPORT,Multi-hop Inference
memos_long:210,m2,SUPPORT,SUPPORT,Generalization & Application
memos_long:210,m12,SUPPORT,SUPPORT,Generalization & Application
memos_long:211,m1,SUPPORT,SUPPORT,Generalization & Application
memos_long:211,m2,SUPPORT,SUPPORT,Generalization & Application
memos_long:211,m4,SUPPORT,SUPPORT,Generalization & Application
memos_long:214,m2,SUPPORT,SUPPORT,Basic Fact Recall
memos_long:214,m8,SUPPORT,SUPPORT,Basic Fact Recall
memos_long:214,m9,SUPPORT,SUPPORT,Basic Fact Recall
memos_long:214,m10,SUPPORT,SUPPORT,Basic Fact Recall
memos_long:216,m4,SUPPORT,REFUTE,Memory Conflict
memos_long:226,m1,SUPPORT,SUPPORT,Multi-hop Inference
memos_long:226,m2,SUPPORT,SUPPORT,Multi-hop Inference
memos_long:226,m3,SUPPORT,SUPPORT,Multi-hop Inference
memos_long:226,m9,SUPPORT,SUPPORT,Multi-hop Inference
memos_long:227,m1,SUPPORT,SUPPORT,Multi-hop Inference
memos_long:228,m3,SUPPORT,SUPPORT,Multi-hop Inference
memos_long:229,m1,SUPPORT,SUPPORT,Generalization & Application
memos_long:229,m2,SUPPORT,SUPPORT,Generalization & Application
memos_long:229,m10,SUPPORT,SUPPORT,Generalization & Application
memos_long:231,m2,SUPPORT,SUPPORT,Generalization & Application
memos_long:231,m3,SUPPORT,SUPPORT,Generalization & Application
memos_long:233,m1,SUPPORT,INSUFFICIENT,Basic Fact Recall
memos_long:233,m2,SUPPORT,INSUFFICIENT,Basic Fact Recall
memos_long:233,m6,SUPPORT,INSUFFICIENT,Basic Fact Recall
memos_long:234,m1,SUPPORT,SUPPORT,Basic Fact Recall
memos_long:235,m2,SUPPORT,REFUTE,Memory Conflict
memos_long:235,m8,SUPPORT,REFUTE,Memory Conflict
memos_long:238,m1,SUPPORT,SUPPORT,Basic Fact Recall
memos_long:238,m2,SUPPORT,SUPPORT,Basic Fact Recall
memos_long:239,m1,SUPPORT,SUPPORT,Generalization & Application
memos_long:239,m7,SUPPORT,SUPPORT,Generalization & Application
memos_long:239,m12,SUPPORT,SUPPORT,Generalization & Application
memos_long:240,m1,SUPPORT,SUPPORT,Generalization & Application
memos_long:240,m9,SUPPORT,INSUFFICIENT,Generalization & Application
memos_long:241,m3,SUPPORT,SUPPORT,Basic Fact Recall
memos_long:241,m6,SUPPORT,SUPPORT,Basic Fact Recall
memos_long:243,m2,SUPPORT,REFUTE,Memory Conflict
memos_long:243,m8,SUPPORT,REFUTE,Memory Conflict
memos_long:244,m1,SUPPORT,REFUTE,Memory Conflict
memos_long:244,m8,SUPPORT,REFUTE,Memory Conflict
memos_long:244,m9,SUPPORT,REFUTE,Memory Conflict
memos_long:245,m8,SUPPORT,SUPPORT,Basic Fact Recall
memos_long:246,m1,SUPPORT,REFUTE,Memory Conflict
memos_long:246,m5,SUPPORT,REFUTE,Memory Conflict
memos_long:246,m9,SUPPORT,INSUFFICIENT,Memory Conflict
memos_long:248,m2,SUPPORT,SUPPORT,Generalization & Application
memos_long:248,m3,SUPPORT,SUPPORT,Generalization & Application
memos_long:248,m4,SUPPORT,SUPPORT,Generalization & Application
memos_long:248,m6,SUPPORT,SUPPORT,Generalization & Application
memos_long:250,m1,SUPPORT,SUPPORT,Basic Fact Recall
memos_long:252,m1,SUPPORT,INSUFFICIENT,Multi-hop Inference
memos_long:252,m5,SUPPORT,INSUFFICIENT,Multi-hop Inference
memos_long:253,m1,SUPPORT,SUPPORT,Multi-hop Inference
memos_long:253,m2,SUPPORT,SUPERSEDED,Multi-hop Inference
memos_long:253,m3,SUPPORT,SUPPORT,Multi-hop Inference
memos_long:253,m6,SUPPORT,SUPPORT,Multi-hop Inference
memos_long:254,m3,SUPPORT,SUPPORT,Multi-hop Inference
memos_long:256,m1,SUPPORT,SUPPORT,Generalization & Application
memos_long:256,m4,SUPPORT,SUPPORT,Generalization & Application
memos_long:260,m2,SUPPORT,REFUTE,Memory Conflict
memos_long:260,m3,SUPPORT,REFUTE,Memory Conflict
memos_long:260,m7,SUPPORT,REFUTE,Memory Conflict
memos_long:260,m9,SUPPORT,REFUTE,Memory Conflict
memos_long:262,m3,SUPPORT,SUPPORT,Basic Fact Recall
memos_long:262,m4,SUPPORT,SUPPORT,Basic Fact Recall
memos_long:263,m2,SUPPORT,SUPPORT,Generalization & Application
memos_long:264,m1,SUPPORT,SUPPORT,Basic Fact Recall
memos_long:265,m1,SUPPORT,REFUTE,Memory Conflict
memos_long:265,m3,SUPPORT,REFUTE,Memory Conflict
memos_long:265,m7,SUPPORT,REFUTE,Memory Conflict
memos_long:265,m9,SUPPORT,REFUTE,Memory Conflict
memos_long:265,m10,SUPPORT,REFUTE,Memory Conflict
memos_long:267,m1,SUPPORT,INSUFFICIENT,Basic Fact Recall
memos_long:267,m3,SUPPORT,SUPPORT,Basic Fact Recall
memos_long:268,m1,SUPPORT,SUPPORT,Basic Fact Recall
memos_long:268,m7,SUPPORT,SUPPORT,Basic Fact Recall
memos_long:269,m6,SUPPORT,SUPPORT,Basic Fact Recall
memos_long:270,m4,SUPPORT,REFUTE,Memory Conflict
memos_long:273,m3,SUPPORT,SUPPORT,Basic Fact Recall
memos_long:280,m3,SUPPORT,SUPPORT,Generalization & Application
memos_long:280,m4,SUPPORT,SUPPORT,Generalization & Application
memos_long:280,m5,SUPPORT,SUPPORT,Generalization & Application
memos_long:280,m8,SUPPORT,SUPPORT,Generalization & Application
memos_long:282,m7,SUPPORT,SUPPORT,Generalization & Application
memos_long:283,m7,SUPPORT,SUPPORT,Generalization & Application
memos_long:283,m12,SUPPORT,SUPPORT,Generalization & Application
memos_long:284,m9,SUPPORT,SUPPORT,Basic Fact Recall
memos_long:284,m10,SUPPORT,SUPPORT,Basic Fact Recall
memos_long:286,m1,SUPPORT,SUPPORT,Generalization & Application
memos_long:286,m6,SUPPORT,SUPPORT,Generalization & Application
memos_long:286,m7,SUPPORT,SUPPORT,Generalization & Application
memos_long:287,m1,SUPPORT,REFUTE,Memory Conflict
memos_long:287,m2,SUPPORT,REFUTE,Memory Conflict
memos_long:287,m4,SUPPORT,REFUTE,Memory Conflict
memos_long:287,m8,SUPPORT,REFUTE,Memory Conflict
memos_long:288,m2,SUPPORT,REFUTE,Memory Conflict
memos_long:290,m4,SUPPORT,REFUTE,Memory Conflict
memos_long:293,m1,SUPPORT,SUPPORT,Generalization & Application
memos_long:293,m4,SUPPORT,SUPPORT,Generalization & Application
memos_long:293,m5,SUPPORT,SUPPORT,Generalization & Application
memos_long:293,m8,SUPPORT,SUPPORT,Generalization & Application
memos_long:294,m2,SUPPORT,SUPPORT,Generalization & Application
memos_long:295,m6,SUPPORT,REFUTE,Memory Conflict
memos_long:295,m9,SUPPORT,REFUTE,Memory Conflict
memos_long:295,m10,SUPPORT,REFUTE,Memory Conflict
memos_long:299,m1,SUPPORT,SUPPORT,Generalization & Application
memos_long:299,m6,SUPPORT,SUPPORT,Generalization & Application
memos_long:299,m9,SUPPORT,SUPPORT,Generalization & Application
memos_long:303,m1,SUPPORT,SUPPORT,Generalization & Application
memos_long:307,m1,SUPPORT,REFUTE,Memory Conflict
memos_long:307,m2,SUPPORT,REFUTE,Memory Conflict
memos_long:307,m4,SUPPORT,REFUTE,Memory Conflict
memos_long:308,m6,SUPPORT,REFUTE,Memory Conflict
memos_long:309,m1,SUPPORT,SUPPORT,Dynamic Update
memos_long:309,m2,SUPERSEDED,SUPERSEDED,Dynamic Update
memos_long:309,m3,SUPPORT,SUPPORT,Dynamic Update
memos_long:309,m4,SUPPORT,SUPPORT,Dynamic Update
memos_long:309,m5,SUPERSEDED,INSUFFICIENT,Dynamic Update
memos_long:309,m6,SUPERSEDED,INSUFFICIENT,Dynamic Update
memos_long:309,m7,SUPERSEDED,INSUFFICIENT,Dynamic Update
memos_long:309,m8,SUPERSEDED,INSUFFICIENT,Dynamic Update
memos_long:309,m9,SUPERSEDED,INSUFFICIENT,Dynamic Update
memos_long:309,m10,SUPERSEDED,INSUFFICIENT,Dynamic Update
memos_long:309,m11,SUPERSEDED,INSUFFICIENT,Dynamic Update
memos_long:309,m12,SUPERSEDED,INSUFFICIENT,Dynamic Update
memos_long:310,m1,SUPPORT,SUPPORT,Dynamic Update
memos_long:310,m2,SUPERSEDED,MISBIND,Dynamic Update
memos_long:310,m3,SUPERSEDED,INSUFFICIENT,Dynamic Update
memos_long:310,m4,SUPERSEDED,INSUFFICIENT,Dynamic Update
memos_long:310,m5,SUPERSEDED,INSUFFICIENT,Dynamic Update
memos_long:310,m6,SUPERSEDED,INSUFFICIENT,Dynamic Update
memos_long:310,m7,SUPERSEDED,INSUFFICIENT,Dynamic Update
memos_long:310,m8,SUPERSEDED,INSUFFICIENT,Dynamic Update
memos_long:310,m9,SUPERSEDED,INSUFFICIENT,Dynamic Update
memos_long:310,m10,SUPERSEDED,INSUFFICIENT,Dynamic Update
memos_long:310,m11,SUPERSEDED,INSUFFICIENT,Dynamic Update
memos_long:310,m12,SUPERSEDED,INSUFFICIENT,Dynamic Update
memos_long:313,m4,SUPPORT,SUPPORT,Generalization & Application
memos_long:313,m7,SUPPORT,SUPPORT,Generalization & Application
memos_long:313,m8,SUPPORT,SUPPORT,Generalization & Application
memos_long:313,m12,SUPPORT,SUPPORT,Generalization & Application
memos_long:319,m6,SUPPORT,SUPPORT,Basic Fact Recall
memos_long:319,m7,SUPPORT,SUPPORT,Basic Fact Recall
memos_long:319,m8,SUPPORT,SUPPORT,Basic Fact Recall
memos_long:319,m9,SUPPORT,SUPPORT,Basic Fact Recall
memos_long:319,m10,SUPPORT,SUPPORT,Basic Fact Recall
memos_long:319,m11,SUPPORT,SUPPORT,Basic Fact Recall
memos_long:320,m4,SUPPORT,SUPPORT,Generalization & Application
memos_long:320,m5,SUPPORT,SUPPORT,Generalization & Application
memos_long:320,m7,SUPPORT,SUPPORT,Generalization & Application
memos_long:320,m8,SUPPORT,SUPPORT,Generalization & Application
memos_long:320,m11,SUPPORT,SUPPORT,Generalization & Application
memos_long:321,m1,SUPPORT,SUPPORT,Generalization & Application
memos_long:321,m8,SUPPORT,SUPPORT,Generalization & Application
memos_long:321,m9,SUPPORT,SUPPORT,Generalization & Application
memos_long:323,m4,SUPPORT,SUPPORT,Basic Fact Recall
memos_long:324,m1,SUPPORT,INSUFFICIENT,Generalization & Application
memos_long:324,m8,SUPPORT,SUPPORT,Generalization & Application
memos_long:325,m1,SUPPORT,SUPPORT,Generalization & Application
memos_long:325,m2,SUPPORT,SUPPORT,Generalization & Application
memos_long:332,m1,SUPPORT,SUPPORT,Basic Fact Recall
memos_long:332,m3,SUPPORT,SUPPORT,Basic Fact Recall
memos_long:332,m4,SUPPORT,SUPPORT,Basic Fact Recall
memos_long:335,m1,SUPPORT,SUPPORT,Basic Fact Recall
memos_long:335,m7,SUPPORT,SUPPORT,Basic Fact Recall
memos_long:335,m8,SUPPORT,SUPPORT,Basic Fact Recall
memos_long:335,m9,SUPPORT,SUPPORT,Basic Fact Recall
memos_long:335,m10,SUPPORT,SUPPORT,Basic Fact Recall
memos_long:336,m1,SUPPORT,SUPPORT,Generalization & Application
memos_long:336,m2,SUPPORT,SUPPORT,Generalization & Application
memos_long:336,m3,SUPPORT,SUPPORT,Generalization & Application
memos_long:336,m5,SUPPORT,SUPPORT,Generalization & Application
memos_long:337,m6,SUPPORT,REFUTE,Memory Conflict
memos_long:337,m7,SUPPORT,REFUTE,Memory Conflict
memos_long:339,m3,SUPPORT,SUPPORT,Generalization & Application
memos_long:339,m7,SUPPORT,SUPPORT,Generalization & Application
memos_long:339,m9,SUPPORT,SUPPORT,Generalization & Application
memos_long:339,m10,SUPPORT,SUPPORT,Generalization & Application
memos_long:339,m12,SUPPORT,SUPPORT,Generalization & Application
memos_long:341,m1,SUPPORT,SUPPORT,Basic Fact Recall
memos_long:341,m11,SUPPORT,SUPPORT,Basic Fact Recall
memos_long:342,m1,SUPPORT,REFUTE,Memory Conflict
memos_long:342,m2,SUPPORT,REFUTE,Memory Conflict
memos_long:342,m5,SUPPORT,REFUTE,Memory Conflict
memos_long:342,m12,SUPPORT,REFUTE,Memory Conflict
memos_long:348,m1,SUPPORT,SUPPORT,Generalization & Application
memos_long:348,m3,SUPPORT,SUPPORT,Generalization & Application
memos_long:359,m5,SUPPORT,REFUTE,Memory Conflict
memos_long:359,m6,SUPPORT,REFUTE,Memory Conflict
memos_long:360,m1,SUPPORT,SUPPORT,Basic Fact Recall
memos_long:360,m7,SUPPORT,SUPPORT,Basic Fact Recall
memos_long:360,m8,SUPPORT,SUPPORT,Basic Fact Recall
memos_long:365,m8,SUPPORT,INSUFFICIENT,Multi-hop Inference
memos_long:368,m1,SUPPORT,SUPPORT,Multi-hop Inference
memos_long:371,m1,SUPPORT,INSUFFICIENT,Basic Fact Recall
memos_long:371,m4,SUPPORT,SUPPORT,Basic Fact Recall
memos_long:375,m1,SUPPORT,SUPPORT,Generalization & Application
memos_long:375,m11,SUPPORT,SUPPORT,Generalization & Application
memos_long:378,m4,SUPPORT,SUPPORT,Generalization & Application
memos_long:378,m5,SUPPORT,SUPPORT,Generalization & Application
memos_long:378,m6,SUPPORT,SUPPORT,Generalization & Application
memos_long:378,m7,SUPPORT,SUPPORT,Generalization & Application
memos_long:379,m2,SUPPORT,REFUTE,Memory Conflict
memos_long:379,m3,SUPPORT,REFUTE,Memory Conflict
memos_long:379,m5,SUPPORT,REFUTE,Memory Conflict
memos_long:379,m7,SUPPORT,REFUTE,Memory Conflict
memos_long:379,m9,SUPPORT,REFUTE,Memory Conflict
memos_long:379,m11,SUPPORT,REFUTE,Memory Conflict
memos_long:383,m2,SUPPORT,SUPPORT,Basic Fact Recall
memos_long:386,m2,SUPPORT,SUPPORT,Basic Fact Recall
memos_long:388,m3,SUPPORT,SUPPORT,Generalization & Application
memos_long:388,m5,SUPPORT,SUPPORT,Generalization & Application
memos_long:389,m1,SUPPORT,SUPERSEDED,Generalization & Application
memos_long:389,m2,SUPPORT,SUPERSEDED,Generalization & Application
memos_long:389,m3,SUPPORT,SUPPORT,Generalization & Application
memos_long:389,m4,SUPPORT,SUPPORT,Generalization & Application
memos_long:389,m8,SUPPORT,SUPPORT,Generalization & Application
memos_long:389,m9,SUPPORT,SUPPORT,Generalization & Application
memos_long:389,m11,SUPPORT,SUPPORT,Generalization & Application
memos_long:390,m1,SUPPORT,SUPPORT,Generalization & Application
memos_long:390,m2,SUPPORT,SUPPORT,Generalization & Application
memos_long:390,m3,SUPPORT,SUPPORT,Generalization & Application
memos_long:390,m4,SUPPORT,SUPPORT,Generalization & Application
memos_long:390,m5,SUPPORT,SUPPORT,Generalization & Application
memos_long:390,m11,SUPPORT,SUPPORT,Generalization & Application
memos_long:392,m1,SUPPORT,REFUTE,Memory Conflict
memos_long:392,m3,SUPPORT,REFUTE,Memory Conflict
memos_long:392,m5,SUPPORT,REFUTE,Memory Conflict
memos_long:392,m7,SUPPORT,REFUTE,Memory Conflict
memos_long:395,m1,SUPPORT,REFUTE,Memory Conflict
memos_long:395,m2,SUPPORT,REFUTE,Memory Conflict
memos_long:395,m3,SUPPORT,REFUTE,Memory Conflict
memos_long:395,m4,SUPPORT,REFUTE,Memory Conflict
memos_long:395,m10,SUPPORT,REFUTE,Memory Conflict
memos_long:397,m1,SUPPORT,INSUFFICIENT,Generalization & Application
memos_long:397,m2,SUPPORT,INSUFFICIENT,Generalization & Application
memos_long:397,m3,SUPPORT,INSUFFICIENT,Generalization & Application
memos_long:397,m4,SUPPORT,INSUFFICIENT,Generalization & Application
memos_long:397,m5,SUPPORT,INSUFFICIENT,Generalization & Application
memos_long:399,m1,SUPPORT,SUPPORT,Multi-hop Inference
memos_long:399,m4,SUPPORT,SUPPORT,Multi-hop Inference
memos_long:403,m1,SUPPORT,INSUFFICIENT,Memory Conflict
memos_long:403,m2,SUPPORT,INSUFFICIENT,Memory Conflict
memos_long:403,m4,SUPPORT,INSUFFICIENT,Memory Conflict
memos_long:403,m5,SUPPORT,INSUFFICIENT,Memory Conflict
memos_long:403,m7,SUPPORT,INSUFFICIENT,Memory Conflict
memos_long:403,m8,SUPPORT,INSUFFICIENT,Memory Conflict
memos_long:403,m9,SUPPORT,INSUFFICIENT,Memory Conflict
memos_long:403,m12,SUPPORT,INSUFFICIENT,Memory Conflict
memos_long:407,m6,SUPPORT,SUPPORT,Generalization & Application
memos_long:407,m7,SUPPORT,SUPPORT,Generalization & Application
memos_long:407,m9,SUPPORT,SUPPORT,Generalization & Application
memos_long:408,m6,SUPPORT,INSUFFICIENT,Generalization & Application
memos_long:408,m7,SUPPORT,INSUFFICIENT,Generalization & Application
memos_long:409,m6,SUPPORT,REFUTE,Memory Conflict
memos_long:409,m8,SUPPORT,REFUTE,Memory Conflict
memos_long:412,m1,SUPPORT,SUPPORT,Basic Fact Recall
memos_long:412,m7,SUPPORT,SUPPORT,Basic Fact Recall
memos_long:414,m1,SUPPORT,REFUTE,Memory Conflict
memos_long:420,m2,SUPPORT,SUPPORT,Generalization & Application
memos_long:420,m5,SUPPORT,SUPPORT,Generalization & Application
memos_long:420,m7,SUPPORT,SUPPORT,Generalization & Application
memos_long:423,m1,SUPPORT,REFUTE,Memory Conflict
memos_long:423,m2,SUPPORT,REFUTE,Memory Conflict
memos_long:423,m8,SUPPORT,REFUTE,Memory Conflict
memos_long:423,m11,SUPPORT,REFUTE,Memory Conflict
memos_long:423,m12,SUPPORT,REFUTE,Memory Conflict
memos_long:424,m1,SUPPORT,REFUTE,Memory Conflict
memos_long:424,m2,SUPPORT,REFUTE,Memory Conflict
memos_long:424,m5,SUPPORT,REFUTE,Memory Conflict
memos_long:425,m11,SUPPORT,SUPPORT,Generalization & Application
memos_long:426,m1,SUPPORT,INSUFFICIENT,Memory Conflict
memos_long:426,m4,SUPPORT,INSUFFICIENT,Memory Conflict
memos_long:426,m7,SUPPORT,INSUFFICIENT,Memory Conflict
memos_long:426,m12,SUPPORT,INSUFFICIENT,Memory Conflict
memos_long:427,m9,SUPPORT,INSUFFICIENT,Memory Conflict
memos_long:431,m5,SUPPORT,REFUTE,Memory Conflict
memos_long:432,m1,SUPPORT,REFUTE,Memory Conflict
memos_long:432,m7,SUPPORT,REFUTE,Memory Conflict
memos_long:433,m3,SUPPORT,SUPPORT,Multi-hop Inference
memos_long:433,m7,SUPPORT,SUPPORT,Multi-hop Inference
memos_long:434,m1,SUPPORT,SUPPORT,Multi-hop Inference
memos_long:437,m1,SUPPORT,REFUTE,Memory Conflict
memos_long:437,m5,SUPPORT,REFUTE,Memory Conflict
memos_long:437,m11,SUPPORT,INSUFFICIENT,Memory Conflict
memos_long:438,m1,SUPPORT,SUPPORT,Basic Fact Recall
memos_long:439,m2,SUPPORT,SUPPORT,Generalization & Application
memos_long:439,m12,SUPPORT,SUPPORT,Generalization & Application
memos_long:442,m1,SUPPORT,SUPPORT,Basic Fact Recall
memos_long:442,m2,SUPPORT,SUPPORT,Basic Fact Recall
memos_long:443,m2,SUPPORT,SUPPORT,Basic Fact Recall
memos_long:443,m3,SUPPORT,SUPPORT,Basic Fact Recall
memos_long:443,m7,SUPPORT,SUPPORT,Basic Fact Recall
memos_long:443,m12,SUPPORT,SUPPORT,Basic Fact Recall
memos_long:444,m3,SUPPORT,SUPPORT,Generalization & Application
memos_long:444,m5,SUPPORT,SUPPORT,Generalization & Application
memos_long:444,m6,SUPPORT,SUPPORT,Generalization & Application
memos_long:446,m3,SUPPORT,REFUTE,Memory Conflict
memos_long:446,m4,SUPPORT,REFUTE,Memory Conflict
memos_long:446,m8,SUPPORT,REFUTE,Memory Conflict
memos_long:447,m1,SUPPORT,INSUFFICIENT,Memory Conflict
memos_long:447,m2,SUPPORT,INSUFFICIENT,Memory Conflict
memos_long:447,m3,SUPPORT,INSUFFICIENT,Memory Conflict
memos_long:447,m4,SUPPORT,REFUTE,Memory Conflict
memos_long:448,m3,SUPPORT,SUPPORT,Generalization & Application
memos_long:448,m4,SUPPORT,SUPPORT,Generalization & Application
memos_long:448,m11,SUPPORT,SUPPORT,Generalization & Application
memos_long:449,m1,SUPPORT,SUPPORT,Basic Fact Recall
memos_long:452,m5,SUPPORT,SUPPORT,Generalization & Application
memos_long:452,m7,SUPPORT,SUPPORT,Generalization & Application
memos_long:452,m8,SUPPORT,SUPPORT,Generalization & Application
memos_long:453,m4,SUPPORT,INSUFFICIENT,Memory Conflict
memos_long:453,m8,SUPPORT,INSUFFICIENT,Memory Conflict
memos_long:455,m1,SUPPORT,SUPPORT,Generalization & Application
memos_long:455,m2,SUPPORT,SUPPORT,Generalization & Application
memos_long:455,m3,SUPPORT,SUPPORT,Generalization & Application
memos_long:461,m4,SUPPORT,SUPPORT,Generalization & Application
memos_long:462,m3,SUPPORT,SUPPORT,Generalization & Application
memos_long:463,m1,SUPPORT,SUPPORT,Generalization & Application
memos_long:463,m6,SUPPORT,SUPPORT,Generalization & Application
memos_long:464,m1,SUPPORT,SUPPORT,Generalization & Application
memos_long:464,m5,SUPPORT,SUPPORT,Generalization & Application
memos_long:465,m3,SUPPORT,SUPPORT,Basic Fact Recall
memos_long:467,m1,SUPPORT,REFUTE,Memory Conflict
memos_long:467,m2,SUPPORT,REFUTE,Memory Conflict
memos_long:467,m5,SUPPORT,REFUTE,Memory Conflict
memos_long:467,m8,SUPPORT,REFUTE,Memory Conflict
memos_long:467,m9,SUPPORT,REFUTE,Memory Conflict
memos_long:468,m3,SUPPORT,REFUTE,Memory Conflict
memos_long:469,m2,SUPPORT,SUPPORT,Generalization & Application
memos_long:470,m4,SUPPORT,SUPPORT,Basic Fact Recall
memos_long:470,m5,SUPPORT,SUPPORT,Basic Fact Recall
memos_long:470,m8,SUPPORT,INSUFFICIENT,Basic Fact Recall
memos_long:470,m12,SUPPORT,SUPPORT,Basic Fact Recall
memos_long:473,m2,SUPPORT,INSUFFICIENT,Generalization & Application
memos_long:474,m8,SUPPORT,SUPPORT,Basic Fact Recall
memos_long:476,m7,SUPPORT,SUPPORT,Generalization & Application
memos_long:476,m9,SUPPORT,SUPPORT,Generalization & Application
memos_long:477,m6,SUPPORT,SUPPORT,Generalization & Application
memos_long:478,m3,SUPPORT,REFUTE,Memory Conflict
memos_long:478,m7,SUPPORT,REFUTE,Memory Conflict
memos_long:481,m1,SUPPORT,SUPPORT,Basic Fact Recall
memos_long:481,m5,SUPPORT,SUPPORT,Basic Fact Recall
memos_long:483,m1,SUPPORT,SUPPORT,Multi-hop Inference
memos_long:484,m4,SUPPORT,SUPPORT,Basic Fact Recall
memos_long:485,m1,SUPPORT,SUPPORT,Basic Fact Recall
memos_long:485,m4,SUPPORT,SUPPORT,Basic Fact Recall
memos_long:486,m1,SUPPORT,SUPPORT,Basic Fact Recall
memos_long:486,m5,SUPPORT,SUPPORT,Basic Fact Recall
memos_long:487,m1,SUPERSEDED,SUPERSEDED,Dynamic Update
memos_long:487,m2,SUPERSEDED,SUPERSEDED,Dynamic Update
memos_long:487,m3,SUPERSEDED,CURRENT,Dynamic Update
memos_long:487,m4,SUPERSEDED,CURRENT,Dynamic Update
memos_long:487,m5,SUPERSEDED,INSUFFICIENT,Dynamic Update
memos_long:487,m6,SUPERSEDED,INSUFFICIENT,Dynamic Update
memos_long:487,m7,SUPERSEDED,INSUFFICIENT,Dynamic Update
memos_long:487,m8,SUPERSEDED,INSUFFICIENT,Dynamic Update
memos_long:487,m9,SUPERSEDED,INSUFFICIENT,Dynamic Update
memos_long:487,m10,SUPERSEDED,INSUFFICIENT,Dynamic Update
memos_long:487,m11,SUPERSEDED,INSUFFICIENT,Dynamic Update
memos_long:488,m1,SUPPORT,SUPERSEDED,Dynamic Update
memos_long:488,m2,SUPERSEDED,SUPPORT,Dynamic Update
memos_long:488,m3,SUPERSEDED,SUPERSEDED,Dynamic Update
memos_long:488,m4,SUPERSEDED,SUPERSEDED,Dynamic Update
memos_long:488,m5,SUPERSEDED,SUPERSEDED,Dynamic Update
memos_long:488,m6,SUPERSEDED,INSUFFICIENT,Dynamic Update
memos_long:490,m1,SUPPORT,REFUTE,Memory Conflict
memos_long:490,m6,SUPPORT,REFUTE,Memory Conflict
memos_long:491,m3,SUPPORT,SUPPORT,Basic Fact Recall
memos_long:491,m5,SUPPORT,SUPPORT,Basic Fact Recall
memos_long:492,m1,SUPPORT,REFUTE,Memory Conflict
memos_long:492,m3,SUPPORT,REFUTE,Memory Conflict
memos_long:493,m3,SUPPORT,SUPPORT,Generalization & Application
memos_long:494,m3,SUPPORT,SUPPORT,Basic Fact Recall
memos_long:497,m1,SUPPORT,INSUFFICIENT,Generalization & Application
memos_long:497,m4,SUPPORT,SUPPORT,Generalization & Application
memos_long:498,m1,SUPPORT,REFUTE,Memory Conflict
memos_long:498,m2,SUPPORT,REFUTE,Memory Conflict
memos_long:499,m1,SUPPORT,SUPPORT,Basic Fact Recall
memos_long:499,m2,SUPPORT,SUPPORT,Basic Fact Recall
memos_long:500,m1,SUPPORT,REFUTE,Memory Conflict
memos_long:500,m2,SUPPORT,REFUTE,Memory Conflict
memos_long:500,m3,SUPPORT,REFUTE,Memory Conflict
memos_long:500,m4,SUPPORT,REFUTE,Memory Conflict
memos_long:500,m5,SUPPORT,REFUTE,Memory Conflict
memos_long:500,m11,SUPPORT,REFUTE,Memory Conflict
memos_long:500,m12,SUPPORT,REFUTE,Memory Conflict
memos_long:502,m1,SUPPORT,SUPPORT,Basic Fact Recall
memos_long:502,m2,SUPPORT,SUPPORT,Basic Fact Recall
memos_long:502,m3,SUPPORT,SUPPORT,Basic Fact Recall
memos_long:502,m4,SUPPORT,SUPPORT,Basic Fact Recall
memos_long:502,m5,SUPPORT,SUPPORT,Basic Fact Recall
memos_long:502,m9,SUPPORT,SUPPORT,Basic Fact Recall
memos_long:503,m2,SUPPORT,SUPPORT,Basic Fact Recall
memos_long:503,m5,SUPPORT,SUPPORT,Basic Fact Recall
memos_long:503,m7,SUPPORT,SUPPORT,Basic Fact Recall
memos_long:503,m12,SUPPORT,SUPPORT,Basic Fact Recall
memos_long:505,m1,SUPPORT,SUPPORT,Generalization & Application
memos_long:505,m7,SUPPORT,SUPPORT,Generalization & Application
memos_long:506,m5,SUPPORT,INSUFFICIENT,Memory Conflict
memos_long:516,m6,SUPPORT,SUPPORT,Multi-hop Inference
memos_long:517,m1,SUPPORT,SUPPORT,Multi-hop Inference
memos_long:517,m2,SUPPORT,CURRENT,Multi-hop Inference
memos_long:517,m7,SUPPORT,SUPPORT,Multi-hop Inference
memos_long:518,m1,SUPPORT,SUPPORT,Multi-hop Inference
memos_long:518,m3,SUPPORT,SUPPORT,Multi-hop Inference
memos_long:519,m3,SUPPORT,INSUFFICIENT,Basic Fact Recall
memos_long:521,m3,SUPPORT,SUPPORT,Basic Fact Recall
memos_long:523,m1,SUPPORT,SUPPORT,Basic Fact Recall
memos_long:523,m2,SUPPORT,SUPPORT,Basic Fact Recall
memos_long:524,m1,SUPPORT,REFUTE,Memory Conflict
memos_long:524,m2,SUPPORT,REFUTE,Memory Conflict
memos_long:527,m2,SUPPORT,INSUFFICIENT,Memory Conflict
memos_long:531,m1,SUPPORT,INSUFFICIENT,Basic Fact Recall
memos_long:531,m2,SUPPORT,SUPPORT,Basic Fact Recall
memos_long:532,m1,SUPPORT,SUPPORT,Basic Fact Recall
memos_long:532,m2,SUPPORT,SUPPORT,Basic Fact Recall
memos_long:532,m3,SUPPORT,SUPPORT,Basic Fact Recall
memos_long:533,m7,SUPPORT,SUPPORT,Multi-hop Inference
memos_long:533,m8,SUPPORT,INSUFFICIENT,Multi-hop Inference
memos_long:533,m9,SUPPORT,SUPPORT,Multi-hop Inference
memos_long:533,m12,SUPPORT,SUPPORT,Multi-hop Inference
memos_long:535,m3,SUPPORT,SUPPORT,Multi-hop Inference
memos_long:538,m1,SUPPORT,SUPPORT,Generalization & Application
memos_long:538,m8,SUPPORT,SUPPORT,Generalization & Application
memos_long:540,m7,SUPPORT,SUPPORT,Generalization & Application
memos_long:541,m1,SUPPORT,SUPPORT,Generalization & Application
memos_long:541,m3,SUPPORT,CURRENT,Generalization & Application
memos_long:541,m4,SUPPORT,SUPPORT,Generalization & Application
memos_long:541,m7,SUPPORT,SUPPORT,Generalization & Application
memos_long:541,m8,SUPPORT,SUPPORT,Generalization & Application
memos_long:541,m11,SUPPORT,SUPPORT,Generalization & Application
memos_long:542,m3,SUPPORT,SUPPORT,Generalization & Application
memos_long:549,m6,SUPPORT,SUPPORT,Generalization & Application
memos_long:550,m3,SUPPORT,SUPPORT,Basic Fact Recall
memos_long:550,m4,SUPPORT,SUPPORT,Basic Fact Recall
memos_long:551,m1,SUPPORT,REFUTE,Memory Conflict
memos_long:551,m2,SUPPORT,REFUTE,Memory Conflict
memos_long:551,m11,SUPPORT,REFUTE,Memory Conflict
memos_long:552,m4,SUPPORT,REFUTE,Memory Conflict
memos_long:555,m1,SUPPORT,REFUTE,Memory Conflict
memos_long:555,m4,SUPPORT,REFUTE,Memory Conflict
memos_long:555,m7,SUPPORT,REFUTE,Memory Conflict
memos_long:555,m8,SUPPORT,REFUTE,Memory Conflict
memos_long:557,m5,SUPPORT,SUPPORT,Generalization & Application
memos_long:558,m11,SUPPORT,SUPPORT,Generalization & Application
memos_long:559,m4,SUPPORT,SUPPORT,Generalization & Application
memos_long:559,m5,SUPPORT,SUPPORT,Generalization & Application
memos_long:559,m6,SUPPORT,SUPPORT,Generalization & Application
memos_long:559,m9,SUPPORT,SUPPORT,Generalization & Application
memos_long:560,m1,SUPPORT,INSUFFICIENT,Generalization & Application
memos_long:560,m2,SUPPORT,INSUFFICIENT,Generalization & Application
memos_long:560,m3,SUPPORT,SUPPORT,Generalization & Application
memos_long:560,m6,SUPPORT,INSUFFICIENT,Generalization & Application
memos_long:560,m8,SUPPORT,INSUFFICIENT,Generalization & Application
memos_long:562,m3,SUPPORT,SUPPORT,Memory Conflict
memos_long:562,m10,SUPPORT,REFUTE,Memory Conflict
memos_long:562,m12,SUPPORT,REFUTE,Memory Conflict
memos_long:563,m4,SUPPORT,SUPPORT,Basic Fact Recall
memos_long:563,m7,SUPPORT,SUPPORT,Basic Fact Recall
memos_long:563,m12,SUPPORT,SUPPORT,Basic Fact Recall
memos_long:566,m1,SUPPORT,SUPPORT,Basic Fact Recall
memos_long:567,m1,SUPPORT,SUPPORT,Generalization & Application
memos_long:567,m3,SUPPORT,INSUFFICIENT,Generalization & Application
memos_long:567,m4,SUPPORT,INSUFFICIENT,Generalization & Application
memos_long:567,m8,SUPPORT,SUPPORT,Generalization & Application
memos_long:568,m1,SUPPORT,INSUFFICIENT,Memory Conflict
memos_long:568,m3,SUPPORT,INSUFFICIENT,Memory Conflict
memos_long:568,m10,SUPPORT,INSUFFICIENT,Memory Conflict
memos_long:569,m1,SUPPORT,SUPPORT,Dynamic Update
memos_long:569,m2,SUPERSEDED,INSUFFICIENT,Dynamic Update
memos_long:569,m3,SUPERSEDED,INSUFFICIENT,Dynamic Update
memos_long:569,m4,SUPERSEDED,INSUFFICIENT,Dynamic Update
memos_long:569,m5,SUPERSEDED,INSUFFICIENT,Dynamic Update
memos_long:569,m6,SUPPORT,SUPPORT,Dynamic Update
memos_long:569,m7,SUPERSEDED,INSUFFICIENT,Dynamic Update
memos_long:569,m8,SUPERSEDED,INSUFFICIENT,Dynamic Update
memos_long:569,m9,SUPERSEDED,INSUFFICIENT,Dynamic Update
memos_long:569,m10,SUPERSEDED,INSUFFICIENT,Dynamic Update
memos_long:569,m11,SUPERSEDED,INSUFFICIENT,Dynamic Update
memos_long:569,m12,SUPERSEDED,INSUFFICIENT,Dynamic Update
memos_long:571,m1,SUPPORT,SUPPORT,Dynamic Update
memos_long:571,m2,SUPERSEDED,INSUFFICIENT,Dynamic Update
memos_long:571,m3,SUPERSEDED,INSUFFICIENT,Dynamic Update
memos_long:571,m4,SUPERSEDED,INSUFFICIENT,Dynamic Update
memos_long:571,m5,SUPPORT,SUPPORT,Dynamic Update
memos_long:571,m6,SUPERSEDED,INSUFFICIENT,Dynamic Update
memos_long:571,m7,SUPERSEDED,INSUFFICIENT,Dynamic Update
memos_long:571,m8,SUPERSEDED,INSUFFICIENT,Dynamic Update
memos_long:571,m9,SUPERSEDED,INSUFFICIENT,Dynamic Update
memos_long:571,m10,SUPERSEDED,INSUFFICIENT,Dynamic Update
memos_long:571,m11,SUPERSEDED,INSUFFICIENT,Dynamic Update
memos_long:571,m12,SUPERSEDED,INSUFFICIENT,Dynamic Update
memos_long:572,m1,SUPPORT,SUPPORT,Dynamic Update
memos_long:572,m2,SUPPORT,SUPPORT,Dynamic Update
memos_long:572,m3,SUPERSEDED,SUPPORT,Dynamic Update
memos_long:572,m4,SUPERSEDED,SUPPORT,Dynamic Update
memos_long:572,m5,SUPERSEDED,INSUFFICIENT,Dynamic Update
memos_long:572,m6,SUPERSEDED,INSUFFICIENT,Dynamic Update
memos_long:572,m7,SUPPORT,SUPPORT,Dynamic Update
memos_long:572,m8,SUPERSEDED,INSUFFICIENT,Dynamic Update
memos_long:572,m9,SUPERSEDED,INSUFFICIENT,Dynamic Update
memos_long:572,m10,SUPERSEDED,INSUFFICIENT,Dynamic Update
memos_long:572,m11,SUPERSEDED,SUPPORT,Dynamic Update
memos_long:572,m12,SUPERSEDED,SUPPORT,Dynamic Update
memos_long:573,m1,SUPPORT,SUPPORT,Dynamic Update
memos_long:573,m2,SUPPORT,SUPPORT,Dynamic Update
memos_long:573,m3,SUPERSEDED,INSUFFICIENT,Dynamic Update
memos_long:573,m4,SUPERSEDED,INSUFFICIENT,Dynamic Update
memos_long:573,m5,SUPERSEDED,INSUFFICIENT,Dynamic Update
memos_long:573,m6,SUPERSEDED,INSUFFICIENT,Dynamic Update
memos_long:573,m7,SUPERSEDED,INSUFFICIENT,Dynamic Update
memos_long:573,m8,SUPERSEDED,INSUFFICIENT,Dynamic Update
memos_long:573,m9,SUPERSEDED,INSUFFICIENT,Dynamic Update
memos_long:573,m10,SUPPORT,INSUFFICIENT,Dynamic Update
memos_long:573,m11,SUPERSEDED,INSUFFICIENT,Dynamic Update
memos_long:573,m12,SUPERSEDED,INSUFFICIENT,Dynamic Update
memos_long:574,m1,SUPPORT,SUPPORT,Dynamic Update
memos_long:574,m2,SUPPORT,INSUFFICIENT,Dynamic Update
memos_long:574,m3,SUPERSEDED,INSUFFICIENT,Dynamic Update
memos_long:574,m4,SUPPORT,SUPPORT,Dynamic Update
memos_long:574,m5,SUPERSEDED,INSUFFICIENT,Dynamic Update
memos_long:574,m6,SUPERSEDED,INSUFFICIENT,Dynamic Update
memos_long:574,m7,SUPPORT,INSUFFICIENT,Dynamic Update
memos_long:574,m8,SUPERSEDED,INSUFFICIENT,Dynamic Update
memos_long:574,m9,SUPERSEDED,INSUFFICIENT,Dynamic Update
memos_long:574,m10,SUPERSEDED,INSUFFICIENT,Dynamic Update
memos_long:574,m11,SUPPORT,INSUFFICIENT,Dynamic Update
memos_long:574,m12,SUPERSEDED,INSUFFICIENT,Dynamic Update
memos_long:575,m1,SUPPORT,SUPPORT,Generalization & Application
memos_long:575,m3,SUPPORT,SUPPORT,Generalization & Application
memos_long:575,m4,SUPPORT,SUPPORT,Generalization & Application
memos_long:575,m6,SUPPORT,SUPPORT,Generalization & Application
memos_long:575,m7,SUPPORT,SUPPORT,Generalization & Application
memos_long:575,m9,SUPPORT,SUPPORT,Generalization & Application
memos_long:575,m12,SUPPORT,SUPPORT,Generalization & Application
memos_long:576,m1,SUPPORT,SUPPORT,Generalization & Application
memos_long:576,m5,SUPPORT,SUPPORT,Generalization & Application
memos_long:576,m8,SUPPORT,SUPPORT,Generalization & Application
memos_long:576,m9,SUPPORT,SUPPORT,Generalization & Application
memos_long:577,m1,SUPPORT,SUPPORT,Generalization & Application
memos_long:577,m10,SUPPORT,SUPPORT,Generalization & Application
memos_long:577,m11,SUPPORT,SUPPORT,Generalization & Application
memos_long:579,m1,SUPPORT,SUPPORT,Basic Fact Recall
memos_long:580,m1,SUPPORT,SUPPORT,Generalization & Application
memos_long:580,m2,SUPPORT,SUPPORT,Generalization & Application
memos_long:580,m3,SUPPORT,SUPPORT,Generalization & Application
memos_long:580,m4,SUPPORT,SUPPORT,Generalization & Application
memos_long:580,m7,SUPPORT,SUPPORT,Generalization & Application
memos_long:580,m11,SUPPORT,SUPPORT,Generalization & Application
memos_long:580,m12,SUPPORT,SUPPORT,Generalization & Application
memos_long:581,m1,SUPPORT,REFUTE,Memory Conflict
memos_long:581,m3,SUPPORT,REFUTE,Memory Conflict
memos_long:581,m5,SUPPORT,REFUTE,Memory Conflict
memos_long:581,m9,SUPPORT,REFUTE,Memory Conflict
memos_long:581,m11,SUPPORT,REFUTE,Memory Conflict
memos_long:582,m2,SUPPORT,SUPPORT,Basic Fact Recall
memos_long:583,m6,SUPPORT,SUPPORT,Generalization & Application
memos_long:585,m1,SUPPORT,REFUTE,Memory Conflict
memos_long:585,m2,SUPPORT,REFUTE,Memory Conflict
memos_long:585,m7,SUPPORT,REFUTE,Memory Conflict
memos_long:587,m1,SUPPORT,SUPPORT,Memory Conflict
memos_long:588,m6,SUPPORT,SUPPORT,Generalization & Application
memos_long:589,m5,SUPPORT,SUPPORT,Generalization & Application
memos_long:589,m10,SUPPORT,INSUFFICIENT,Generalization & Application
memos_long:590,m6,SUPPORT,INSUFFICIENT,Generalization & Application
memos_long:590,m7,SUPPORT,SUPPORT,Generalization & Application
memos_long:590,m8,SUPPORT,SUPPORT,Generalization & Application
memos_long:591,m1,SUPPORT,SUPPORT,Generalization & Application
memos_long:591,m3,SUPPORT,SUPPORT,Generalization & Application
memos_long:598,m3,SUPPORT,REFUTE,Memory Conflict
memos_long:601,m2,SUPPORT,REFUTE,Memory Conflict
memos_long:601,m8,SUPPORT,REFUTE,Memory Conflict
memos_long:601,m9,SUPPORT,REFUTE,Memory Conflict
memos_long:601,m12,SUPPORT,REFUTE,Memory Conflict
memos_long:606,m1,SUPPORT,SUPPORT,Generalization & Application
memos_long:607,m1,SUPPORT,SUPPORT,Basic Fact Recall
memos_long:607,m2,SUPPORT,SUPPORT,Basic Fact Recall
memos_long:607,m3,SUPPORT,INSUFFICIENT,Basic Fact Recall
memos_long:607,m4,SUPPORT,INSUFFICIENT,Basic Fact Recall
memos_long:608,m1,SUPPORT,SUPPORT,Basic Fact Recall
memos_long:608,m2,SUPPORT,SUPPORT,Basic Fact Recall
memos_long:608,m4,SUPPORT,SUPPORT,Basic Fact Recall
memos_long:608,m5,SUPPORT,SUPPORT,Basic Fact Recall
memos_long:608,m6,SUPPORT,SUPPORT,Basic Fact Recall
memos_long:610,m1,SUPPORT,SUPPORT,Generalization & Application
memos_long:610,m3,SUPPORT,SUPPORT,Generalization & Application
memos_long:610,m9,SUPPORT,SUPPORT,Generalization & Application
memos_long:611,m1,SUPPORT,INSUFFICIENT,Memory Conflict
memos_long:611,m2,SUPPORT,REFUTE,Memory Conflict
memos_long:611,m6,SUPPORT,REFUTE,Memory Conflict
memos_long:611,m10,SUPPORT,REFUTE,Memory Conflict
memos_long:612,m1,SUPPORT,REFUTE,Memory Conflict
memos_long:615,m1,SUPERSEDED,SUPPORT,Dynamic Update
memos_long:615,m2,SUPERSEDED,INSUFFICIENT,Dynamic Update
memos_long:615,m3,SUPERSEDED,INSUFFICIENT,Dynamic Update
memos_long:615,m4,SUPERSEDED,INSUFFICIENT,Dynamic Update
memos_long:615,m5,SUPERSEDED,INSUFFICIENT,Dynamic Update
memos_long:615,m6,SUPERSEDED,INSUFFICIENT,Dynamic Update
memos_long:615,m7,SUPERSEDED,INSUFFICIENT,Dynamic Update
memos_long:615,m8,SUPERSEDED,INSUFFICIENT,Dynamic Update
memos_long:615,m9,SUPERSEDED,INSUFFICIENT,Dynamic Update
memos_long:615,m10,SUPERSEDED,INSUFFICIENT,Dynamic Update
memos_long:615,m11,SUPERSEDED,INSUFFICIENT,Dynamic Update
memos_long:615,m12,SUPERSEDED,INSUFFICIENT,Dynamic Update
memos_long:616,m1,SUPPORT,INSUFFICIENT,Multi-hop Inference
memos_long:616,m2,SUPPORT,INSUFFICIENT,Multi-hop Inference
memos_long:616,m3,SUPPORT,INSUFFICIENT,Multi-hop Inference
memos_long:616,m4,SUPPORT,INSUFFICIENT,Multi-hop Inference
memos_long:618,m1,SUPPORT,SUPPORT,Multi-hop Inference
memos_long:619,m1,SUPPORT,SUPPORT,Generalization & Application
memos_long:619,m5,SUPPORT,SUPPORT,Generalization & Application
memos_long:620,m1,SUPPORT,SUPPORT,Generalization & Application
memos_long:621,m1,SUPPORT,SUPPORT,Basic Fact Recall
memos_long:621,m2,SUPPORT,SUPPORT,Basic Fact Recall
memos_long:621,m3,SUPPORT,SUPPORT,Basic Fact Recall
memos_long:621,m4,SUPPORT,SUPPORT,Basic Fact Recall
memos_long:621,m5,SUPPORT,SUPPORT,Basic Fact Recall
memos_long:623,m5,SUPPORT,SUPPORT,Generalization & Application
memos_long:624,m3,SUPPORT,SUPPORT,Basic Fact Recall
memos_long:624,m12,SUPPORT,SUPPORT,Basic Fact Recall
memos_long:627,m1,SUPPORT,REFUTE,Memory Conflict
memos_long:627,m2,SUPPORT,REFUTE,Memory Conflict
memos_long:627,m3,SUPPORT,REFUTE,Memory Conflict
memos_long:627,m4,SUPPORT,REFUTE,Memory Conflict
memos_long:627,m5,SUPPORT,REFUTE,Memory Conflict
memos_long:629,m6,SUPPORT,SUPPORT,Basic Fact Recall
memos_long:631,m5,SUPPORT,SUPPORT,Generalization & Application
memos_long:632,m1,SUPPORT,SUPPORT,Generalization & Application
memos_long:632,m7,SUPPORT,SUPPORT,Generalization & Application
memos_long:632,m8,SUPPORT,SUPPORT,Generalization & Application
memos_long:632,m12,SUPPORT,SUPPORT,Generalization & Application
memos_long:633,m6,SUPPORT,SUPPORT,Memory Conflict
memos_long:634,m1,SUPPORT,REFUTE,Memory Conflict
memos_long:634,m2,SUPPORT,REFUTE,Memory Conflict
memos_long:634,m3,SUPPORT,REFUTE,Memory Conflict
memos_long:634,m4,SUPPORT,REFUTE,Memory Conflict
memos_long:634,m5,SUPPORT,REFUTE,Memory Conflict
memos_long:634,m6,SUPPORT,REFUTE,Memory Conflict
memos_long:637,m4,SUPPORT,INSUFFICIENT,Memory Conflict
memos_long:637,m7,SUPPORT,INSUFFICIENT,Memory Conflict
memos_long:637,m11,SUPPORT,INSUFFICIENT,Memory Conflict
memos_long:638,m3,SUPPORT,INSUFFICIENT,Memory Conflict
memos_long:638,m7,SUPPORT,INSUFFICIENT,Memory Conflict
memos_long:639,m4,SUPPORT,SUPPORT,Generalization & Application
memos_long:639,m7,SUPPORT,SUPPORT,Generalization & Application
memos_long:639,m10,SUPPORT,SUPPORT,Generalization & Application
memos_long:642,m1,SUPPORT,REFUTE,Memory Conflict
memos_long:645,m1,SUPPORT,REFUTE,Memory Conflict
memos_long:645,m3,SUPPORT,REFUTE,Memory Conflict
memos_long:645,m7,SUPPORT,REFUTE,Memory Conflict
memos_long:647,m1,SUPPORT,REFUTE,Memory Conflict
memos_long:647,m5,SUPPORT,REFUTE,Memory Conflict
memos_long:647,m6,SUPPORT,REFUTE,Memory Conflict
memos_long:650,m3,SUPPORT,SUPPORT,Generalization & Application
memos_long:651,m2,SUPPORT,SUPPORT,Generalization & Application
memos_long:652,m1,SUPPORT,SUPPORT,Multi-hop Inference
memos_long:652,m2,SUPPORT,SUPPORT,Multi-hop Inference
memos_long:652,m4,SUPPORT,SUPPORT,Multi-hop Inference
memos_long:652,m8,SUPPORT,SUPPORT,Multi-hop Inference
memos_long:652,m9,SUPPORT,SUPPORT,Multi-hop Inference
memos_long:652,m12,SUPPORT,SUPPORT,Multi-hop Inference
memos_long:653,m1,SUPPORT,SUPPORT,Multi-hop Inference
memos_long:654,m1,SUPPORT,SUPPORT,Generalization & Application
memos_long:654,m2,SUPPORT,SUPPORT,Generalization & Application
memos_long:654,m3,SUPPORT,SUPPORT,Generalization & Application
memos_long:657,m1,SUPERSEDED,SUPPORT,Dynamic Update
memos_long:657,m2,SUPERSEDED,SUPPORT,Dynamic Update
memos_long:657,m3,SUPERSEDED,SUPPORT,Dynamic Update
memos_long:657,m4,SUPPORT,SUPPORT,Dynamic Update
memos_long:657,m5,SUPERSEDED,INSUFFICIENT,Dynamic Update
memos_long:657,m6,SUPERSEDED,SUPERSEDED,Dynamic Update
memos_long:657,m7,SUPERSEDED,INSUFFICIENT,Dynamic Update
memos_long:657,m8,SUPERSEDED,INSUFFICIENT,Dynamic Update
memos_long:657,m9,SUPERSEDED,INSUFFICIENT,Dynamic Update
memos_long:657,m10,SUPERSEDED,INSUFFICIENT,Dynamic Update
memos_long:657,m11,SUPERSEDED,INSUFFICIENT,Dynamic Update
memos_long:657,m12,SUPERSEDED,INSUFFICIENT,Dynamic Update
memos_long:659,m1,SUPPORT,REFUTE,Memory Conflict
memos_long:659,m2,SUPPORT,REFUTE,Memory Conflict
memos_long:659,m7,SUPPORT,REFUTE,Memory Conflict
memos_long:661,m2,SUPPORT,SUPPORT,Generalization & Application
memos_long:661,m3,SUPPORT,SUPPORT,Generalization & Application
memos_long:664,m1,SUPPORT,SUPPORT,Generalization & Application
memos_long:664,m6,SUPPORT,SUPPORT,Generalization & Application
memos_long:665,m2,SUPPORT,REFUTE,Memory Conflict
memos_long:665,m7,SUPPORT,INSUFFICIENT,Memory Conflict
memos_long:665,m8,SUPPORT,INSUFFICIENT,Memory Conflict
memos_long:665,m9,SUPPORT,INSUFFICIENT,Memory Conflict
memos_long:665,m10,SUPPORT,INSUFFICIENT,Memory Conflict
memos_long:666,m1,SUPPORT,SUPPORT,Basic Fact Recall
memos_long:666,m2,SUPPORT,SUPPORT,Basic Fact Recall
memos_long:666,m12,SUPPORT,SUPPORT,Basic Fact Recall
memos_long:668,m1,SUPPORT,REFUTE,Memory Conflict
memos_long:668,m3,SUPPORT,REFUTE,Memory Conflict
memos_long:668,m6,SUPPORT,INSUFFICIENT,Memory Conflict
memos_long:668,m8,SUPPORT,INSUFFICIENT,Memory Conflict
memos_long:668,m9,SUPPORT,REFUTE,Memory Conflict
memos_long:669,m1,SUPPORT,SUPPORT,Basic Fact Recall
memos_long:669,m2,SUPPORT,SUPPORT,Basic Fact Recall
memos_long:670,m1,SUPPORT,SUPPORT,Generalization & Application
memos_long:670,m2,SUPPORT,SUPPORT,Generalization & Application
memos_long:670,m3,SUPPORT,SUPPORT,Generalization & Application
memos_long:674,m6,SUPPORT,REFUTE,Memory Conflict
memos_long:675,m1,SUPPORT,REFUTE,Memory Conflict
memos_long:676,m1,SUPPORT,REFUTE,Memory Conflict
memos_long:676,m7,SUPPORT,REFUTE,Memory Conflict
memos_long:677,m1,SUPERSEDED,INSUFFICIENT,Dynamic Update
memos_long:677,m2,SUPERSEDED,INSUFFICIENT,Dynamic Update
memos_long:677,m3,SUPERSEDED,SUPPORT,Dynamic Update
memos_long:677,m4,SUPERSEDED,INSUFFICIENT,Dynamic Update
memos_long:677,m5,SUPERSEDED,INSUFFICIENT,Dynamic Update
memos_long:677,m6,SUPPORT,SUPPORT,Dynamic Update
memos_long:677,m7,SUPERSEDED,INSUFFICIENT,Dynamic Update
memos_long:677,m8,SUPERSEDED,INSUFFICIENT,Dynamic Update
memos_long:677,m9,SUPERSEDED,INSUFFICIENT,Dynamic Update
memos_long:677,m10,SUPERSEDED,INSUFFICIENT,Dynamic Update
memos_long:677,m11,SUPERSEDED,INSUFFICIENT,Dynamic Update
memos_long:677,m12,SUPERSEDED,INSUFFICIENT,Dynamic Update
memos_long:678,m1,SUPERSEDED,INSUFFICIENT,Dynamic Update
memos_long:678,m2,SUPERSEDED,INSUFFICIENT,Dynamic Update
memos_long:678,m3,SUPERSEDED,INSUFFICIENT,Dynamic Update
memos_long:678,m4,SUPERSEDED,SUPPORT,Dynamic Update
memos_long:678,m5,SUPERSEDED,INSUFFICIENT,Dynamic Update
memos_long:678,m6,SUPERSEDED,INSUFFICIENT,Dynamic Update
memos_long:678,m7,SUPERSEDED,INSUFFICIENT,Dynamic Update
memos_long:678,m8,SUPERSEDED,INSUFFICIENT,Dynamic Update
memos_long:678,m9,SUPERSEDED,INSUFFICIENT,Dynamic Update
memos_long:678,m10,SUPERSEDED,INSUFFICIENT,Dynamic Update
memos_long:678,m11,SUPERSEDED,INSUFFICIENT,Dynamic Update
memos_long:678,m12,SUPERSEDED,INSUFFICIENT,Dynamic Update
memos_long:680,m1,SUPERSEDED,SUPPORT,Dynamic Update
memos_long:680,m2,SUPERSEDED,SUPPORT,Dynamic Update
memos_long:680,m3,SUPERSEDED,SUPERSEDED,Dynamic Update
memos_long:680,m4,SUPERSEDED,SUPERSEDED,Dynamic Update
memos_long:680,m5,SUPERSEDED,INSUFFICIENT,Dynamic Update
memos_long:680,m6,SUPERSEDED,SUPPORT,Dynamic Update
memos_long:680,m7,SUPERSEDED,INSUFFICIENT,Dynamic Update
memos_long:680,m8,SUPERSEDED,INSUFFICIENT,Dynamic Update
memos_long:680,m9,SUPERSEDED,INSUFFICIENT,Dynamic Update
memos_long:680,m10,SUPERSEDED,INSUFFICIENT,Dynamic Update
memos_long:680,m11,SUPERSEDED,INSUFFICIENT,Dynamic Update
memos_long:680,m12,SUPERSEDED,SUPPORT,Dynamic Update
memos_long:681,m1,SUPPORT,SUPPORT,Dynamic Update
memos_long:681,m2,SUPERSEDED,INSUFFICIENT,Dynamic Update
memos_long:681,m3,SUPERSEDED,INSUFFICIENT,Dynamic Update
memos_long:681,m4,SUPERSEDED,INSUFFICIENT,Dynamic Update
memos_long:681,m5,SUPERSEDED,INSUFFICIENT,Dynamic Update
memos_long:681,m6,SUPERSEDED,INSUFFICIENT,Dynamic Update
memos_long:681,m7,SUPERSEDED,INSUFFICIENT,Dynamic Update
memos_long:681,m8,SUPERSEDED,INSUFFICIENT,Dynamic Update
memos_long:681,m9,SUPERSEDED,INSUFFICIENT,Dynamic Update
memos_long:681,m10,SUPERSEDED,INSUFFICIENT,Dynamic Update
memos_long:681,m11,SUPERSEDED,INSUFFICIENT,Dynamic Update
memos_long:681,m12,SUPERSEDED,INSUFFICIENT,Dynamic Update
memos_long:684,m7,SUPPORT,REFUTE,Memory Conflict
memos_long:688,m2,SUPPORT,REFUTE,Memory Conflict
memos_long:688,m11,SUPPORT,REFUTE,Memory Conflict
memos_long:689,m1,SUPPORT,SUPPORT,Basic Fact Recall
memos_long:689,m11,SUPPORT,INSUFFICIENT,Basic Fact Recall
memos_long:690,m2,SUPPORT,SUPPORT,Basic Fact Recall
memos_long:696,m1,SUPPORT,SUPPORT,Multi-hop Inference
memos_long:696,m2,SUPPORT,SUPPORT,Multi-hop Inference
memos_long:696,m3,SUPPORT,SUPPORT,Multi-hop Inference
memos_long:696,m4,SUPPORT,SUPPORT,Multi-hop Inference
memos_long:696,m5,SUPPORT,SUPPORT,Multi-hop Inference
memos_long:697,m2,SUPPORT,SUPPORT,Multi-hop Inference
memos_long:699,m3,SUPPORT,INSUFFICIENT,Memory Conflict
memos_long:702,m1,SUPERSEDED,INSUFFICIENT,Dynamic Update
memos_long:702,m2,SUPERSEDED,CURRENT,Dynamic Update
memos_long:702,m3,SUPPORT,SUPPORT,Dynamic Update
memos_long:702,m4,SUPERSEDED,INSUFFICIENT,Dynamic Update
memos_long:702,m5,SUPERSEDED,INSUFFICIENT,Dynamic Update
memos_long:702,m6,SUPERSEDED,INSUFFICIENT,Dynamic Update
memos_long:702,m7,SUPERSEDED,INSUFFICIENT,Dynamic Update
memos_long:702,m8,SUPERSEDED,INSUFFICIENT,Dynamic Update
memos_long:702,m9,SUPERSEDED,INSUFFICIENT,Dynamic Update
memos_long:702,m10,SUPERSEDED,INSUFFICIENT,Dynamic Update
memos_long:702,m11,SUPERSEDED,INSUFFICIENT,Dynamic Update
memos_long:702,m12,SUPERSEDED,INSUFFICIENT,Dynamic Update
memos_long:708,m1,SUPPORT,REFUTE,Memory Conflict
memos_long:708,m2,SUPPORT,REFUTE,Memory Conflict
memos_long:712,m2,SUPPORT,REFUTE,Memory Conflict
memos_long:712,m7,SUPPORT,REFUTE,Memory Conflict
memos_long:713,m1,SUPPORT,REFUTE,Memory Conflict
memos_long:713,m7,SUPPORT,REFUTE,Memory Conflict
memos_long:717,m1,SUPPORT,INSUFFICIENT,Multi-hop Inference
memos_long:717,m3,SUPPORT,INSUFFICIENT,Multi-hop Inference
memos_long:717,m5,SUPPORT,INSUFFICIENT,Multi-hop Inference
memos_long:717,m11,SUPPORT,INSUFFICIENT,Multi-hop Inference
memos_long:720,m1,SUPERSEDED,INSUFFICIENT,Dynamic Update
memos_long:720,m2,SUPERSEDED,INSUFFICIENT,Dynamic Update
memos_long:720,m3,SUPERSEDED,INSUFFICIENT,Dynamic Update
memos_long:720,m4,SUPERSEDED,INSUFFICIENT,Dynamic Update
memos_long:720,m5,SUPERSEDED,INSUFFICIENT,Dynamic Update
memos_long:720,m6,SUPPORT,SUPPORT,Dynamic Update
memos_long:720,m7,SUPERSEDED,INSUFFICIENT,Dynamic Update
memos_long:720,m8,SUPERSEDED,INSUFFICIENT,Dynamic Update
memos_long:720,m9,SUPERSEDED,INSUFFICIENT,Dynamic Update
memos_long:720,m10,SUPERSEDED,INSUFFICIENT,Dynamic Update
memos_long:720,m11,SUPERSEDED,INSUFFICIENT,Dynamic Update
memos_long:720,m12,SUPERSEDED,INSUFFICIENT,Dynamic Update
memos_long:721,m1,SUPERSEDED,SUPPORT,Dynamic Update
memos_long:721,m2,SUPPORT,SUPPORT,Dynamic Update
memos_long:721,m3,SUPPORT,INSUFFICIENT,Dynamic Update
memos_long:721,m4,SUPERSEDED,SUPPORT,Dynamic Update
memos_long:721,m5,SUPERSEDED,INSUFFICIENT,Dynamic Update
memos_long:721,m6,SUPERSEDED,SUPPORT,Dynamic Update
memos_long:721,m7,SUPERSEDED,INSUFFICIENT,Dynamic Update
memos_long:721,m8,SUPERSEDED,INSUFFICIENT,Dynamic Update
memos_long:721,m9,SUPERSEDED,INSUFFICIENT,Dynamic Update
memos_long:721,m10,SUPERSEDED,INSUFFICIENT,Dynamic Update
memos_long:721,m11,SUPERSEDED,INSUFFICIENT,Dynamic Update
memos_long:722,m1,SUPPORT,SUPPORT,Dynamic Update
memos_long:722,m2,SUPERSEDED,INSUFFICIENT,Dynamic Update
memos_long:722,m3,SUPERSEDED,INSUFFICIENT,Dynamic Update
memos_long:722,m4,SUPERSEDED,INSUFFICIENT,Dynamic Update
memos_long:722,m5,SUPERSEDED,INSUFFICIENT,Dynamic Update
memos_long:722,m6,SUPERSEDED,INSUFFICIENT,Dynamic Update
memos_long:722,m7,SUPERSEDED,INSUFFICIENT,Dynamic Update
memos_long:722,m8,SUPERSEDED,INSUFFICIENT,Dynamic Update
memos_long:722,m9,SUPERSEDED,INSUFFICIENT,Dynamic Update
memos_long:722,m10,SUPERSEDED,INSUFFICIENT,Dynamic Update
memos_long:722,m11,SUPERSEDED,INSUFFICIENT,Dynamic Update
memos_long:723,m1,SUPERSEDED,SUPPORT,Dynamic Update
memos_long:723,m2,SUPPORT,SUPPORT,Dynamic Update
memos_long:723,m3,SUPPORT,SUPPORT,Dynamic Update
memos_long:723,m4,SUPERSEDED,INSUFFICIENT,Dynamic Update
memos_long:723,m5,SUPERSEDED,INSUFFICIENT,Dynamic Update
memos_long:723,m6,SUPERSEDED,INSUFFICIENT,Dynamic Update
memos_long:723,m7,SUPERSEDED,SUPPORT,Dynamic Update
memos_long:723,m8,SUPERSEDED,INSUFFICIENT,Dynamic Update
memos_long:723,m9,SUPERSEDED,INSUFFICIENT,Dynamic Update
memos_long:723,m10,SUPERSEDED,INSUFFICIENT,Dynamic Update
memos_long:723,m11,SUPPORT,SUPPORT,Dynamic Update
memos_long:723,m12,SUPERSEDED,INSUFFICIENT,Dynamic Update
memos_long:724,m1,SUPPORT,SUPPORT,Generalization & Application
memos_long:724,m4,SUPPORT,SUPPORT,Generalization & Application
memos_long:725,m6,SUPPORT,SUPPORT,Generalization & Application
memos_long:726,m3,SUPPORT,SUPPORT,Generalization & Application
memos_long:726,m4,SUPPORT,SUPPORT,Generalization & Application
memos_long:726,m5,SUPPORT,INSUFFICIENT,Generalization & Application
memos_long:729,m1,SUPPORT,SUPPORT,Generalization & Application
memos_long:731,m1,SUPPORT,SUPPORT,Basic Fact Recall
memos_long:733,m2,SUPPORT,REFUTE,Memory Conflict
memos_long:733,m7,SUPPORT,REFUTE,Memory Conflict
memos_long:734,m1,SUPPORT,SUPPORT,Generalization & Application
memos_long:734,m2,SUPPORT,SUPPORT,Generalization & Application
memos_long:734,m7,SUPPORT,SUPPORT,Generalization & Application
memos_long:735,m2,SUPPORT,SUPPORT,Generalization & Application
memos_long:735,m3,SUPPORT,SUPPORT,Generalization & Application
memos_long:738,m1,SUPPORT,SUPPORT,Generalization & Application
memos_long:739,m2,SUPPORT,SUPPORT,Generalization & Application
memos_long:739,m6,SUPPORT,SUPPORT,Generalization & Application
memos_long:739,m10,SUPPORT,SUPPORT,Generalization & Application
memos_long:742,m3,SUPPORT,SUPPORT,Basic Fact Recall
memos_long:742,m7,SUPPORT,SUPPORT,Basic Fact Recall
memos_long:744,m3,SUPPORT,REFUTE,Memory Conflict
memos_long:744,m7,SUPPORT,INSUFFICIENT,Memory Conflict
memos_long:745,m1,SUPPORT,SUPPORT,Generalization & Application
memos_long:745,m2,SUPPORT,SUPPORT,Generalization & Application
memos_long:745,m3,SUPPORT,SUPPORT,Generalization & Application
memos_long:745,m7,SUPPORT,SUPPORT,Generalization & Application
memos_long:745,m8,SUPPORT,SUPPORT,Generalization & Application
memos_long:745,m12,SUPPORT,SUPPORT,Generalization & Application
memos_long:746,m1,SUPPORT,SUPPORT,Generalization & Application
memos_long:746,m2,SUPPORT,SUPPORT,Generalization & Application
memos_long:746,m7,SUPPORT,SUPPORT,Generalization & Application
memos_long:746,m9,SUPPORT,SUPPORT,Generalization & Application
memos_long:746,m11,SUPPORT,SUPPORT,Generalization & Application
memos_long:748,m1,SUPPORT,SUPPORT,Generalization & Application
memos_long:748,m3,SUPPORT,SUPPORT,Generalization & Application
memos_long:748,m5,SUPPORT,SUPPORT,Generalization & Application
memos_long:748,m7,SUPPORT,SUPPORT,Generalization & Application
memos_long:748,m8,SUPPORT,SUPPORT,Generalization & Application
memos_long:748,m10,SUPPORT,SUPPORT,Generalization & Application
memos_long:748,m11,SUPPORT,SUPPORT,Generalization & Application
memos_long:749,m2,SUPPORT,REFUTE,Memory Conflict
memos_long:750,m7,SUPPORT,INSUFFICIENT,Memory Conflict
memos_long:751,m1,SUPPORT,REFUTE,Memory Conflict
memos_long:751,m2,SUPPORT,REFUTE,Memory Conflict
memos_long:751,m7,SUPPORT,REFUTE,Memory Conflict
memos_long:751,m8,SUPPORT,REFUTE,Memory Conflict
memos_long:751,m12,SUPPORT,REFUTE,Memory Conflict
memos_long:752,m7,SUPPORT,INSUFFICIENT,Memory Conflict
memos_long:752,m9,SUPPORT,INSUFFICIENT,Memory Conflict
memos_long:752,m10,SUPPORT,INSUFFICIENT,Memory Conflict
memos_long:754,m1,SUPPORT,SUPPORT,Generalization & Application
memos_long:754,m2,SUPPORT,SUPPORT,Generalization & Application
memos_long:754,m7,SUPPORT,SUPPORT,Generalization & Application
memos_long:754,m8,SUPPORT,SUPPORT,Generalization & Application
memos_long:754,m11,SUPPORT,SUPPORT,Generalization & Application
memos_long:756,m1,SUPPORT,SUPPORT,Basic Fact Recall
memos_long:756,m2,SUPPORT,SUPPORT,Basic Fact Recall
memos_long:757,m1,SUPPORT,SUPPORT,Basic Fact Recall
memos_long:757,m2,SUPPORT,SUPPORT,Basic Fact Recall
memos_long:759,m1,SUPPORT,SUPPORT,Generalization & Application
memos_long:759,m2,SUPPORT,SUPPORT,Generalization & Application
memos_long:759,m4,SUPPORT,SUPPORT,Generalization & Application
memos_long:760,m1,SUPPORT,REFUTE,Memory Conflict
memos_long:760,m2,SUPPORT,REFUTE,Memory Conflict
memos_long:760,m3,SUPPORT,REFUTE,Memory Conflict
memos_long:760,m4,SUPPORT,REFUTE,Memory Conflict
memos_long:760,m6,SUPPORT,REFUTE,Memory Conflict
memos_long:760,m9,SUPPORT,REFUTE,Memory Conflict
memos_long:765,m1,SUPPORT,INSUFFICIENT,Generalization & Application
memos_long:766,m1,SUPPORT,SUPPORT,Generalization & Application
memos_long:766,m3,SUPPORT,SUPPORT,Generalization & Application
memos_long:766,m12,SUPPORT,SUPPORT,Generalization & Application
memos_long:768,m1,SUPERSEDED,INSUFFICIENT,Dynamic Update
memos_long:768,m2,SUPERSEDED,INSUFFICIENT,Dynamic Update
memos_long:768,m3,SUPERSEDED,INSUFFICIENT,Dynamic Update
memos_long:768,m4,SUPERSEDED,INSUFFICIENT,Dynamic Update
memos_long:768,m5,SUPERSEDED,INSUFFICIENT,Dynamic Update
memos_long:768,m6,SUPERSEDED,INSUFFICIENT,Dynamic Update
memos_long:768,m7,SUPERSEDED,INSUFFICIENT,Dynamic Update
memos_long:768,m8,SUPERSEDED,INSUFFICIENT,Dynamic Update
memos_long:768,m9,SUPERSEDED,INSUFFICIENT,Dynamic Update
memos_long:768,m10,SUPERSEDED,INSUFFICIENT,Dynamic Update
memos_long:768,m11,SUPERSEDED,INSUFFICIENT,Dynamic Update
memos_long:768,m12,SUPERSEDED,INSUFFICIENT,Dynamic Update
memos_long:771,m1,SUPPORT,INSUFFICIENT,Dynamic Update
memos_long:771,m2,SUPERSEDED,INSUFFICIENT,Dynamic Update
memos_long:771,m3,SUPERSEDED,INSUFFICIENT,Dynamic Update
memos_long:771,m4,SUPERSEDED,INSUFFICIENT,Dynamic Update
memos_long:771,m5,SUPERSEDED,INSUFFICIENT,Dynamic Update
memos_long:771,m6,SUPERSEDED,INSUFFICIENT,Dynamic Update
memos_long:771,m7,SUPERSEDED,INSUFFICIENT,Dynamic Update
memos_long:771,m8,SUPERSEDED,INSUFFICIENT,Dynamic Update
memos_long:771,m9,SUPERSEDED,INSUFFICIENT,Dynamic Update
memos_long:771,m10,SUPERSEDED,INSUFFICIENT,Dynamic Update
memos_long:771,m11,SUPERSEDED,INSUFFICIENT,Dynamic Update
memos_long:772,m1,SUPPORT,SUPPORT,Multi-hop Inference
memos_long:772,m3,SUPPORT,SUPPORT,Multi-hop Inference
memos_long:773,m2,SUPPORT,SUPPORT,Multi-hop Inference
memos_long:773,m3,SUPPORT,SUPPORT,Multi-hop Inference
memos_long:773,m4,SUPPORT,INSUFFICIENT,Multi-hop Inference
memos_long:773,m5,SUPPORT,INSUFFICIENT,Multi-hop Inference
memos_long:773,m10,SUPPORT,INSUFFICIENT,Multi-hop Inference
memos_long:773,m11,SUPPORT,INSUFFICIENT,Multi-hop Inference
memos_long:774,m5,SUPPORT,SUPPORT,Basic Fact Recall
memos_long:775,m1,SUPPORT,INSUFFICIENT,Basic Fact Recall
memos_long:775,m2,SUPPORT,INSUFFICIENT,Basic Fact Recall
memos_long:778,m3,SUPPORT,SUPPORT,Generalization & Application
memos_long:778,m6,SUPPORT,SUPPORT,Generalization & Application
memos_long:779,m1,SUPPORT,SUPPORT,Generalization & Application
memos_long:779,m2,SUPPORT,SUPPORT,Generalization & Application
memos_long:784,m6,SUPPORT,SUPPORT,Generalization & Application
memos_long:786,m3,SUPPORT,REFUTE,Memory Conflict
memos_long:788,m1,SUPPORT,SUPPORT,Generalization & Application
memos_long:788,m2,SUPPORT,SUPPORT,Generalization & Application
memos_long:788,m3,SUPPORT,SUPPORT,Generalization & Application
memos_long:788,m8,SUPPORT,SUPPORT,Generalization & Application
memos_long:788,m10,SUPPORT,SUPPORT,Generalization & Application
memos_long:789,m2,SUPPORT,SUPPORT,Multi-hop Inference
memos_long:789,m4,SUPPORT,SUPPORT,Multi-hop Inference
memos_long:790,m9,SUPPORT,SUPPORT,Generalization & Application
memos_long:791,m1,SUPPORT,SUPPORT,Generalization & Application
memos_long:791,m2,SUPPORT,SUPPORT,Generalization & Application
memos_long:791,m6,SUPPORT,SUPPORT,Generalization & Application
memos_long:792,m2,SUPPORT,REFUTE,Memory Conflict
memos_long:794,m1,SUPPORT,REFUTE,Memory Conflict
memos_long:794,m7,SUPPORT,REFUTE,Memory Conflict
memos_long:794,m9,SUPPORT,REFUTE,Memory Conflict
memos_long:798,m1,SUPPORT,SUPPORT,Generalization & Application
memos_long:798,m2,SUPPORT,SUPPORT,Generalization & Application
memos_long:798,m7,SUPPORT,SUPPORT,Generalization & Application
memos_long:798,m8,SUPPORT,SUPPORT,Generalization & Application
memos_long:799,m1,SUPPORT,REFUTE,Memory Conflict
memos_long:799,m3,SUPPORT,REFUTE,Memory Conflict
memos_long:799,m10,SUPPORT,REFUTE,Memory Conflict
memos_long:799,m12,SUPPORT,REFUTE,Memory Conflict
memos_long:801,m3,SUPPORT,SUPPORT,Basic Fact Recall
memos_long:802,m1,SUPPORT,REFUTE,Memory Conflict
memos_long:802,m2,SUPPORT,REFUTE,Memory Conflict
memos_long:802,m6,SUPPORT,REFUTE,Memory Conflict
memos_long:802,m10,SUPPORT,REFUTE,Memory Conflict
memos_long:803,m1,SUPPORT,INSUFFICIENT,Memory Conflict
memos_long:803,m2,SUPPORT,INSUFFICIENT,Memory Conflict
memos_long:803,m3,SUPPORT,INSUFFICIENT,Memory Conflict
memos_long:804,m1,SUPPORT,SUPPORT,Generalization & Application
memos_long:804,m2,SUPPORT,INSUFFICIENT,Generalization & Application
memos_long:806,m1,SUPPORT,SUPPORT,Generalization & Application
memos_long:806,m6,SUPPORT,SUPPORT,Generalization & Application
memos_long:808,m1,SUPPORT,SUPPORT,Generalization & Application
memos_long:809,m1,SUPPORT,INSUFFICIENT,Dynamic Update
memos_long:809,m2,SUPERSEDED,INSUFFICIENT,Dynamic Update
memos_long:809,m3,SUPPORT,INSUFFICIENT,Dynamic Update
memos_long:809,m4,SUPERSEDED,INSUFFICIENT,Dynamic Update
memos_long:809,m5,SUPERSEDED,INSUFFICIENT,Dynamic Update
memos_long:809,m6,SUPERSEDED,INSUFFICIENT,Dynamic Update
memos_long:809,m7,SUPERSEDED,INSUFFICIENT,Dynamic Update
memos_long:809,m8,SUPERSEDED,INSUFFICIENT,Dynamic Update
memos_long:809,m9,SUPERSEDED,INSUFFICIENT,Dynamic Update
memos_long:809,m10,SUPERSEDED,INSUFFICIENT,Dynamic Update
memos_long:809,m11,SUPERSEDED,INSUFFICIENT,Dynamic Update
memos_long:809,m12,SUPERSEDED,INSUFFICIENT,Dynamic Update
memos_long:812,m1,SUPPORT,REFUTE,Memory Conflict
memos_long:812,m2,SUPPORT,REFUTE,Memory Conflict
memos_long:813,m1,SUPPORT,REFUTE,Memory Conflict
memos_long:819,m1,SUPPORT,INSUFFICIENT,Basic Fact Recall
memos_long:824,m1,SUPPORT,SUPPORT,Generalization & Application
memos_long:824,m2,SUPPORT,SUPPORT,Generalization & Application
memos_long:824,m6,SUPPORT,SUPPORT,Generalization & Application
memos_long:824,m7,SUPPORT,SUPPORT,Generalization & Application
memos_long:825,m1,SUPPORT,REFUTE,Memory Conflict
memos_long:825,m2,SUPPORT,REFUTE,Memory Conflict
memos_long:825,m7,SUPPORT,REFUTE,Memory Conflict
memos_long:828,m6,SUPPORT,REFUTE,Basic Fact Recall
memos_long:828,m7,SUPPORT,REFUTE,Basic Fact Recall
memos_long:829,m12,SUPPORT,SUPPORT,Generalization & Application
memos_long:830,m1,SUPPORT,REFUTE,Memory Conflict
memos_long:830,m2,SUPPORT,REFUTE,Memory Conflict
memos_long:830,m4,SUPPORT,REFUTE,Memory Conflict
memos_long:830,m7,SUPPORT,REFUTE,Memory Conflict
memos_long:830,m8,SUPPORT,REFUTE,Memory Conflict
memos_long:830,m9,SUPPORT,REFUTE,Memory Conflict
memos_long:830,m10,SUPPORT,REFUTE,Memory Conflict
memos_long:830,m11,SUPPORT,REFUTE,Memory Conflict
memos_long:830,m12,SUPPORT,REFUTE,Memory Conflict
memos_long:831,m8,SUPPORT,INSUFFICIENT,Basic Fact Recall
memos_long:831,m9,SUPPORT,INSUFFICIENT,Basic Fact Recall
memos_long:834,m1,SUPPORT,SUPPORT,Generalization & Application
memos_long:834,m2,SUPPORT,SUPPORT,Generalization & Application
memos_long:834,m11,SUPPORT,SUPPORT,Generalization & Application
memos_long:835,m1,SUPPORT,SUPPORT,Generalization & Application
memos_long:835,m2,SUPPORT,SUPPORT,Generalization & Application
memos_long:835,m7,SUPPORT,SUPPORT,Generalization & Application
memos_long:837,m2,SUPPORT,SUPPORT,Basic Fact Recall
memos_long:838,m3,SUPPORT,SUPPORT,Basic Fact Recall
memos_long:839,m8,SUPPORT,INSUFFICIENT,Memory Conflict
memos_long:839,m9,SUPPORT,SUPPORT,Memory Conflict
memos_long:839,m11,SUPPORT,SUPPORT,Memory Conflict
memos_long:842,m1,SUPPORT,SUPPORT,Generalization & Application
memos_long:843,m1,SUPPORT,SUPPORT,Basic Fact Recall
memos_long:844,m1,SUPPORT,REFUTE,Memory Conflict
memos_long:845,m2,SUPPORT,INSUFFICIENT,Memory Conflict
memos_long:847,m1,SUPPORT,INSUFFICIENT,Basic Fact Recall
memos_long:847,m2,SUPPORT,INSUFFICIENT,Basic Fact Recall
memos_long:852,m1,SUPPORT,SUPPORT,Basic Fact Recall
memos_long:852,m8,SUPPORT,SUPPORT,Basic Fact Recall
memos_long:852,m9,SUPPORT,SUPPORT,Basic Fact Recall
memos_long:853,m1,SUPPORT,SUPPORT,Generalization & Application
memos_long:853,m4,SUPPORT,SUPPORT,Generalization & Application
memos_long:853,m6,SUPPORT,SUPPORT,Generalization & Application
memos_long:853,m10,SUPPORT,SUPPORT,Generalization & Application
memos_long:853,m11,SUPPORT,SUPPORT,Generalization & Application
memos_long:853,m12,SUPPORT,SUPPORT,Generalization & Application
memos_long:859,m1,SUPPORT,SUPPORT,Basic Fact Recall
memos_long:860,m4,SUPPORT,SUPPORT,Multi-hop Inference
memos_long:861,m1,SUPPORT,INSUFFICIENT,Multi-hop Inference
memos_long:861,m2,SUPPORT,SUPPORT,Multi-hop Inference
memos_long:861,m3,SUPPORT,SUPPORT,Multi-hop Inference
memos_long:862,m2,SUPPORT,SUPPORT,Multi-hop Inference
memos_long:863,m1,SUPPORT,SUPPORT,Generalization & Application
memos_long:863,m3,SUPPORT,SUPPORT,Generalization & Application
memos_long:863,m6,SUPPORT,SUPPORT,Generalization & Application
memos_long:863,m10,SUPPORT,SUPPORT,Generalization & Application
memos_long:864,m2,SUPPORT,SUPPORT,Generalization & Application
memos_long:866,m1,SUPPORT,SUPPORT,Generalization & Application
memos_long:866,m2,SUPPORT,SUPPORT,Generalization & Application
memos_long:866,m10,SUPPORT,SUPPORT,Generalization & Application
memos_long:867,m2,SUPPORT,SUPPORT,Basic Fact Recall
memos_long:867,m4,SUPPORT,SUPPORT,Basic Fact Recall
memos_long:868,m5,SUPPORT,CURRENT,Basic Fact Recall
memos_long:868,m6,SUPPORT,SUPPORT,Basic Fact Recall
memos_long:869,m1,SUPPORT,SUPPORT,Memory Conflict
memos_long:869,m2,SUPPORT,SUPPORT,Memory Conflict
memos_long:869,m10,SUPPORT,SUPPORT,Memory Conflict
memos_long:870,m1,SUPPORT,SUPPORT,Multi-hop Inference
memos_long:870,m2,SUPPORT,SUPPORT,Multi-hop Inference
memos_long:871,m2,SUPPORT,SUPPORT,Multi-hop Inference
memos_long:871,m3,SUPPORT,SUPPORT,Multi-hop Inference
memos_long:872,m1,SUPPORT,SUPPORT,Multi-hop Inference
memos_long:872,m5,SUPPORT,SUPPORT,Multi-hop Inference
memos_long:873,m3,SUPPORT,SUPPORT,Multi-hop Inference
memos_long:873,m5,SUPPORT,SUPPORT,Multi-hop Inference
memos_long:873,m6,SUPPORT,SUPPORT,Multi-hop Inference
memos_long:873,m8,SUPPORT,SUPPORT,Multi-hop Inference
memos_long:873,m12,SUPPORT,SUPPORT,Multi-hop Inference
memos_long:876,m3,SUPPORT,SUPPORT,Basic Fact Recall
memos_long:878,m4,SUPPORT,INSUFFICIENT,Basic Fact Recall
memos_long:878,m9,SUPPORT,SUPPORT,Basic Fact Recall
memos_long:879,m1,SUPPORT,SUPPORT,Basic Fact Recall
memos_long:880,m6,SUPPORT,SUPPORT,Basic Fact Recall
memos_long:887,m4,SUPPORT,INSUFFICIENT,Basic Fact Recall
memos_long:888,m9,SUPPORT,REFUTE,Memory Conflict
memos_long:888,m11,SUPPORT,REFUTE,Memory Conflict
memos_long:892,m8,SUPPORT,REFUTE,Memory Conflict
memos_long:892,m9,SUPPORT,REFUTE,Memory Conflict
memos_long:892,m12,SUPPORT,REFUTE,Memory Conflict
memos_long:894,m1,SUPPORT,REFUTE,Memory Conflict
memos_long:894,m2,SUPPORT,REFUTE,Memory Conflict
memos_long:894,m3,SUPPORT,REFUTE,Memory Conflict
memos_long:894,m4,SUPPORT,REFUTE,Memory Conflict
memos_long:894,m5,SUPPORT,REFUTE,Memory Conflict
memos_long:894,m7,SUPPORT,REFUTE,Memory Conflict
memos_long:894,m8,SUPPORT,REFUTE,Memory Conflict
memos_long:894,m9,SUPPORT,REFUTE,Memory Conflict
memos_long:896,m3,SUPPORT,SUPPORT,Generalization & Application
memos_long:896,m4,SUPPORT,SUPPORT,Generalization & Application
memos_long:896,m6,SUPPORT,SUPPORT,Generalization & Application
memos_long:896,m8,SUPPORT,SUPPORT,Generalization & Application
memos_long:896,m9,SUPPORT,SUPPORT,Generalization & Application
memos_long:897,m1,SUPERSEDED,INSUFFICIENT,Dynamic Update
memos_long:897,m2,SUPERSEDED,INSUFFICIENT,Dynamic Update
memos_long:897,m3,SUPERSEDED,INSUFFICIENT,Dynamic Update
memos_long:897,m4,SUPPORT,CURRENT,Dynamic Update
memos_long:897,m5,SUPERSEDED,INSUFFICIENT,Dynamic Update
memos_long:897,m6,SUPERSEDED,INSUFFICIENT,Dynamic Update
memos_long:897,m7,SUPERSEDED,INSUFFICIENT,Dynamic Update
memos_long:897,m8,SUPERSEDED,INSUFFICIENT,Dynamic Update
memos_long:897,m9,SUPERSEDED,INSUFFICIENT,Dynamic Update
memos_long:897,m10,SUPERSEDED,INSUFFICIENT,Dynamic Update
memos_long:897,m11,SUPERSEDED,INSUFFICIENT,Dynamic Update
memos_long:897,m12,SUPERSEDED,INSUFFICIENT,Dynamic Update
memos_long:898,m1,SUPERSEDED,INSUFFICIENT,Dynamic Update
memos_long:898,m2,SUPERSEDED,INSUFFICIENT,Dynamic Update
memos_long:898,m3,SUPPORT,CURRENT,Dynamic Update
memos_long:898,m4,SUPERSEDED,INSUFFICIENT,Dynamic Update
memos_long:898,m5,SUPERSEDED,INSUFFICIENT,Dynamic Update
memos_long:898,m6,SUPERSEDED,INSUFFICIENT,Dynamic Update
memos_long:898,m7,SUPERSEDED,INSUFFICIENT,Dynamic Update
memos_long:898,m8,SUPERSEDED,INSUFFICIENT,Dynamic Update
memos_long:898,m9,SUPERSEDED,INSUFFICIENT,Dynamic Update
memos_long:898,m10,SUPERSEDED,INSUFFICIENT,Dynamic Update
memos_long:898,m11,SUPERSEDED,INSUFFICIENT,Dynamic Update
memos_long:898,m12,SUPERSEDED,INSUFFICIENT,Dynamic Update
memos_long:899,m1,SUPERSEDED,INSUFFICIENT,Dynamic Update
memos_long:899,m2,SUPPORT,SUPPORT,Dynamic Update
memos_long:899,m3,SUPERSEDED,INSUFFICIENT,Dynamic Update
memos_long:899,m4,SUPERSEDED,INSUFFICIENT,Dynamic Update
memos_long:899,m5,SUPERSEDED,INSUFFICIENT,Dynamic Update
memos_long:899,m6,SUPERSEDED,INSUFFICIENT,Dynamic Update
memos_long:899,m7,SUPERSEDED,INSUFFICIENT,Dynamic Update
memos_long:899,m8,SUPERSEDED,INSUFFICIENT,Dynamic Update
memos_long:899,m9,SUPERSEDED,INSUFFICIENT,Dynamic Update
memos_long:899,m10,SUPERSEDED,INSUFFICIENT,Dynamic Update
memos_long:899,m11,SUPERSEDED,INSUFFICIENT,Dynamic Update
memos_long:899,m12,SUPERSEDED,INSUFFICIENT,Dynamic Update
memos_long:900,m2,SUPPORT,INSUFFICIENT,Memory Conflict
memos_long:901,m1,SUPPORT,REFUTE,Memory Conflict
memos_long:901,m3,SUPPORT,REFUTE,Memory Conflict
memos_long:903,m1,SUPPORT,SUPPORT,Generalization & Application
memos_long:903,m5,SUPPORT,SUPPORT,Generalization & Application
memos_long:903,m11,SUPPORT,SUPPORT,Generalization & Application
memos_long:904,m1,SUPPORT,SUPPORT,Basic Fact Recall
memos_long:905,m1,SUPPORT,REFUTE,Memory Conflict
memos_long:906,m3,SUPPORT,SUPPORT,Basic Fact Recall
memos_long:907,m1,SUPPORT,SUPPORT,Basic Fact Recall
memos_long:907,m2,SUPPORT,SUPPORT,Basic Fact Recall
memos_long:908,m1,SUPERSEDED,INSUFFICIENT,Dynamic Update
memos_long:908,m2,SUPERSEDED,INSUFFICIENT,Dynamic Update
memos_long:908,m3,SUPERSEDED,INSUFFICIENT,Dynamic Update
memos_long:908,m4,SUPERSEDED,INSUFFICIENT,Dynamic Update
memos_long:908,m5,SUPERSEDED,INSUFFICIENT,Dynamic Update
memos_long:908,m6,SUPERSEDED,INSUFFICIENT,Dynamic Update
memos_long:908,m7,SUPERSEDED,INSUFFICIENT,Dynamic Update
memos_long:908,m8,SUPERSEDED,INSUFFICIENT,Dynamic Update
memos_long:908,m9,SUPERSEDED,INSUFFICIENT,Dynamic Update
memos_long:908,m10,SUPERSEDED,INSUFFICIENT,Dynamic Update
memos_long:908,m11,SUPERSEDED,INSUFFICIENT,Dynamic Update
memos_long:908,m12,SUPERSEDED,INSUFFICIENT,Dynamic Update
memos_long:910,m1,SUPERSEDED,INSUFFICIENT,Dynamic Update
memos_long:910,m2,SUPPORT,INSUFFICIENT,Dynamic Update
memos_long:910,m3,SUPERSEDED,INSUFFICIENT,Dynamic Update
memos_long:910,m4,SUPERSEDED,INSUFFICIENT,Dynamic Update
memos_long:910,m5,SUPPORT,INSUFFICIENT,Dynamic Update
memos_long:910,m6,SUPERSEDED,INSUFFICIENT,Dynamic Update
memos_long:910,m7,SUPERSEDED,INSUFFICIENT,Dynamic Update
memos_long:910,m8,SUPERSEDED,INSUFFICIENT,Dynamic Update
memos_long:910,m9,SUPERSEDED,INSUFFICIENT,Dynamic Update
memos_long:910,m10,SUPERSEDED,INSUFFICIENT,Dynamic Update
memos_long:910,m11,SUPERSEDED,INSUFFICIENT,Dynamic Update
memos_long:910,m12,SUPERSEDED,INSUFFICIENT,Dynamic Update
memos_long:912,m1,SUPPORT,SUPPORT,Generalization & Application
memos_long:912,m7,SUPPORT,SUPPORT,Generalization & Application
memos_long:912,m8,SUPPORT,SUPPORT,Generalization & Application
memos_long:913,m2,SUPPORT,SUPPORT,Generalization & Application
memos_long:913,m3,SUPPORT,INSUFFICIENT,Generalization & Application
memos_long:913,m7,SUPPORT,INSUFFICIENT,Generalization & Application
memos_long:913,m12,SUPPORT,INSUFFICIENT,Generalization & Application
memos_long:914,m1,SUPPORT,SUPPORT,Generalization & Application
memos_long:914,m2,SUPPORT,SUPPORT,Generalization & Application
memos_long:916,m1,SUPPORT,SUPPORT,Generalization & Application
memos_long:916,m2,SUPPORT,SUPPORT,Generalization & Application
memos_long:917,m2,SUPPORT,INSUFFICIENT,Basic Fact Recall
memos_long:919,m1,SUPPORT,SUPPORT,Generalization & Application
memos_long:919,m3,SUPPORT,INSUFFICIENT,Generalization & Application
memos_long:919,m4,SUPPORT,SUPPORT,Generalization & Application
memos_long:919,m7,SUPPORT,SUPPORT,Generalization & Application
memos_long:922,m2,SUPPORT,INSUFFICIENT,Basic Fact Recall
memos_long:923,m3,SUPPORT,SUPPORT,Generalization & Application
memos_long:926,m1,SUPPORT,SUPPORT,Basic Fact Recall
memos_long:926,m8,SUPPORT,SUPPORT,Basic Fact Recall
memos_long:926,m10,SUPPORT,INSUFFICIENT,Basic Fact Recall
memos_long:926,m11,SUPPORT,INSUFFICIENT,Basic Fact Recall
memos_long:933,m3,SUPPORT,REFUTE,Memory Conflict
memos_long:933,m5,SUPPORT,REFUTE,Memory Conflict
memos_long:934,m2,SUPPORT,REFUTE,Memory Conflict
memos_long:934,m6,SUPPORT,REFUTE,Memory Conflict
memos_long:934,m7,SUPPORT,REFUTE,Memory Conflict
memos_long:938,m1,SUPPORT,REFUTE,Memory Conflict
memos_long:940,m2,SUPPORT,SUPPORT,Generalization & Application
memos_long:940,m3,SUPPORT,SUPPORT,Generalization & Application
memos_long:940,m8,SUPPORT,SUPPORT,Generalization & Application
memos_long:941,m1,SUPPORT,INSUFFICIENT,Memory Conflict
memos_long:941,m2,SUPPORT,INSUFFICIENT,Memory Conflict
memos_long:941,m3,SUPPORT,REFUTE,Memory Conflict
memos_long:941,m7,SUPPORT,REFUTE,Memory Conflict
memos_long:941,m8,SUPPORT,REFUTE,Memory Conflict
memos_long:941,m10,SUPPORT,REFUTE,Memory Conflict
memos_long:942,m1,SUPPORT,SUPPORT,Generalization & Application
memos_long:942,m4,SUPPORT,SUPPORT,Generalization & Application
memos_long:943,m1,SUPPORT,SUPPORT,Basic Fact Recall
memos_long:943,m2,SUPPORT,SUPPORT,Basic Fact Recall
memos_long:943,m3,SUPPORT,SUPPORT,Basic Fact Recall
memos_long:944,m2,SUPPORT,REFUTE,Memory Conflict
memos_long:944,m7,SUPPORT,REFUTE,Memory Conflict
memos_long:945,m3,SUPPORT,INSUFFICIENT,Basic Fact Recall
memos_long:948,m6,SUPPORT,SUPPORT,Basic Fact Recall
memos_long:956,m1,SUPPORT,SUPPORT,Basic Fact Recall
memos_long:958,m1,SUPPORT,SUPPORT,Generalization & Application
memos_long:958,m2,SUPPORT,SUPPORT,Generalization & Application
memos_long:958,m4,SUPPORT,SUPPORT,Generalization & Application
memos_long:960,m1,SUPPORT,REFUTE,Memory Conflict
memos_long:960,m2,SUPPORT,REFUTE,Memory Conflict
memos_long:960,m3,SUPPORT,REFUTE,Memory Conflict
memos_long:962,m7,SUPPORT,REFUTE,Memory Conflict
memos_long:964,m8,SUPPORT,SUPPORT,Generalization & Application
memos_long:965,m1,SUPPORT,SUPPORT,Basic Fact Recall
memos_long:965,m3,SUPPORT,SUPPORT,Basic Fact Recall
memos_long:967,m1,SUPPORT,REFUTE,Memory Conflict
memos_long:967,m2,SUPPORT,REFUTE,Memory Conflict
memos_long:967,m3,SUPPORT,REFUTE,Memory Conflict
memos_long:967,m7,SUPPORT,REFUTE,Memory Conflict
memos_long:968,m1,SUPPORT,INSUFFICIENT,Basic Fact Recall
memos_long:969,m2,SUPPORT,REFUTE,Memory Conflict
memos_long:969,m4,SUPPORT,REFUTE,Memory Conflict
memos_long:969,m7,SUPPORT,REFUTE,Memory Conflict
memos_long:969,m8,SUPPORT,INSUFFICIENT,Memory Conflict
memos_long:969,m9,SUPPORT,REFUTE,Memory Conflict
memos_long:969,m10,SUPPORT,REFUTE,Memory Conflict
memos_long:969,m11,SUPPORT,INSUFFICIENT,Memory Conflict
memos_long:969,m12,SUPPORT,REFUTE,Memory Conflict
memos_long:970,m1,SUPPORT,REFUTE,Memory Conflict
memos_long:970,m2,SUPPORT,REFUTE,Memory Conflict
memos_long:970,m3,SUPPORT,REFUTE,Memory Conflict
memos_long:970,m7,SUPPORT,REFUTE,Memory Conflict
memos_long:970,m8,SUPPORT,REFUTE,Memory Conflict
memos_long:970,m9,SUPPORT,REFUTE,Memory Conflict
memos_long:970,m10,SUPPORT,REFUTE,Memory Conflict
memos_long:970,m11,SUPPORT,REFUTE,Memory Conflict
memos_long:970,m12,SUPPORT,REFUTE,Memory Conflict
memos_long:971,m1,SUPPORT,REFUTE,Memory Conflict
memos_long:971,m2,SUPPORT,REFUTE,Memory Conflict
memos_long:972,m1,SUPPORT,SUPPORT,Generalization & Application
memos_long:972,m2,SUPPORT,SUPPORT,Generalization & Application
memos_long:973,m1,SUPPORT,INSUFFICIENT,Memory Conflict
memos_long:973,m2,SUPPORT,SUPPORT,Memory Conflict
memos_long:975,m1,SUPPORT,SUPPORT,Memory Conflict
memos_long:979,m3,SUPPORT,SUPPORT,Generalization & Application
memos_long:979,m7,SUPPORT,SUPPORT,Generalization & Application
memos_long:981,m4,SUPPORT,SUPPORT,Generalization & Application
memos_long:981,m10,SUPPORT,SUPPORT,Generalization & Application
memos_long:988,m2,SUPPORT,REFUTE,Memory Conflict
memos_long:988,m5,SUPPORT,REFUTE,Memory Conflict
memos_long:988,m7,SUPPORT,REFUTE,Memory Conflict
memos_long:988,m8,SUPPORT,REFUTE,Memory Conflict
memos_long:989,m1,SUPPORT,MISBIND,Basic Fact Recall
memos_long:989,m4,SUPPORT,INSUFFICIENT,Basic Fact Recall
memos_long:989,m7,SUPPORT,MISBIND,Basic Fact Recall
memos_long:989,m8,SUPPORT,MISBIND,Basic Fact Recall
memos_long:991,m1,SUPPORT,SUPPORT,Generalization & Application
memos_long:991,m2,SUPPORT,SUPPORT,Generalization & Application
memos_long:991,m3,SUPPORT,SUPPORT,Generalization & Application
memos_long:991,m5,SUPPORT,SUPPORT,Generalization & Application
memos_long:991,m7,SUPPORT,SUPPORT,Generalization & Application
memos_long:991,m8,SUPPORT,SUPPORT,Generalization & Application
memos_long:991,m9,SUPPORT,SUPPORT,Generalization & Application
memos_long:991,m10,SUPPORT,SUPPORT,Generalization & Application
memos_long:992,m1,SUPPORT,REFUTE,Memory Conflict
memos_long:992,m2,SUPPORT,REFUTE,Memory Conflict
memos_long:992,m3,SUPPORT,INSUFFICIENT,Memory Conflict
memos_long:992,m5,SUPPORT,INSUFFICIENT,Memory Conflict
memos_long:992,m9,SUPPORT,INSUFFICIENT,Memory Conflict
memos_long:994,m5,SUPPORT,INSUFFICIENT,Multi-hop Inference
memos_long:995,m7,SUPPORT,SUPPORT,Multi-hop Inference
memos_long:1001,m1,SUPPORT,REFUTE,Memory Conflict
memos_long:1001,m2,SUPPORT,REFUTE,Memory Conflict
memos_long:1001,m3,SUPPORT,REFUTE,Memory Conflict
memos_long:1001,m4,SUPPORT,REFUTE,Memory Conflict
memos_long:1001,m5,SUPPORT,REFUTE,Memory Conflict
memos_long:1001,m6,SUPPORT,REFUTE,Memory Conflict
memos_long:1001,m8,SUPPORT,REFUTE,Memory Conflict
memos_long:1004,m1,SUPPORT,INSUFFICIENT,Basic Fact Recall
memos_long:1004,m2,SUPPORT,SUPPORT,Basic Fact Recall
memos_long:1005,m4,SUPPORT,INSUFFICIENT,Memory Conflict
memos_long:1005,m5,SUPPORT,INSUFFICIENT,Memory Conflict
memos_long:1006,m1,SUPPORT,SUPPORT,Generalization & Application
memos_long:1006,m2,SUPPORT,SUPPORT,Generalization & Application
memos_long:1006,m5,SUPPORT,SUPPORT,Generalization & Application
memos_long:1006,m6,SUPPORT,SUPPORT,Generalization & Application
memos_long:1007,m1,SUPPORT,MISBIND,Memory Conflict
memos_long:1007,m2,SUPPORT,MISBIND,Memory Conflict
memos_long:1007,m3,SUPPORT,MISBIND,Memory Conflict
memos_long:1007,m5,SUPPORT,INSUFFICIENT,Memory Conflict
memos_long:1010,m1,SUPPORT,SUPPORT,Generalization & Application
memos_long:1010,m4,SUPPORT,SUPPORT,Generalization & Application
memos_long:1010,m6,SUPPORT,SUPPORT,Generalization & Application
memos_long:1015,m1,SUPPORT,REFUTE,Memory Conflict
memos_long:1015,m3,SUPPORT,REFUTE,Memory Conflict
memos_long:1015,m5,SUPPORT,REFUTE,Memory Conflict
memos_long:1015,m6,SUPPORT,REFUTE,Memory Conflict
memos_long:1015,m11,SUPPORT,INSUFFICIENT,Memory Conflict
memos_long:1019,m8,SUPPORT,REFUTE,Memory Conflict
memos_long:1019,m9,SUPPORT,REFUTE,Memory Conflict
memos_long:1019,m10,SUPPORT,REFUTE,Memory Conflict
memos_long:1019,m11,SUPPORT,REFUTE,Memory Conflict
memos_long:1019,m12,SUPPORT,REFUTE,Memory Conflict
memos_long:1024,m8,SUPPORT,SUPPORT,Generalization & Application
memos_long:1024,m9,SUPPORT,SUPPORT,Generalization & Application
memos_long:1024,m10,SUPPORT,SUPPORT,Generalization & Application
memos_long:1024,m11,SUPPORT,SUPPORT,Generalization & Application
memos_long:1024,m12,SUPPORT,SUPPORT,Generalization & Application
memos_long:1026,m1,SUPPORT,REFUTE,Memory Conflict
memos_long:1026,m2,SUPPORT,REFUTE,Memory Conflict
memos_long:1026,m5,SUPPORT,INSUFFICIENT,Memory Conflict
memos_long:1026,m9,SUPPORT,REFUTE,Memory Conflict
memos_long:1026,m10,SUPPORT,REFUTE,Memory Conflict
memos_long:1026,m11,SUPPORT,REFUTE,Memory Conflict
memos_long:1027,m2,SUPPORT,REFUTE,Memory Conflict
memos_long:1028,m1,SUPPORT,SUPPORT,Generalization & Application
memos_long:1028,m3,SUPPORT,SUPPORT,Generalization & Application
memos_long:1028,m4,SUPPORT,SUPPORT,Generalization & Application
memos_long:1028,m5,SUPPORT,SUPPORT,Generalization & Application
memos_long:1028,m6,SUPPORT,SUPPORT,Generalization & Application
memos_long:1030,m6,SUPPORT,SUPPORT,Generalization & Application
memos_long:1032,m8,SUPPORT,REFUTE,Memory Conflict
memos_long:1033,m3,SUPPORT,SUPPORT,Generalization & Application
memos_long:1035,m1,SUPPORT,INSUFFICIENT,Memory Conflict
memos_long:1035,m3,SUPPORT,REFUTE,Memory Conflict
memos_long:1036,m1,SUPPORT,SUPPORT,Generalization & Application
memos_long:1036,m2,SUPPORT,SUPPORT,Generalization & Application
memos_long:1037,m1,SUPPORT,SUPPORT,Generalization & Application
memos_long:1037,m5,SUPPORT,SUPPORT,Generalization & Application
memos_long:1037,m8,SUPPORT,SUPPORT,Generalization & Application
memos_long:1038,m1,SUPPORT,REFUTE,Memory Conflict
memos_long:1039,m1,SUPPORT,REFUTE,Memory Conflict
memos_long:1040,m1,SUPPORT,REFUTE,Memory Conflict
memos_long:1041,m1,SUPPORT,INSUFFICIENT,Memory Conflict
memos_long:1041,m3,SUPPORT,INSUFFICIENT,Memory Conflict
memos_long:1041,m7,SUPPORT,INSUFFICIENT,Memory Conflict
memos_long:1041,m8,SUPPORT,INSUFFICIENT,Memory Conflict
memos_long:1045,m2,SUPPORT,SUPPORT,Memory Conflict
memos_long:1045,m3,SUPPORT,SUPPORT,Memory Conflict
memos_long:1050,m4,SUPPORT,REFUTE,Memory Conflict
memos_long:1050,m5,SUPPORT,REFUTE,Memory Conflict
memos_long:1050,m9,SUPPORT,REFUTE,Memory Conflict
memos_long:1050,m12,SUPPORT,REFUTE,Memory Conflict
memos_long:1053,m1,SUPPORT,SUPPORT,Basic Fact Recall
memos_long:1053,m2,SUPPORT,SUPPORT,Basic Fact Recall
memos_long:1053,m4,SUPPORT,SUPPORT,Basic Fact Recall
memos_long:1056,m3,SUPPORT,SUPPORT,Basic Fact Recall
memos_long:1058,m1,SUPPORT,SUPPORT,Dynamic Update
memos_long:1058,m2,SUPERSEDED,INSUFFICIENT,Dynamic Update
memos_long:1058,m3,SUPERSEDED,SUPERSEDED,Dynamic Update
memos_long:1058,m4,SUPERSEDED,INSUFFICIENT,Dynamic Update
memos_long:1058,m5,SUPERSEDED,INSUFFICIENT,Dynamic Update
memos_long:1058,m6,SUPERSEDED,INSUFFICIENT,Dynamic Update
memos_long:1058,m7,SUPERSEDED,INSUFFICIENT,Dynamic Update
memos_long:1058,m8,SUPERSEDED,INSUFFICIENT,Dynamic Update
memos_long:1058,m9,SUPERSEDED,INSUFFICIENT,Dynamic Update
memos_long:1058,m10,SUPERSEDED,INSUFFICIENT,Dynamic Update
memos_long:1058,m11,SUPERSEDED,INSUFFICIENT,Dynamic Update
memos_long:1058,m12,SUPERSEDED,INSUFFICIENT,Dynamic Update
memos_long:1060,m1,SUPERSEDED,INSUFFICIENT,Dynamic Update
memos_long:1060,m2,SUPERSEDED,INSUFFICIENT,Dynamic Update
memos_long:1060,m3,SUPERSEDED,INSUFFICIENT,Dynamic Update
memos_long:1060,m4,SUPPORT,SUPPORT,Dynamic Update
memos_long:1060,m5,SUPERSEDED,INSUFFICIENT,Dynamic Update
memos_long:1060,m6,SUPERSEDED,INSUFFICIENT,Dynamic Update
memos_long:1060,m7,SUPERSEDED,INSUFFICIENT,Dynamic Update
memos_long:1061,m1,SUPPORT,REFUTE,Memory Conflict
memos_long:1061,m4,SUPPORT,INSUFFICIENT,Memory Conflict
memos_long:1061,m8,SUPPORT,REFUTE,Memory Conflict
memos_long:1061,m12,SUPPORT,REFUTE,Memory Conflict
memos_long:1063,m3,SUPPORT,SUPPORT,Generalization & Application
memos_long:1063,m6,SUPPORT,INSUFFICIENT,Generalization & Application
memos_long:1064,m1,SUPPORT,SUPPORT,Basic Fact Recall
memos_long:1064,m7,SUPPORT,SUPPORT,Basic Fact Recall
memos_long:1065,m2,SUPPORT,SUPPORT,Generalization & Application
memos_long:1065,m5,SUPPORT,SUPPORT,Generalization & Application
memos_long:1065,m7,SUPPORT,SUPPORT,Generalization & Application
memos_long:1065,m11,SUPPORT,SUPPORT,Generalization & Application
memos_long:1070,m2,SUPPORT,REFUTE,Memory Conflict
memos_long:1070,m3,SUPPORT,REFUTE,Memory Conflict
memos_long:1070,m4,SUPPORT,REFUTE,Memory Conflict
memos_long:1070,m8,SUPPORT,REFUTE,Memory Conflict
memos_long:1070,m9,SUPPORT,REFUTE,Memory Conflict
memos_long:1070,m10,SUPPORT,REFUTE,Memory Conflict
memos_long:1071,m1,SUPPORT,REFUTE,Memory Conflict
memos_long:1071,m2,SUPPORT,REFUTE,Memory Conflict
memos_long:1071,m8,SUPPORT,REFUTE,Memory Conflict
memos_long:1071,m9,SUPPORT,REFUTE,Memory Conflict
memos_long:1084,m1,SUPPORT,SUPPORT,Basic Fact Recall
memos_long:1085,m1,SUPPORT,INSUFFICIENT,Basic Fact Recall
memos_long:1085,m4,SUPPORT,INSUFFICIENT,Basic Fact Recall
memos_long:1085,m5,SUPPORT,INSUFFICIENT,Basic Fact Recall
memos_long:1085,m7,SUPPORT,INSUFFICIENT,Basic Fact Recall
memos_long:1086,m1,SUPPORT,SUPPORT,Basic Fact Recall
memos_long:1086,m2,SUPPORT,SUPPORT,Basic Fact Recall
memos_long:1086,m3,SUPPORT,SUPPORT,Basic Fact Recall
memos_long:1087,m1,SUPPORT,REFUTE,Memory Conflict
memos_long:1087,m2,SUPPORT,REFUTE,Memory Conflict
memos_long:1087,m4,SUPPORT,REFUTE,Memory Conflict
memos_long:1087,m9,SUPPORT,REFUTE,Memory Conflict
memos_long:1088,m3,SUPPORT,SUPPORT,Generalization & Application
memos_long:1088,m4,SUPPORT,SUPPORT,Generalization & Application
memos_long:1088,m7,SUPPORT,SUPPORT,Generalization & Application
memos_long:1092,m3,SUPPORT,SUPPORT,Basic Fact Recall
memos_long:1093,m1,SUPPORT,REFUTE,Memory Conflict
memos_long:1094,m4,SUPPORT,SUPPORT,Generalization & Application
memos_long:1098,m1,SUPPORT,SUPPORT,Basic Fact Recall
memos_long:1098,m3,SUPPORT,SUPPORT,Basic Fact Recall
memos_long:1099,m1,SUPPORT,SUPPORT,Basic Fact Recall
memos_long:1104,m1,SUPPORT,REFUTE,Memory Conflict
memos_long:1104,m2,SUPPORT,REFUTE,Memory Conflict
memos_long:1105,m1,SUPPORT,SUPPORT,Memory Conflict
memos_long:1108,m6,SUPPORT,SUPPORT,Generalization & Application
memos_long:1109,m1,SUPPORT,SUPPORT,Generalization & Application
memos_long:1109,m2,SUPPORT,SUPPORT,Generalization & Application
memos_long:1109,m6,SUPPORT,SUPPORT,Generalization & Application
memos_long:1109,m8,SUPPORT,SUPPORT,Generalization & Application
memos_long:1109,m10,SUPPORT,SUPPORT,Generalization & Application
memos_long:1109,m12,SUPPORT,SUPPORT,Generalization & Application
memos_long:1110,m2,SUPPORT,SUPPORT,Generalization & Application
memos_long:1110,m5,SUPPORT,SUPPORT,Generalization & Application
memos_long:1110,m7,SUPPORT,SUPPORT,Generalization & Application
memos_long:1110,m8,SUPPORT,SUPPORT,Generalization & Application
memos_long:1111,m2,SUPPORT,INSUFFICIENT,Basic Fact Recall
memos_long:1111,m8,SUPPORT,INSUFFICIENT,Basic Fact Recall
memos_long:1111,m9,SUPPORT,INSUFFICIENT,Basic Fact Recall
memos_long:1112,m4,SUPPORT,INSUFFICIENT,Generalization & Application
memos_long:1112,m7,SUPPORT,SUPPORT,Generalization & Application
memos_long:1112,m8,SUPPORT,SUPPORT,Generalization & Application
memos_long:1112,m9,SUPPORT,SUPPORT,Generalization & Application
memos_long:1113,m2,SUPPORT,REFUTE,Memory Conflict
memos_long:1113,m5,SUPPORT,REFUTE,Memory Conflict
memos_long:1113,m7,SUPPORT,REFUTE,Memory Conflict
memos_long:1113,m8,SUPPORT,REFUTE,Memory Conflict
memos_long:1115,m2,SUPPORT,SUPPORT,Basic Fact Recall
memos_long:1115,m8,SUPPORT,SUPPORT,Basic Fact Recall
memos_long:1115,m12,SUPPORT,SUPPORT,Basic Fact Recall
memos_long:1118,m9,SUPPORT,SUPPORT,Generalization & Application
memos_long:1118,m11,SUPPORT,SUPPORT,Generalization & Application
memos_long:1123,m3,SUPPORT,SUPPORT,Basic Fact Recall
memos_long:1125,m1,SUPPORT,SUPPORT,Basic Fact Recall
memos_long:1126,m3,SUPPORT,SUPPORT,Basic Fact Recall
memos_long:1129,m1,SUPERSEDED,INSUFFICIENT,Dynamic Update
memos_long:1129,m2,SUPERSEDED,INSUFFICIENT,Dynamic Update
memos_long:1129,m3,SUPPORT,SUPPORT,Dynamic Update
memos_long:1129,m4,SUPERSEDED,INSUFFICIENT,Dynamic Update
memos_long:1129,m5,SUPERSEDED,INSUFFICIENT,Dynamic Update
memos_long:1129,m6,SUPERSEDED,INSUFFICIENT,Dynamic Update
memos_long:1129,m7,SUPERSEDED,INSUFFICIENT,Dynamic Update
memos_long:1129,m8,SUPERSEDED,INSUFFICIENT,Dynamic Update
memos_long:1133,m3,SUPPORT,SUPPORT,Generalization & Application
memos_long:1133,m5,SUPPORT,SUPPORT,Generalization & Application
memos_long:1133,m8,SUPPORT,SUPPORT,Generalization & Application
memos_long:1133,m12,SUPPORT,SUPPORT,Generalization & Application
memos_long:1134,m5,SUPPORT,INSUFFICIENT,Memory Conflict
memos_long:1134,m7,SUPPORT,REFUTE,Memory Conflict
memos_long:1134,m8,SUPPORT,INSUFFICIENT,Memory Conflict
memos_long:1134,m10,SUPPORT,REFUTE,Memory Conflict
memos_long:1136,m1,SUPPORT,SUPPORT,Basic Fact Recall
memos_long:1136,m2,SUPPORT,SUPPORT,Basic Fact Recall
memos_long:1136,m3,SUPPORT,SUPPORT,Basic Fact Recall
memos_long:1136,m9,SUPPORT,SUPPORT,Basic Fact Recall
memos_long:1137,m1,SUPPORT,SUPPORT,Generalization & Application
memos_long:1137,m2,SUPPORT,SUPPORT,Generalization & Application
memos_long:1137,m3,SUPPORT,SUPPORT,Generalization & Application
memos_long:1137,m4,SUPPORT,SUPPORT,Generalization & Application
memos_long:1139,m1,SUPPORT,SUPPORT,Generalization & Application
memos_long:1139,m2,SUPPORT,SUPPORT,Generalization & Application
memos_long:1139,m4,SUPPORT,SUPPORT,Generalization & Application
memos_long:1141,m2,SUPPORT,REFUTE,Memory Conflict
memos_long:1141,m3,SUPPORT,REFUTE,Memory Conflict
memos_long:1141,m7,SUPPORT,REFUTE,Memory Conflict
memos_long:1141,m9,SUPPORT,REFUTE,Memory Conflict
memos_long:1144,m1,SUPPORT,INSUFFICIENT,Multi-hop Inference
memos_long:1144,m2,SUPPORT,INSUFFICIENT,Multi-hop Inference
memos_long:1144,m9,SUPPORT,INSUFFICIENT,Multi-hop Inference
memos_long:1144,m12,SUPPORT,INSUFFICIENT,Multi-hop Inference
memos_long:1147,m1,SUPPORT,SUPPORT,Generalization & Application
memos_long:1147,m4,SUPPORT,SUPPORT,Generalization & Application
memos_long:1147,m5,SUPPORT,SUPPORT,Generalization & Application
memos_long:1147,m11,SUPPORT,SUPPORT,Generalization & Application
memos_long:1149,m4,SUPPORT,INSUFFICIENT,Basic Fact Recall
memos_long:1149,m12,SUPPORT,INSUFFICIENT,Basic Fact Recall
memos_long:1150,m10,SUPPORT,INSUFFICIENT,Generalization & Application
memos_long:1150,m12,SUPPORT,INSUFFICIENT,Generalization & Application
memos_long:1151,m1,SUPPORT,INSUFFICIENT,Generalization & Application
memos_long:1151,m3,SUPPORT,SUPPORT,Generalization & Application
memos_long:1151,m8,SUPPORT,SUPPORT,Generalization & Application
memos_long:1153,m1,SUPPORT,INSUFFICIENT,Memory Conflict
memos_long:1153,m4,SUPPORT,REFUTE,Memory Conflict
memos_long:1154,m1,SUPPORT,SUPPORT,Generalization & Application
memos_long:1154,m4,SUPPORT,SUPPORT,Generalization & Application
memos_long:1156,m2,SUPPORT,REFUTE,Memory Conflict
memos_long:1156,m5,SUPPORT,REFUTE,Memory Conflict
memos_long:1156,m6,SUPPORT,REFUTE,Memory Conflict
memos_long:1156,m9,SUPPORT,REFUTE,Memory Conflict
memos_long:1159,m4,SUPPORT,INSUFFICIENT,Memory Conflict
memos_long:1160,m1,SUPPORT,REFUTE,Memory Conflict
memos_long:1161,m1,SUPPORT,SUPPORT,Generalization & Application
memos_long:1161,m2,SUPPORT,SUPPORT,Generalization & Application
memos_long:1161,m5,SUPPORT,SUPPORT,Generalization & Application
memos_long:1161,m8,SUPPORT,SUPPORT,Generalization & Application
memos_long:1170,m1,SUPPORT,SUPPORT,Generalization & Application
memos_long:1170,m3,SUPPORT,SUPPORT,Generalization & Application
memos_long:1172,m1,SUPPORT,SUPPORT,Generalization & Application
memos_long:1173,m2,SUPPORT,SUPPORT,Generalization & Application
memos_long:1173,m8,SUPPORT,SUPPORT,Generalization & Application
memos_long:1173,m10,SUPPORT,SUPPORT,Generalization & Application
memos_long:1174,m2,SUPPORT,SUPPORT,Generalization & Application
memos_long:1174,m3,SUPPORT,SUPPORT,Generalization & Application
memos_long:1174,m12,SUPPORT,SUPPORT,Generalization & Application
memos_long:1175,m1,SUPPORT,SUPPORT,Generalization & Application
memos_long:1176,m1,SUPPORT,SUPPORT,Generalization & Application
memos_long:1176,m5,SUPPORT,SUPPORT,Generalization & Application
memos_long:1178,m1,SUPPORT,INSUFFICIENT,Basic Fact Recall
memos_long:1183,m3,SUPPORT,REFUTE,Memory Conflict
memos_long:1184,m1,SUPPORT,REFUTE,Memory Conflict
memos_long:1184,m2,SUPPORT,REFUTE,Memory Conflict
memos_long:1184,m5,SUPPORT,INSUFFICIENT,Memory Conflict
memos_long:1184,m7,SUPPORT,REFUTE,Memory Conflict
memos_long:1185,m1,SUPPORT,SUPPORT,Generalization & Application
memos_long:1185,m2,SUPPORT,SUPPORT,Generalization & Application
memos_long:1185,m6,SUPPORT,SUPPORT,Generalization & Application
memos_long:1191,m1,SUPERSEDED,INSUFFICIENT,Dynamic Update
memos_long:1191,m2,SUPERSEDED,INSUFFICIENT,Dynamic Update
memos_long:1191,m3,SUPERSEDED,SUPPORT,Dynamic Update
memos_long:1191,m4,SUPERSEDED,INSUFFICIENT,Dynamic Update
memos_long:1191,m5,SUPERSEDED,INSUFFICIENT,Dynamic Update
memos_long:1191,m6,SUPERSEDED,INSUFFICIENT,Dynamic Update
memos_long:1191,m7,SUPERSEDED,INSUFFICIENT,Dynamic Update
memos_long:1191,m8,SUPERSEDED,INSUFFICIENT,Dynamic Update
memos_long:1191,m9,SUPERSEDED,INSUFFICIENT,Dynamic Update
memos_long:1191,m10,SUPERSEDED,INSUFFICIENT,Dynamic Update
memos_long:1191,m11,SUPERSEDED,INSUFFICIENT,Dynamic Update
memos_long:1191,m12,SUPERSEDED,INSUFFICIENT,Dynamic Update
memos_long:1192,m2,SUPPORT,SUPPORT,Basic Fact Recall
memos_long:1192,m3,SUPPORT,SUPPORT,Basic Fact Recall
memos_long:1193,m1,SUPPORT,SUPPORT,Generalization & Application
memos_long:1193,m2,SUPPORT,SUPPORT,Generalization & Application
memos_long:1193,m4,SUPPORT,SUPPORT,Generalization & Application
memos_long:1193,m6,SUPPORT,SUPPORT,Generalization & Application
memos_long:1194,m1,SUPPORT,REFUTE,Memory Conflict
memos_long:1194,m3,SUPPORT,REFUTE,Memory Conflict
memos_long:1194,m4,SUPPORT,REFUTE,Memory Conflict
memos_long:1196,m1,SUPPORT,SUPPORT,Generalization & Application
memos_long:1196,m2,SUPPORT,SUPPORT,Generalization & Application
memos_long:1197,m1,SUPPORT,REFUTE,Memory Conflict
memos_long:1197,m4,SUPPORT,REFUTE,Memory Conflict
memos_long:1197,m7,SUPPORT,REFUTE,Memory Conflict
memos_long:1197,m8,SUPPORT,REFUTE,Memory Conflict
memos_long:1202,m1,SUPPORT,SUPPORT,Basic Fact Recall
memos_long:1202,m8,SUPPORT,SUPPORT,Basic Fact Recall
memos_long:1212,m1,SUPPORT,INSUFFICIENT,Multi-hop Inference
memos_long:1212,m2,SUPPORT,INSUFFICIENT,Multi-hop Inference
memos_long:1212,m3,SUPPORT,SUPPORT,Multi-hop Inference
memos_long:1213,m2,SUPPORT,SUPPORT,Multi-hop Inference
memos_long:1213,m3,SUPPORT,SUPPORT,Multi-hop Inference
memos_long:1213,m4,SUPPORT,INSUFFICIENT,Multi-hop Inference
memos_long:1215,m1,SUPPORT,SUPPORT,Generalization & Application
memos_long:1215,m7,SUPPORT,SUPPORT,Generalization & Application
memos_long:1215,m8,SUPPORT,SUPPORT,Generalization & Application
memos_long:1217,m1,SUPPORT,REFUTE,Memory Conflict
memos_long:1217,m8,SUPPORT,REFUTE,Memory Conflict
memos_long:1217,m9,SUPPORT,REFUTE,Memory Conflict
memos_long:1220,m1,SUPPORT,REFUTE,Memory Conflict
memos_long:1220,m3,SUPPORT,REFUTE,Memory Conflict
memos_long:1220,m4,SUPPORT,REFUTE,Memory Conflict
memos_long:1220,m5,SUPPORT,REFUTE,Memory Conflict
memos_long:1221,m1,SUPPORT,SUPERSEDED,Memory Conflict
memos_long:1221,m2,SUPPORT,REFUTE,Memory Conflict
memos_long:1221,m3,SUPPORT,REFUTE,Memory Conflict
memos_long:1221,m7,SUPPORT,REFUTE,Memory Conflict
memos_long:1221,m8,SUPPORT,REFUTE,Memory Conflict
memos_long:1221,m9,SUPPORT,REFUTE,Memory Conflict
memos_long:1221,m10,SUPPORT,REFUTE,Memory Conflict
memos_long:1221,m11,SUPPORT,REFUTE,Memory Conflict
memos_long:1221,m12,SUPPORT,REFUTE,Memory Conflict
memos_long:1222,m2,SUPPORT,SUPPORT,Generalization & Application
memos_long:1222,m4,SUPPORT,INSUFFICIENT,Generalization & Application
memos_long:1222,m7,SUPPORT,SUPPORT,Generalization & Application
memos_long:1222,m8,SUPPORT,SUPPORT,Generalization & Application
memos_long:1226,m1,SUPPORT,REFUTE,Memory Conflict
memos_long:1231,m1,SUPPORT,SUPPORT,Generalization & Application
memos_long:1231,m2,SUPPORT,SUPPORT,Generalization & Application
memos_long:1232,m1,SUPPORT,SUPPORT,Generalization & Application
memos_long:1236,m1,SUPPORT,REFUTE,Memory Conflict
memos_long:1236,m3,SUPPORT,REFUTE,Memory Conflict
memos_long:1237,m1,SUPPORT,SUPPORT,Generalization & Application
memos_long:1238,m1,SUPPORT,SUPPORT,Basic Fact Recall
memos_long:1243,m2,SUPPORT,SUPPORT,Basic Fact Recall
memos_long:1245,m1,SUPERSEDED,INSUFFICIENT,Dynamic Update
memos_long:1245,m2,SUPERSEDED,INSUFFICIENT,Dynamic Update
memos_long:1245,m3,SUPPORT,INSUFFICIENT,Dynamic Update
memos_long:1245,m4,SUPERSEDED,INSUFFICIENT,Dynamic Update
memos_long:1245,m5,SUPERSEDED,INSUFFICIENT,Dynamic Update
memos_long:1245,m6,SUPERSEDED,INSUFFICIENT,Dynamic Update
memos_long:1246,m1,SUPERSEDED,INSUFFICIENT,Dynamic Update
memos_long:1246,m2,SUPERSEDED,INSUFFICIENT,Dynamic Update
memos_long:1246,m3,SUPERSEDED,INSUFFICIENT,Dynamic Update
memos_long:1246,m4,SUPERSEDED,INSUFFICIENT,Dynamic Update
memos_long:1246,m5,SUPERSEDED,INSUFFICIENT,Dynamic Update
memos_long:1246,m6,SUPPORT,SUPPORT,Dynamic Update
memos_long:1249,m1,SUPERSEDED,INSUFFICIENT,Dynamic Update
memos_long:1249,m2,SUPERSEDED,INSUFFICIENT,Dynamic Update
memos_long:1249,m3,SUPERSEDED,INSUFFICIENT,Dynamic Update
memos_long:1249,m4,SUPERSEDED,INSUFFICIENT,Dynamic Update
memos_long:1249,m5,SUPERSEDED,INSUFFICIENT,Dynamic Update
memos_long:1249,m6,SUPERSEDED,INSUFFICIENT,Dynamic Update
memos_long:1257,m9,SUPPORT,REFUTE,Memory Conflict
memos_long:1260,m4,SUPPORT,SUPPORT,Generalization & Application
memos_long:1264,m7,SUPPORT,INSUFFICIENT,Generalization & Application
memos_long:1264,m8,SUPPORT,INSUFFICIENT,Generalization & Application
memos_long:1267,m3,SUPPORT,SUPPORT,Generalization & Application
memos_long:1269,m1,SUPPORT,SUPPORT,Dynamic Update
memos_long:1269,m2,SUPERSEDED,SUPPORT,Dynamic Update
memos_long:1269,m3,SUPERSEDED,SUPPORT,Dynamic Update
memos_long:1269,m4,SUPERSEDED,SUPPORT,Dynamic Update
memos_long:1269,m5,SUPERSEDED,INSUFFICIENT,Dynamic Update
memos_long:1269,m6,SUPERSEDED,INSUFFICIENT,Dynamic Update
memos_long:1269,m7,SUPERSEDED,INSUFFICIENT,Dynamic Update
memos_long:1269,m8,SUPERSEDED,INSUFFICIENT,Dynamic Update
memos_long:1269,m9,SUPERSEDED,INSUFFICIENT,Dynamic Update
memos_long:1269,m10,SUPERSEDED,INSUFFICIENT,Dynamic Update
memos_long:1269,m11,SUPERSEDED,INSUFFICIENT,Dynamic Update
memos_long:1269,m12,SUPERSEDED,INSUFFICIENT,Dynamic Update
memos_long:1270,m1,SUPERSEDED,SUPPORT,Dynamic Update
memos_long:1270,m2,SUPERSEDED,SUPPORT,Dynamic Update
memos_long:1270,m3,SUPPORT,SUPPORT,Dynamic Update
memos_long:1270,m4,SUPERSEDED,INSUFFICIENT,Dynamic Update
memos_long:1270,m5,SUPERSEDED,INSUFFICIENT,Dynamic Update
memos_long:1270,m6,SUPERSEDED,INSUFFICIENT,Dynamic Update
memos_long:1270,m7,SUPERSEDED,INSUFFICIENT,Dynamic Update
memos_long:1270,m8,SUPERSEDED,SUPPORT,Dynamic Update
memos_long:1270,m9,SUPERSEDED,INSUFFICIENT,Dynamic Update
memos_long:1270,m10,SUPERSEDED,INSUFFICIENT,Dynamic Update
memos_long:1270,m11,SUPERSEDED,INSUFFICIENT,Dynamic Update
memos_long:1270,m12,SUPERSEDED,INSUFFICIENT,Dynamic Update
memos_long:1271,m1,SUPPORT,INSUFFICIENT,Dynamic Update
memos_long:1271,m2,SUPERSEDED,SUPPORT,Dynamic Update
memos_long:1271,m3,SUPPORT,INSUFFICIENT,Dynamic Update
memos_long:1271,m4,SUPERSEDED,INSUFFICIENT,Dynamic Update
memos_long:1271,m5,SUPERSEDED,INSUFFICIENT,Dynamic Update
memos_long:1271,m6,SUPERSEDED,INSUFFICIENT,Dynamic Update
memos_long:1271,m7,SUPERSEDED,INSUFFICIENT,Dynamic Update
memos_long:1271,m8,SUPERSEDED,INSUFFICIENT,Dynamic Update
memos_long:1271,m9,SUPERSEDED,INSUFFICIENT,Dynamic Update
memos_long:1271,m10,SUPERSEDED,INSUFFICIENT,Dynamic Update
memos_long:1271,m11,SUPERSEDED,INSUFFICIENT,Dynamic Update
memos_long:1271,m12,SUPERSEDED,INSUFFICIENT,Dynamic Update
memos_long:1272,m1,SUPERSEDED,INSUFFICIENT,Dynamic Update
memos_long:1272,m2,SUPPORT,SUPPORT,Dynamic Update
memos_long:1272,m3,SUPERSEDED,INSUFFICIENT,Dynamic Update
memos_long:1272,m4,SUPERSEDED,INSUFFICIENT,Dynamic Update
memos_long:1272,m5,SUPERSEDED,INSUFFICIENT,Dynamic Update
memos_long:1272,m6,SUPERSEDED,INSUFFICIENT,Dynamic Update
memos_long:1272,m7,SUPERSEDED,INSUFFICIENT,Dynamic Update
memos_long:1272,m8,SUPERSEDED,INSUFFICIENT,Dynamic Update
memos_long:1272,m9,SUPERSEDED,INSUFFICIENT,Dynamic Update
memos_long:1272,m10,SUPERSEDED,INSUFFICIENT,Dynamic Update
memos_long:1272,m11,SUPERSEDED,INSUFFICIENT,Dynamic Update
memos_long:1272,m12,SUPERSEDED,INSUFFICIENT,Dynamic Update
memos_long:1273,m1,SUPERSEDED,SUPPORT,Dynamic Update
memos_long:1273,m2,SUPERSEDED,INSUFFICIENT,Dynamic Update
memos_long:1273,m3,SUPERSEDED,SUPPORT,Dynamic Update
memos_long:1273,m4,SUPERSEDED,SUPPORT,Dynamic Update
memos_long:1273,m5,SUPERSEDED,INSUFFICIENT,Dynamic Update
memos_long:1273,m6,SUPERSEDED,INSUFFICIENT,Dynamic Update
memos_long:1273,m7,SUPERSEDED,SUPPORT,Dynamic Update
memos_long:1273,m8,SUPERSEDED,SUPPORT,Dynamic Update
memos_long:1273,m9,SUPERSEDED,INSUFFICIENT,Dynamic Update
memos_long:1273,m10,SUPERSEDED,SUPPORT,Dynamic Update
memos_long:1273,m11,SUPERSEDED,INSUFFICIENT,Dynamic Update
memos_long:1273,m12,SUPERSEDED,INSUFFICIENT,Dynamic Update
memos_long:1275,m1,SUPERSEDED,SUPPORT,Dynamic Update
memos_long:1275,m2,SUPERSEDED,INSUFFICIENT,Dynamic Update
memos_long:1275,m3,SUPERSEDED,SUPPORT,Dynamic Update
memos_long:1275,m4,SUPERSEDED,SUPPORT,Dynamic Update
memos_long:1275,m5,SUPERSEDED,SUPPORT,Dynamic Update
memos_long:1275,m6,SUPERSEDED,SUPPORT,Dynamic Update
memos_long:1275,m7,SUPERSEDED,INSUFFICIENT,Dynamic Update
memos_long:1275,m8,SUPERSEDED,INSUFFICIENT,Dynamic Update
memos_long:1275,m9,SUPERSEDED,SUPPORT,Dynamic Update
memos_long:1275,m10,SUPERSEDED,INSUFFICIENT,Dynamic Update
memos_long:1275,m11,SUPERSEDED,INSUFFICIENT,Dynamic Update
memos_long:1275,m12,SUPERSEDED,INSUFFICIENT,Dynamic Update
memos_long:1276,m1,SUPPORT,SUPPORT,Dynamic Update
memos_long:1276,m2,SUPPORT,SUPPORT,Dynamic Update
memos_long:1276,m3,SUPPORT,SUPPORT,Dynamic Update
memos_long:1276,m4,SUPPORT,SUPPORT,Dynamic Update
memos_long:1276,m5,SUPERSEDED,INSUFFICIENT,Dynamic Update
memos_long:1276,m6,SUPERSEDED,INSUFFICIENT,Dynamic Update
memos_long:1276,m7,SUPERSEDED,INSUFFICIENT,Dynamic Update
memos_long:1276,m8,SUPERSEDED,SUPPORT,Dynamic Update
memos_long:1276,m9,SUPERSEDED,INSUFFICIENT,Dynamic Update
memos_long:1276,m10,SUPERSEDED,INSUFFICIENT,Dynamic Update
memos_long:1276,m11,SUPERSEDED,SUPPORT,Dynamic Update
memos_long:1276,m12,SUPERSEDED,INSUFFICIENT,Dynamic Update
memos_long:1277,m1,SUPERSEDED,INSUFFICIENT,Dynamic Update
memos_long:1277,m2,SUPPORT,SUPPORT,Dynamic Update
memos_long:1277,m3,SUPERSEDED,SUPPORT,Dynamic Update
memos_long:1277,m4,SUPERSEDED,INSUFFICIENT,Dynamic Update
memos_long:1277,m5,SUPERSEDED,INSUFFICIENT,Dynamic Update
memos_long:1277,m6,SUPERSEDED,INSUFFICIENT,Dynamic Update
memos_long:1277,m7,SUPERSEDED,INSUFFICIENT,Dynamic Update
memos_long:1277,m8,SUPERSEDED,INSUFFICIENT,Dynamic Update
memos_long:1277,m9,SUPERSEDED,INSUFFICIENT,Dynamic Update
memos_long:1277,m10,SUPERSEDED,INSUFFICIENT,Dynamic Update
memos_long:1277,m11,SUPERSEDED,INSUFFICIENT,Dynamic Update
memos_long:1277,m12,SUPERSEDED,INSUFFICIENT,Dynamic Update
memos_long:1279,m5,SUPPORT,REFUTE,Memory Conflict
memos_long:1281,m1,SUPPORT,REFUTE,Memory Conflict
memos_long:1282,m3,SUPPORT,SUPPORT,Memory Conflict
memos_long:1286,m6,SUPPORT,REFUTE,Memory Conflict
memos_long:1287,m6,SUPPORT,INSUFFICIENT,Memory Conflict
memos_long:1290,m1,SUPPORT,REFUTE,Memory Conflict
memos_long:1294,m5,SUPPORT,INSUFFICIENT,Basic Fact Recall
memos_long:1295,m4,SUPPORT,SUPPORT,Basic Fact Recall
memos_long:1296,m1,SUPPORT,REFUTE,Memory Conflict
memos_long:1296,m2,SUPPORT,REFUTE,Memory Conflict
memos_long:1296,m11,SUPPORT,REFUTE,Memory Conflict
memos_long:1297,m1,SUPPORT,INSUFFICIENT,Memory Conflict
memos_long:1297,m2,SUPPORT,INSUFFICIENT,Memory Conflict
memos_long:1297,m6,SUPPORT,INSUFFICIENT,Memory Conflict
memos_long:1297,m9,SUPPORT,INSUFFICIENT,Memory Conflict
memos_long:1297,m12,SUPPORT,INSUFFICIENT,Memory Conflict
memos_long:1298,m1,SUPPORT,INSUFFICIENT,Memory Conflict
memos_long:1310,m2,SUPPORT,REFUTE,Memory Conflict
memos_long:1310,m3,SUPPORT,REFUTE,Memory Conflict
memos_long:1310,m4,SUPPORT,REFUTE,Memory Conflict
memos_long:1310,m7,SUPPORT,REFUTE,Memory Conflict
memos_long:1310,m8,SUPPORT,REFUTE,Memory Conflict
memos_long:1310,m11,SUPPORT,REFUTE,Memory Conflict
memos_long:1311,m1,SUPPORT,INSUFFICIENT,Memory Conflict
memos_long:1311,m2,SUPPORT,INSUFFICIENT,Memory Conflict
memos_long:1311,m5,SUPPORT,INSUFFICIENT,Memory Conflict
memos_long:1311,m6,SUPPORT,INSUFFICIENT,Memory Conflict
memos_long:1311,m7,SUPPORT,INSUFFICIENT,Memory Conflict
memos_long:1311,m9,SUPPORT,INSUFFICIENT,Memory Conflict
memos_long:1311,m11,SUPPORT,INSUFFICIENT,Memory Conflict
memos_long:1311,m12,SUPPORT,INSUFFICIENT,Memory Conflict
memos_long:1313,m6,SUPPORT,SUPPORT,Generalization & Application
memos_long:1314,m2,SUPPORT,REFUTE,Memory Conflict
memos_long:1315,m3,SUPPORT,SUPPORT,Basic Fact Recall
memos_long:1316,m1,SUPPORT,SUPPORT,Basic Fact Recall
memos_long:1316,m3,SUPPORT,SUPPORT,Basic Fact Recall
memos_long:1316,m5,SUPPORT,SUPPORT,Basic Fact Recall
memos_long:1316,m7,SUPPORT,SUPPORT,Basic Fact Recall
memos_long:1318,m1,SUPPORT,REFUTE,Memory Conflict
memos_long:1318,m8,SUPPORT,REFUTE,Memory Conflict
memos_long:1319,m2,SUPPORT,SUPPORT,Generalization & Application
memos_long:1323,m1,SUPPORT,SUPPORT,Multi-hop Inference
memos_long:1323,m3,SUPPORT,SUPPORT,Multi-hop Inference
memos_long:1323,m7,SUPPORT,SUPPORT,Multi-hop Inference
memos_long:1325,m3,SUPPORT,SUPPORT,Multi-hop Inference
memos_long:1327,m1,SUPERSEDED,INSUFFICIENT,Dynamic Update
memos_long:1327,m2,SUPPORT,SUPPORT,Dynamic Update
memos_long:1327,m3,SUPERSEDED,INSUFFICIENT,Dynamic Update
memos_long:1327,m4,SUPERSEDED,INSUFFICIENT,Dynamic Update
memos_long:1327,m5,SUPERSEDED,INSUFFICIENT,Dynamic Update
memos_long:1327,m6,SUPERSEDED,INSUFFICIENT,Dynamic Update
memos_long:1327,m7,SUPERSEDED,INSUFFICIENT,Dynamic Update
memos_long:1327,m8,SUPERSEDED,INSUFFICIENT,Dynamic Update
memos_long:1327,m9,SUPERSEDED,INSUFFICIENT,Dynamic Update
memos_long:1327,m10,SUPERSEDED,INSUFFICIENT,Dynamic Update
memos_long:1327,m11,SUPERSEDED,INSUFFICIENT,Dynamic Update
memos_long:1327,m12,SUPERSEDED,INSUFFICIENT,Dynamic Update
memos_long:1332,m2,SUPPORT,SUPPORT,Generalization & Application
memos_long:1334,m7,SUPPORT,INSUFFICIENT,Memory Conflict
memos_long:1337,m1,SUPPORT,REFUTE,Memory Conflict
memos_long:1337,m8,SUPPORT,REFUTE,Memory Conflict
memos_long:1338,m1,SUPPORT,SUPPORT,Basic Fact Recall
memos_long:1340,m2,SUPPORT,SUPPORT,Basic Fact Recall
memos_long:1340,m4,SUPPORT,SUPPORT,Basic Fact Recall
memos_long:1342,m1,SUPPORT,SUPPORT,Basic Fact Recall
memos_long:1346,m2,SUPPORT,SUPPORT,Generalization & Application
memos_long:1346,m4,SUPPORT,SUPPORT,Generalization & Application
memos_long:1348,m1,SUPPORT,SUPPORT,Generalization & Application
memos_long:1353,m1,SUPPORT,SUPPORT,Basic Fact Recall
memos_long:1353,m2,SUPPORT,SUPPORT,Basic Fact Recall
memos_long:1353,m3,SUPPORT,INSUFFICIENT,Basic Fact Recall
memos_long:1358,m1,SUPPORT,SUPPORT,Generalization & Application
memos_long:1358,m2,SUPPORT,SUPPORT,Generalization & Application
memos_long:1358,m5,SUPPORT,SUPPORT,Generalization & Application
memos_long:1360,m1,SUPPORT,SUPPORT,Generalization & Application
memos_long:1360,m4,SUPPORT,SUPPORT,Generalization & Application
memos_long:1364,m1,SUPPORT,CURRENT,Memory Conflict
memos_long:1364,m9,SUPPORT,REFUTE,Memory Conflict
memos_long:1368,m1,SUPPORT,INSUFFICIENT,Generalization & Application
memos_long:1370,m1,SUPPORT,SUPPORT,Generalization & Application
memos_long:1370,m2,SUPPORT,SUPPORT,Generalization & Application
memos_long:1371,m1,SUPPORT,SUPPORT,Basic Fact Recall
memos_long:1371,m3,SUPPORT,SUPPORT,Basic Fact Recall
memos_long:1374,m1,SUPPORT,SUPPORT,Basic Fact Recall
memos_long:1378,m1,SUPPORT,SUPPORT,Generalization & Application
memos_long:1378,m3,SUPPORT,SUPPORT,Generalization & Application
memos_long:1381,m1,SUPPORT,SUPPORT,Generalization & Application
memos_long:1381,m2,SUPPORT,SUPPORT,Generalization & Application
memos_long:1381,m4,SUPPORT,SUPPORT,Generalization & Application
memos_long:1475,m4,SUPPORT,SUPPORT,Generalization & Application
memos_long:1484,m1,SUPPORT,SUPPORT,Basic Fact Recall
memos_long:1484,m2,SUPPORT,SUPPORT,Basic Fact Recall
memos_long:1484,m9,SUPPORT,SUPPORT,Basic Fact Recall
memos_long:1500,m1,SUPPORT,SUPPORT,Basic Fact Recall
memos_long:1667,m1,SUPPORT,SUPPORT,Basic Fact Recall
memos_long:1667,m3,SUPPORT,SUPPORT,Basic Fact Recall
memos_long:1667,m5,SUPPORT,SUPPORT,Basic Fact Recall
memos_long:1668,m1,SUPPORT,REFUTE,Memory Conflict
memos_long:1668,m2,SUPPORT,REFUTE,Memory Conflict
memos_long:1668,m3,SUPPORT,REFUTE,Memory Conflict
memos_long:1668,m4,SUPPORT,REFUTE,Memory Conflict
memos_long:1668,m5,SUPPORT,REFUTE,Memory Conflict
memos_long:1668,m6,SUPPORT,REFUTE,Memory Conflict
memos_long:1669,m4,SUPPORT,SUPPORT,Memory Conflict
memos_long:1670,m3,SUPPORT,REFUTE,Memory Conflict
memos_long:1670,m6,SUPPORT,REFUTE,Memory Conflict
memos_long:1670,m10,SUPPORT,REFUTE,Memory Conflict
memos_long:1671,m2,SUPPORT,SUPPORT,Basic Fact Recall
memos_long:1671,m11,SUPPORT,SUPPORT,Basic Fact Recall
memos_long:1674,m3,SUPPORT,SUPPORT,Generalization & Application
memos_long:1674,m7,SUPPORT,SUPPORT,Generalization & Application
memos_long:1674,m8,SUPPORT,SUPPORT,Generalization & Application
memos_long:1675,m1,SUPPORT,SUPPORT,Generalization & Application
memos_long:1676,m1,SUPPORT,SUPPORT,Generalization & Application
memos_long:1676,m3,SUPPORT,SUPPORT,Generalization & Application
memos_long:1676,m6,SUPPORT,SUPPORT,Generalization & Application
memos_long:1676,m7,SUPPORT,SUPPORT,Generalization & Application
memos_long:1676,m8,SUPPORT,SUPPORT,Generalization & Application
memos_long:1676,m11,SUPPORT,SUPPORT,Generalization & Application
memos_long:1682,m1,SUPPORT,SUPPORT,Basic Fact Recall
memos_long:1682,m5,SUPPORT,SUPPORT,Basic Fact Recall
memos_long:1682,m7,SUPPORT,SUPPORT,Basic Fact Recall
memos_long:1683,m1,SUPPORT,SUPPORT,Basic Fact Recall
memos_long:1683,m2,SUPPORT,SUPPORT,Basic Fact Recall
memos_long:1686,m2,SUPPORT,REFUTE,Memory Conflict
memos_long:1686,m7,SUPPORT,INSUFFICIENT,Memory Conflict
memos_long:1686,m8,SUPPORT,INSUFFICIENT,Memory Conflict
memos_long:1686,m10,SUPPORT,INSUFFICIENT,Memory Conflict
memos_long:1688,m1,SUPPORT,SUPPORT,Basic Fact Recall
memos_long:1689,m2,SUPPORT,REFUTE,Memory Conflict
memos_long:1693,m3,SUPPORT,SUPPORT,Generalization & Application
memos_long:1693,m4,SUPPORT,SUPPORT,Generalization & Application
memos_long:1693,m5,SUPPORT,SUPPORT,Generalization & Application
memos_long:1695,m1,SUPPORT,SUPPORT,Generalization & Application
memos_long:1695,m6,SUPPORT,SUPPORT,Generalization & Application
memos_long:1695,m8,SUPPORT,SUPPORT,Generalization & Application
memos_long:1699,m1,SUPPORT,REFUTE,Memory Conflict
memos_long:1699,m4,SUPPORT,REFUTE,Memory Conflict
memos_long:1701,m1,SUPPORT,REFUTE,Memory Conflict
memos_long:1702,m1,SUPPORT,MISBIND,Memory Conflict
memos_long:1703,m1,SUPPORT,SUPPORT,Basic Fact Recall
memos_long:1704,m1,SUPPORT,SUPPORT,Generalization & Application
memos_long:1704,m2,SUPPORT,SUPPORT,Generalization & Application
memos_long:1706,m10,SUPPORT,SUPPORT,Memory Conflict
memos_long:1707,m1,SUPPORT,REFUTE,Memory Conflict
memos_long:1719,m1,SUPPORT,SUPPORT,Basic Fact Recall
memos_long:1719,m2,SUPPORT,SUPPORT,Basic Fact Recall
memos_long:1719,m3,SUPPORT,SUPPORT,Basic Fact Recall
memos_long:1719,m12,SUPPORT,SUPPORT,Basic Fact Recall
memos_long:1721,m1,SUPPORT,SUPPORT,Memory Conflict
memos_long:1721,m4,SUPPORT,SUPPORT,Memory Conflict
