case_id,dataset,question_type,baseline_label,retrieval_stratum,question,gold_answer,gold_evidence,support_memory_texts,A0_answer,A0_label,A3_answer,A3_label,human_support_valid,human_flip_valid,human_notes
memos_long:2613,long,Generalization & Application,hallucination,strict_supported,What wardrobe changes might Oleksandr consider for a business conference in April 2027?,"Opt for subtle, elegant styles to maintain a professional image.","[""{'memory_content': 'Oleksandr attended a fashion seminar that emphasized balancing style with professionalism.', 'memory_type': 'Event Memory'}"", ""{'memory_content': \""Oleksandr's appreciation for subtlety and elegance in clothing deepened after attending the seminar.\"", 'memory_type': 'Persona Memory'}"", ""{'memory_content': 'Oleksandr dislikes overly flashy clothing, preferring styles that balance elegance and subtlety.', 'memory_type': 'Persona Memory'}"", ""{'memory_content': \""Oleksandr's clothing preferences reflect his desire for a mature professional image.\"", 'memory_type': 'Persona Memory'}"", ""{'memory_content': 'Oleksandr expressed the importance of feeling comfortable and confident in professional attire.', 'memory_type': 'Persona Memory'}"", ""{'memory_content': 'Oleksandr aims to integrate insights from the seminar into his wardrobe for a sophisticated style.', 'memory_type': 'Event Memory'}""]","m1: On March 23, 2027, Oleksandr expressed excitement about how incorporating changes in his wardrobe will impact his professional presence and overall professional image.

m2: On March 23, 2027, Oleksandr expressed his intention to incorporate new insights and lifestyle changes into his wardrobe to achieve a more sophisticated and professional image.

m3: On March 23, 2027, at 10:57 PM, Oleksandr stated that his clothing choices are essential to him because they must convey a balance between professionalism and personal expression.

m4: On March 23, 2027, Oleksandr acknowledged that seeking external insights and reflecting on professional and personal influences has helped him reassess his clothing preferences. He expressed a commitment to authenticity and integrity in his personal and professional image.","Structured, professional, bold elements.",hallucination,Sophisticated professional image.,correct,,,
memos_medium:401,medium,Memory Conflict,hallucination,strict_supported,Did Donald Brown decide to retire because of chronic health conditions?,"No, Donald retired for personal growth, not due to chronic health conditions.","[""{'memory_content': 'Donald Brown feels more relaxed and content with his decision to retire, enjoying the newfound freedom to focus on personal interests and contribute to community initiatives.', 'memory_type': 'Persona Memory'}"", ""{'memory_content': \""Donald Brown's retirement allows him to focus on personal interests and contribute to community initiatives, providing a sense of purpose and fulfillment.\"", 'memory_type': 'Event Memory'}""]","m3: On December 12, 2025, Donald shared that he decided to retire to prioritize his personal well-being and explore new interests and lifestyle changes.","Yes, due to health deterioration.",hallucination,"No, for personal well-being.",correct,,,
memos_medium:3189,medium,Basic Fact Recall,hallucination,strict_supported,"What is Barbara's job title as of September 4, 2033?",Director of Research Projects at Heart Health International,"[""{'memory_content': 'Barbara Jones\\'s career_status updated job_title from \""Consultant\"" to \""Director of Research Projects at Heart Health International\""', 'memory_type': 'Persona Memory'}""]","m2: On September 4, 2033, Barbara shared that she feels both excited and apprehensive about her new role as Director of Research Projects. She expressed concern regarding the new responsibilities and the impact of her ongoing health challenges on her life.",Senior Researcher,hallucination,Director of Research Projects,correct,,,
memos_long:2567,long,Memory Conflict,hallucination,strict_supported,"Did Steven Miller express a desire to avoid cooperative puzzle games on Dec 02, 2035?","No, he expressed a desire to explore more cooperative puzzle games.","[""{'memory_content': 'Steven Miller updated his gaming preferences to include cooperative puzzle games for their blend of social interaction and mental engagement.', 'memory_type': 'Persona Memory'}"", ""{'memory_content': 'Steven Miller expressed a desire to explore more games that offer a blend of social and mental engagement.', 'memory_type': 'Persona Memory'}""]","m1: On December 2, 2035, Steven shared that he has shifted his gaming preferences to include cooperative puzzle games. He finds these games enhance his enjoyment by providing both mental engagement and relaxation.

m5: On December 2, 2035, at 2:11 PM, Steven expressed a creative motivation to explore cooperative games, believing that such games could inspire new ideas and provide a necessary break from professional responsibilities.",No.,hallucination,"No, he wanted them.",correct,,,
memos_long:1170,long,Generalization & Application,hallucination,strict_supported,"What strategies might Taylor develop to expand the impact of the Global Nutrition Initiative after Sep 01, 2035?",Leveraging emotional resonance and empathetic interactions through AI.,"[""{'memory_content': 'Taylor is working on new strategies to expand the impact of the Global Nutrition Initiative globally.', 'memory_type': 'Event Memory'}"", ""{'memory_content': \""Taylor's strategic initiative development involves leveraging emotional resonance and empathetic interactions through AI for support.\"", 'memory_type': 'Persona Memory'}""]","m1: On February 1, 2036, Taylor shared plans to expand the Global Nutrition Initiative by exploring partnerships with international organizations and developing strategic initiatives tailored to different regions.

m3: [Since: 2035-11-01] As of November 1, 2035, Taylor has recently been reflecting on a promotion to Lead Nutrition Advocate. Taylor expressed excitement about the opportunity to expand the Global Nutrition Initiative's influence on children's nutrition worldwide and the potential for partnerships with international organizations.",Tailored regional partnerships.,hallucination,Regional strategic initiatives.,hallucination,,,
memos_long:2023,long,Basic Fact Recall,hallucination,strict_supported,"What is Joseph Garcia's goal for his educational programs as of June 01, 2037?","Educate 100,000 people about the history of cinema.","[""{'memory_content': 'Joseph Garcia aims to educate 100,000 people about the history of cinema through expanded educational programs.', 'memory_type': 'Event Memory'}""]","m5: As of November 22, 2037, Joseph is working on an educational program aimed at teaching the history of cinema to a total of 100,000 people.",Expand reach and impact.,hallucination,"Teach 100,000 people.",correct,,,
memos_medium:2487,medium,Memory Conflict,hallucination,strict_supported,"Did Steven Miller's network discourage his early retirement decision on Jan 12, 2029?",His network supported his retirement and passive income strategies.,"[""{'memory_content': 'Steven Miller acknowledged the support from his network as crucial in his decision to retire early and pursue passive income strategies.', 'memory_type': 'Relationship Memory'}"", ""{'memory_content': 'Steven Miller expressed gratitude for the emotional support from his network, which has been crucial in his transition to retirement and health recovery.', 'memory_type': 'Relationship Memory'}""]","m1: On November 12, 2029, Steven expressed gratitude for the support he received from his personal network during his retirement transition. He noted that this support has significantly enhanced his quality of life.

m2: Steven acknowledged on April 1, 2029, that the emotional support provided by his friends and family has been pivotal in his recovery journey during the transition to retirement.",No.,hallucination,"No, they supported him.",correct,,,
memos_medium:38,medium,Generalization & Application,hallucination,strict_supported,"What sustainable travel choices might Martin consider after October 29, 2027?",Eco-friendly transportation or supporting local eco-tourism.,"[""{'memory_content': 'Martin is exploring other areas of life to integrate sustainable choices, such as travel and dietary habits.', 'memory_type': 'Event Memory'}"", ""{'memory_content': 'Martin values sustainability and environmental consciousness, actively exploring ways to integrate these values into his clothing choices and other aspects of life.', 'memory_type': 'Persona Memory'}""]","m6: [Since: 2027-10-29] Martin is committed to applying sustainable practices to his travel and dietary habits, with a focus on tracking carbon footprint and well-being to align actions with values.

m1: [Since: 2027-10-29] As of October 29, 2027, Martin plans to stay informed about sustainable innovations and incorporate them into his lifestyle and professional life.

m2: [Since: 2027-10-29] On October 29, 2027, Martin expressed his hope that his ongoing efforts would lead to a more environmentally conscious community.",Prioritize cultural and health tours.,hallucination,Sustainable travel and diet.,hallucination,,,
memos_long:1272,long,Dynamic Update,hallucination,strict_supported,"What is Ananya Sharma's latest goal regarding film festivals as of Nov 18, 2026?",Contribute to more major film festivals,"[""{'memory_content': 'Ananya Sharma discussed plans to contribute to more major film festivals to increase her influence in the film industry and promote diverse narratives.', 'memory_type': 'Event Memory'}""]","m2: [Since: 2026-03-01] On March 1, 2026, Ananya expressed a desire to contribute to more major film festivals and amplify diverse voices in cinema to create a more inclusive space.",Promote Indian cinema globally.,hallucination,Contribute to major festivals,correct,,,
memos_long:1500,long,Basic Fact Recall,hallucination,strict_supported,"What activities did Jennifer Martin incorporate into her lifestyle to achieve a balanced lifestyle by October 20, 2029?",Regular exercise and mindfulness practices,"[""{'memory_content': 'Jennifer Martin adopted a balanced lifestyle incorporating regular exercise and mindfulness practices.', 'memory_type': 'Event Memory'}""]","m1: [Since: 2029-10-20] On October 20, 2029, Jennifer expressed her intention to continue her exercise routine and mindfulness practices. She also planned to incorporate yoga and creative outlets like painting into her routine to help her relax and maintain her balance.","Exercise, mindfulness, yoga, painting.",hallucination,"Yoga, painting, exercise, mindfulness.",correct,,,
memos_medium:2895,medium,Generalization & Application,hallucination,strict_supported,"Based on Donald Smith's beverage preferences, what type of drink might he enjoy at a social event after Apr 26, 2039?",Herbal teas with diverse flavors and health benefits.,"[""{'memory_content': 'Donald Smith updated his beverage preference from liking green tea to liking herbal teas for their diverse flavors and health benefits, including chamomile and peppermint.', 'memory_type': 'Persona Memory'}"", ""{'memory_content': 'Donald Smith expressed satisfaction with the variety offered by herbal teas, enhancing his daily routine.', 'memory_type': 'Persona Memory'}""]","m2: [Since: 2039-04-26] As of April 26, 2039, Donald plans to integrate herbal teas into his daily routine. He values the variety these teas provide and finds them more satisfying than the simplicity of black tea.","Craft beer or herbal tea.

Craft beer aligns with his strategic social networking goals, and herbal tea fits his daily routine preference, both stated after the specified date.",hallucination,Herbal teas,correct,,,
memos_long:940,long,Generalization & Application,hallucination,strict_supported,"What type of movies might Donna prefer after August 5, 2030, considering her strategic mindset?",Thought-provoking movies with depth.,"[""{'memory_content': 'Donna prefers films that offer depth and engagement, rather than light-hearted entertainment.', 'memory_type': 'Persona Memory'}"", ""{'memory_content': 'Donna seeks movies with depth and engagement, reflecting her strategic mindset and professional goals.', 'memory_type': 'Persona Memory'}"", ""{'memory_content': \""Donna's instrumental motivation influences her entertainment preferences, prioritizing task utility and efficiency.\"", 'memory_type': 'Persona Memory'}"", ""{'memory_content': 'Donna aligns her entertainment choices with her broader life goals and professional objectives.', 'memory_type': 'Persona Memory'}""]","m2: [Since: 2030-08-05] On August 5, 2030, Donna expressed that her strategic thinking and networking influence her entertainment preferences to include intellectually stimulating content, which fosters a more holistic view of her work.

m8: Preference: Prefers entertainment that provides strategic value and contributes to personal and professional growth, rather than purely recreational or escapist content.
Reasoning: Donna consistently frames her entertainment preferences through the lens of utility and contribution to her professional mission. Her rejection of 'light-hearted humor' as a means of unwinding—despite the assistant's suggestion that many find it beneficial—reveals a behavioral pattern of prioritizing goal-aligned activities over purely recreational ones. The fact that she actively incorporates insights from films into her work demonstrates an instrumental mindset where entertainment is not passive consumption but a source of actionable inspiration. This reflects a latent preference for content that serves as a catalyst for real-world impact, indicating that her underlying motivation is not mere enjoyment but continuous self-improvement and strategic advancement.

m3: [Since: 2030-08-05] As of August 5, 2030, Donna is focused on deepening her involvement in innovative projects. She expressed a personal commitment to sustainability and innovation, which she believes will align her entertainment choices with her professional goals.",Realistic sci-fi films.,hallucination,Strategically valuable movies,correct,,,
memos_medium:2299,medium,Basic Fact Recall,hallucination,strict_supported,"Who did Williams Daniel discuss integrating neon colors into historical-themed attire with on Nov 06, 2028?",A costume designer.,"[""{'memory_content': 'Williams Daniel engaged in discussions with a costume designer about integrating neon colors into historical-themed attire.', 'memory_type': 'Event Memory'}""]","m1: On November 6, 2028, Williams discussed using subtle neon accents in his costume design to add a creative flair to historical themes without overshadowing the historical context. He plans to use these accents to highlight specific features, such as trimming on a vintage suit or as accessories, to enhance the narrative.",The assistant.,hallucination,Not specified in memories.,omission,,,
memos_medium:2662,medium,Generalization & Application,hallucination,strict_supported,"What type of travel itinerary might Oleksandr prefer for a trip after Apr 04, 2031, based on his recent experiences?",A balanced itinerary with room for spontaneous activities.,"[""{'memory_content': 'Oleksandr Shevchenko emphasized the importance of balancing structured travel plans with the freedom to explore, enhancing the authenticity and memorability of travel experiences.', 'memory_type': 'Persona Memory'}"", ""{'memory_content': \""Oleksandr Shevchenko's recent travel experience included participating in an unexpected local festival, which became the highlight of his trip and made him rethink his travel planning.\"", 'memory_type': 'Event Memory'}""]","m1: As of June 15, 2033, Oleksandr is planning to continue exploring both coastal and mountainous regions. He intends to refine his travel preferences to include more cultural experiences and environmental initiatives, aiming for a more balanced and transformative journey.",Cultural immersion and growth.,hallucination,Coastal and mountainous regions.,hallucination,,,
memos_long:910,long,Dynamic Update,hallucination,strict_supported,"Who is currently providing significant support to Donna during her health challenges as of April 20, 2028?",Karen,"[""{'memory_content': \""Donna's friend Sarah provides emotional support and connects her with key stakeholders during challenging times.\"", 'memory_type': 'Relationship Memory'}"", ""{'memory_content': \""Williams Donna collaborates closely with SmithKaren at ReviveTech Solutions, where Karen's expertise in marketing significantly boosts the company's visibility and sales. Karen has been a crucial support during Donna's health challenges.\"", 'memory_type': 'Relationship Memory'}""]","m5: Donna acknowledged that her friend, Sarah, has been a significant source of support during her professional challenges, specifically helping her connect with key stakeholders and providing emotional and financial assistance.

m2: As of January 5, 2034, Donna has established emotional support from colleagues Sarah and Karen to help maintain her work-life balance. This support system is comparable to the ones provided by Emily and John at ReviveTech Solutions.",Sarah,hallucination,Sarah and Karen.,hallucination,,,
memos_medium:499,medium,Basic Fact Recall,hallucination,strict_supported,"What is Donald Brown's updated stance on country music as of October 10, 2034?","Neutral stance, appreciating its storytelling charm.","[""{'memory_content': 'Donald Brown updated his music preference from disliking country music to appreciating its storytelling charm, thanks to playlists shared by friends.', 'memory_type': 'Persona Memory'}""]","m1: The user expressed a desire on October 10, 2034, to gain a deeper appreciation for music and to strengthen friendships through shared experiences with friends, a goal inspired by their previous shift toward country music.",He shifted away from it.,hallucination,Desires deeper appreciation for it.,hallucination,,,
memos_long:1662,long,Multi-hop Inference,hallucination,strict_supported,"By November 1, 2031, how did Susan's stress management techniques evolve?",Incorporated mindfulness and time management.,"[""{'memory_content': 'Susan Thompson plans to implement mindfulness practices and time management techniques to manage stress levels effectively.', 'memory_type': 'Event Memory'}"", ""{'memory_content': 'Susan Thompson has been using mindfulness practices to manage stress levels, including meditation and breathing exercises.', 'memory_type': 'Event Memory'}""]","m1: On September 15, 2031, Susan planned to focus on mindfulness and time management techniques for her workshop, intending to demonstrate how these methods help her regain control over her stress levels.","Integrated mindfulness, yoga, meditation.",hallucination,No relevant memories found.,omission,,,
memos_medium:995,medium,Multi-hop Inference,hallucination,strict_supported,"What factors contributed to Donna's improved mental health status by Feb 02, 2036?",Entrepreneurship and integrating mindfulness.,"[""{'memory_content': \""Williams Donna's mental health status improved from 'Stable and Normal' to 'Stable and Positive' due to better stress management.\"", 'memory_type': 'Persona Memory'}"", ""{'memory_content': 'Donna integrates mindfulness and regular exercise, such as hiking and yoga, into her routine to maintain a healthy work-life balance.', 'memory_type': 'Persona Memory'}"", ""{'memory_content': \""Donna's transition to entrepreneurship alleviated pressures from her previous corporate role, improving her stress management.\"", 'memory_type': 'Event Memory'}""]","m8: Preference: Values long-term career growth rooted in sustainability and innovation, prioritizing impact-driven roles over purely financial or status-based achievements.
Reasoning: Although Donna explicitly states her interest in sustainability and innovation, her repeated emphasis on 'specific, actionable goals' and 'enhancing leadership' reveals a deeper motivation: she values meaningful, measurable impact in her work. Her acknowledgment of compensatory motivation and innate talent suggests an internal drive for mastery and legacy. The consistent linking of personal growth with professional aspirations—especially through sustainable and innovative projects—indicates that her true preference is not just career advancement but purposeful contribution. This pattern implies that she implicitly prioritizes long-term societal or environmental impact over short-term gains, even if not directly stated.

m9: Preference: Values long-term personal well-being and emotional resilience as a foundation for professional success.
Reasoning: The user consistently frames her professional achievements within the context of personal growth, emotional resilience, and holistic balance. Despite facing health challenges, she attributes her success not just to strategic insight but to non-work-related factors like mindfulness, support networks, and mental clarity. Her repeated emphasis on being 'grounded,' 'focused,' and 'grateful for clarity' indicates that sustaining personal well-being is not a secondary concern but a core driver of her decision-making and professional sustainability. This suggests an implicit preference for integrating mental and emotional health into her work life, treating it as essential rather than optional for long-term success.

m11: Preference: Values long-term sustainability and holistic well-being as foundational to professional success and personal fulfillment.
Reasoning: The user's repeated emphasis on harmony between work and self-care, her deliberate shift from prioritizing work over self-care to now integrating well-being as a core component of productivity, indicates a deeper reevaluation of what success means. Her decision to streamline her routine, reduce workload, and invest in health suggests a preference for sustainable, high-quality living over burnout-driven achievement. The fact that she links her improved clarity and vitality directly to her ability to pursue innovative, value-aligned projects shows that long-term well-being is not just a personal goal but a strategic enabler for professional impact. Her enthusiasm for sustainable business practices and openness to exploration further reveals an underlying commitment to purpose-driven growth, where personal health, ethical values, and professional innovation are interdependent.

m7: Preference: Values long-term personal well-being as a foundational element for sustained professional success and innovation.
Reasoning: Donna consistently links her entrepreneurial journey to improvements in health, stress management, and emotional well-being. Her repeated emphasis on 'peace,' 'alignment with values,' and 'clear mind' suggests that she implicitly views personal well-being not as a side benefit but as a prerequisite for effective work. The fact that she plans to 'continue integrating wellness practices' and 'maintain alignment with values' indicates that sustaining well-being is a core behavioral pattern and strategic priority, even as she pursues ambitious goals like sustainability initiatives. This reveals an underlying belief that professional impact is only possible when personal foundations are strong—indicating an implicit preference for well-being as a non-negotiable enabler of long-term success.",Well-being integration and support networks.,hallucination,Well-being and sustainability focus.,hallucination,,,
memos_long:2735,long,Multi-hop Inference,hallucination,strict_supported,What strategies did Oleksandr plan to use for expanding his consultancy's influence by June 2037?,Engaging in collaborations and strategic planning.,"[""{'memory_content': 'Oleksandr Shevchenko is exploring partnerships with NGOs to innovate in human rights advocacy, which aligns with his commitment to social justice.', 'memory_type': 'Event Memory'}"", ""{'memory_content': 'Oleksandr Shevchenko is engaging in strategic planning and collaboration with key stakeholders to maximize impact.', 'memory_type': 'Event Memory'}"", ""{'memory_content': 'Oleksandr Shevchenko shared anecdotes about recent collaborations and strategies that have laid the groundwork for achieving his life goals.', 'memory_type': 'Event Memory'}""]","m5: On May 20, 2036, the user (Oleksandr) discussed strategies to expand the influence of their consultancy. He plans to focus on securing new projects and maintaining a positive outlook, while actively exploring partnerships with NGOs and other advocacy groups to expand the organization's reach and impact.

m1: [Time: 2037-06-10] On June 10, 2037, at 2:24 PM, Oleksandr mentioned his involvement in strategic planning and collaboration with key stakeholders to maximize the impact of his consultancy work in Ukraine.",Creative motivation and financial incentives.,hallucination,Partnerships with NGOs and groups.,correct,,,
memos_long:1704,long,Generalization & Application,hallucination,strict_supported,"What type of documentaries might Susan explore to enhance her health workshops after Nov 19, 2035?",Documentaries on health and wellness topics.,"[""{'memory_content': 'Susan Thompson enjoys documentaries that delve into health and wellness topics, enhancing her understanding.', 'memory_type': 'Persona Memory'}"", ""{'memory_content': 'Susan Thompson plans to incorporate insights from documentaries into her health workshops to inspire others.', 'memory_type': 'Event Memory'}"", ""{'memory_content': 'Susan Thompson plans to explore documentaries aligning with her health goals and share insights with her social network.', 'memory_type': 'Event Memory'}""]","m1: [Since: 2035-11-19] As of November 19, 2035, Susan has been enjoying documentaries that focus on health and wellness topics, noting that they provide in-depth knowledge and enhance her understanding of these subjects.

m2: [Since: 2035-11-19] On November 19, 2035, Susan expressed her appreciation for the educational value of documentaries and stated her plan to incorporate insights from them into her health workshops. She intends to use these documentaries as a means to share knowledge and inspire her community.",Resilience and adaptability documentaries.,hallucination,Health and wellness documentaries,correct,,,
memos_long:1178,long,Basic Fact Recall,omission,strict_supported,"Where did Taylor David visit a gym on Jul 10, 2036?",A local gym.,"[""{'memory_content': 'Taylor David visited a local gym where a trainer introduced him to a weightlifting regimen that integrates holistic health principles.', 'memory_type': 'Event Memory'}""]","m1: [Time: 2036-07-10] On or shortly before July 10, 2036, Taylor visited a gym to reflect on their goals and how to integrate new insights into their work. They found the experience introspective and felt it provided a valuable opportunity for personal and professional growth.",Charlotte,hallucination,The gym.,correct,,,
memos_long:2549,long,Basic Fact Recall,omission,strict_supported,"What film club did Steven Miller join on May 31, 2034?",A film club that screens horror films with psychological depth.,"[""{'memory_content': 'Steven Miller joined a film club that frequently screens horror films emphasizing psychological depth and character complexity, which has shifted his view on horror films.', 'memory_type': 'Event Memory'}""]","m6: [Time: 2034-05-31] On May 31, 2034, the user noted that the psychological depth and character complexity found in the horror films screened by their film club are engaging and enlightening.",The film club is not named.,omission,The film club.,omission,,,
memos_long:1123,long,Basic Fact Recall,hallucination,strict_supported,"As of October 2, 2031, what practices did Taylor David explore to refocus on personal recovery?","Mindfulness practices, starting with meditation","[""{'memory_content': 'Taylor David expressed a desire to refocus on personal recovery by exploring mindfulness practices, starting with meditation.', 'memory_type': 'Persona Memory'}""]","m3: On October 1, 2031, Taylor expressed a desire to take practical steps to implement changes for recovery and renewed creativity. After receiving advice from the assistant, Taylor decided to start by practicing meditation and exploring automation options to reduce stress and regain energy.",Meditation and automation.,hallucination,Meditation and automation.,hallucination,,,
memos_medium:1445,medium,Basic Fact Recall,omission,strict_supported,What type of books does Jennifer Martin dislike?,Romantic novels and self-help books,"[""{'memory_content': 'Jennifer Martin Books I dislike: Romantic novels', 'memory_type': 'Persona Memory'}"", ""{'memory_content': 'Jennifer Martin Books I dislike: Self-help books', 'memory_type': 'Persona Memory'}""]","m1: The user dislikes self-help books because they are overly generic.

m8: Preference: The user does not like reading romantic novels due to lack of intellectual stimulation and practical insights, does not like self-help books because they are overly generic and lack actionable information, but enjoys reading books on cloud computing for valuable insights into relevant technologies and strategies, and reads tech industry magazines to stay updated on industry news and innovations for professional advancement.
Reasoning: All preferences are directly expressed by the user, including both positive and negative preferences within the reading domain, with clear reasons provided for each.",Self-help books.,omission,Self-help and romantic novels.,correct,,,
memos_medium:1981,medium,Generalization & Application,hallucination,strict_supported,"How might Joseph Garcia use remastered games in educational workshops on Aug 24, 2033?",By integrating modernized classics to educate about film history.,"[""{'memory_content': 'Joseph Garcia is considering how technological advancements can preserve film history and educate people about it, using modernized classics in educational programs.', 'memory_type': 'Event Memory'}"", ""{'memory_content': 'Joseph Garcia expressed a desire to integrate insights from remastered games into his daily routine and professional endeavors, particularly in developing workshops.', 'memory_type': 'Event Memory'}""]","m1: On August 24, 2033, the user expressed a desire for their storytelling workshops to serve as a source of inspiration and new insights regarding the evolving landscape of storytelling, specifically through the exploration of remastered games and films.

m8: Preference: The user prefers using remastered classic adventure games and films in educational programs to inspire a new generation of film enthusiasts.
Reasoning: The user explicitly states their intention to use modernized classics in educational programs and develop workshops centered on storytelling evolution, highlighting a clear preference for integrating remastered games and films into education. Their plan to use interactive discussions and analyses further confirms this preference.",Interactive discussions and analyses.,hallucination,Inspire new film enthusiasts.,correct,,,
memos_medium:2688,medium,Generalization & Application,hallucination,strict_supported,"What type of experiences might Oleksandr prioritize during his travels to coastal regions after June 15, 2033?",Cultural experiences and events.,"[""{'memory_content': 'Oleksandr discovered that beach resorts can offer unique cultural experiences, challenging his previous assumptions about them being too commercialized.', 'memory_type': 'Event Memory'}"", ""{'memory_content': 'Oleksandr plans to explore more coastal regions in the future, focusing on cultural experiences.', 'memory_type': 'Event Memory'}"", ""{'memory_content': \""Oleksandr's instrumental motivation led him to refine travel preferences for cultural enrichment and social justice.\"", 'memory_type': 'Persona Memory'}""]","m4: Prior to June 15, 2033, Oleksandr participated in a local festival at a beach resort. He found the experience to be authentic and vibrant, which challenged his previous travel preferences and led him to reconsider the cultural potential of coastal regions.

m1: [Since: 2033-06-15] As of June 15, 2033, Oleksandr is planning to continue exploring both coastal and mountainous regions. He intends to refine his travel preferences to include more cultural experiences and environmental initiatives, aiming for a more balanced and transformative journey.

m2: [Since: 2033-06-15] As of June 15, 2033, Oleksandr plans to explore both coastal and mountainous regions. He intends to keep an open mind for cultural events, traditional dances, and local festivals during his future trips to gain insights into the communities he visits.

m6: [Time: 2033-06-15] On June 15, 2033, at 11:01 AM, Oleksandr expressed excitement about continuing his journey toward cultural enrichment and social justice, noting that he was looking forward to the upcoming exploration of both coastal and mountainous regions.",Cultural and environmental experiences.,hallucination,Cultural and environmental experiences.,hallucination,,,
memos_long:2894,long,Generalization & Application,hallucination,strict_supported,"Based on Donald Smith's beverage preferences, what type of drink might he enjoy at a social event after Apr 26, 2039?",Herbal teas with diverse flavors and health benefits.,"[""{'memory_content': 'Donald Smith updated his beverage preference from liking green tea to liking herbal teas for their diverse flavors and health benefits, including chamomile and peppermint.', 'memory_type': 'Persona Memory'}"", ""{'memory_content': 'Donald Smith expressed satisfaction with the variety offered by herbal teas, enhancing his daily routine.', 'memory_type': 'Persona Memory'}""]","m3: [Time: 2039-04-26] On April 26, 2039, Donald expressed gratitude for a wellness retreat that positively influenced his beverage choices, highlighting his openness to changing his preference for black tea toward herbal teas.

m5: [Time: 2039-04-26] On April 26, 2039, Donald decided to incorporate herbal teas into his daily routine to balance his variety of beverage choices with health considerations.",Herbal teas or red wine.,hallucination,Herbal tea,correct,,,
memos_long:1921,long,Memory Conflict,hallucination,strict_supported,"Did Joseph Garcia dislike mobile games with ads as of May 13, 2026?","Joseph Garcia appreciates games with rewarding ads as of May 13, 2026.","[""{'memory_content': 'Joseph Garcia now likes to play mobile games with rewarding ads, as they provide valuable in-game rewards.', 'memory_type': 'Persona Memory'}"", ""{'memory_content': 'Joseph Garcia realized that some mobile games with ads offer valuable rewards and enhance the gaming experience.', 'memory_type': 'Persona Memory'}""]","m1: [Since: 2026-05-13] On May 13, 2026, Joseph expressed that he has moved away from his initial dislike of mobile advertisements, finding them now to be beneficial for the gaming experience. He appreciates the ads for providing in-game rewards, which he found to be a pleasant surprise.",No.,hallucination,"No, he liked them.",correct,,,
memos_long:1215,long,Generalization & Application,hallucination,strict_supported,"Based on Taylor David's game preferences on August 16, 2040, what type of workshop might he find beneficial for his creative meal planning?",A workshop on creative problem-solving techniques.,"[""{'memory_content': 'Taylor David attended a creative workshop on August 16, 2040, which inspired a shift in his game preference towards creative puzzle games.', 'memory_type': 'Event Memory'}"", ""{'memory_content': \""Taylor David's game preference has evolved to favor creative puzzle games that stimulate innovative thinking and problem-solving.\"", 'memory_type': 'Persona Memory'}"", ""{'memory_content': 'Taylor David expressed excitement about integrating creative puzzle games into his routine to enhance meal planning creativity.', 'memory_type': 'Persona Memory'}""]","m1: [Time: 2040-08-16] On August 16, 2040, Taylor attended a creative workshop. This experience inspired them to shift their preferences toward exploring creative puzzle games as a tool for enhancing their meal planning creativity.

m7: Preference: The user prefers creative puzzle games that offer a balance between structured challenges and creative freedom, as they are essential for their work in enhancing meal planning creativity.
Reasoning: The user directly states their preference for creative puzzle games that balance structure and creative freedom, citing their importance for work-related meal planning creativity. This is supported by peer feedback and their intention to continue experimenting with puzzles, indicating a clear and explicit preference.

m8: Preference: The user prefers creative puzzle games that balance structured challenges with creative freedom to enhance innovative thinking and problem-solving in meal planning.
Reasoning: The user explicitly states that creative puzzle games offer 'a balance between structured challenges and creative freedom,' which they find essential for their work. This indicates a preference not just for creativity, but for a specific type of creative challenge—structured yet open-ended. Their continued intention to experiment with different puzzles shows a pattern of seeking tools that optimize this balance. Furthermore, the emphasis on peer validation and integration into their advocacy work reveals an underlying motivation to use these games as instruments for innovation in children's nutrition, suggesting that the preference is deeply tied to functional outcomes rather than mere entertainment.",Creative puzzle game workshop.,hallucination,Creative puzzle game workshop,hallucination,,,
memos_long:96,long,Generalization & Application,hallucination,strict_supported,What type of leisure activities might Martin Mark consider for his next trip in 2031?,Conservation-focused hikes.,"[""{'memory_content': \""Martin Mark's travel preferences have evolved to include conservation-focused hikes, aligning with his commitment to environmental and humanitarian goals.\"", 'memory_type': 'Persona Memory'}"", ""{'memory_content': \""Martin Mark's evolving travel preferences reflect his commitment to integrating environmental awareness with leisure activities.\"", 'memory_type': 'Persona Memory'}""]","m9: Preference: A preference for pursuing travel experiences that emphasize cultural immersion and environmental sustainability over mass tourism or purely recreational trips.
Reasoning: Martin's choice of language—'cultural richness and diversity' and 'conservation-focused hikes'—indicates a clear distinction from typical tourist activities like beach vacations or commercial sightseeing. His focus on meaningful engagement with cultures and ecosystems implies a latent preference for authentic, low-impact travel that supports environmental and social awareness. This is reinforced by his alignment of travel with broader humanitarian and educational goals, showing that travel is not just recreation but a vehicle for personal and global betterment. His lack of interest in crowded tourist spots (despite the assistant’s suggestion) further confirms that he values depth over popularity.",Cultural immersion and nature hikes.,hallucination,Cultural immersion and conservation hikes.,correct,,,
memos_long:745,long,Generalization & Application,hallucination,strict_supported,How might Donna Gonzalez's promotion to Lead Composer influence her approach to mentoring emerging talents in 2028?,Increased creative autonomy and motivation to inspire innovation.,"[""{'memory_content': \""Donna Gonzalez's promotion to Lead Composer provides her with greater creative autonomy, aligning with her goal to redefine film music.\"", 'memory_type': 'Event Memory'}"", ""{'memory_content': 'Donna Gonzalez plans to use her role as Lead Composer to push creative boundaries and inspire innovative compositions.', 'memory_type': 'Event Memory'}"", ""{'memory_content': \""Donna Gonzalez's creative motivation is evident in her plans to mentor emerging talents in the music industry.\"", 'memory_type': 'Persona Memory'}""]","m1: [Time: 2028-01-15] On January 15, 2028, Donna shared that she recently received a promotion to Lead Composer. She feels energized and focused on her career goals, which include redefining film music and establishing a music academy.

m2: [Since: 2028-03-20] As of March 20, 2028, the user (referred to as Donna) has transitioned into a new role as Lead Composer and is determined to leverage the new professional relationships to redefine film music. They feel this role has enhanced their creative autonomy, which aligns with their long-term goal of pushing the boundaries of their work.

m7: Preference: Seeks to redefine and innovate within traditional frameworks of film music through collaborative, boundary-pushing projects.
Reasoning: The user's repeated focus on 'innovation' and 'challenging traditional film music conventions' demonstrates a clear intent to disrupt established norms. By specifying 'collaborative projects' as the vehicle for this change, she reveals a preference for collective creation over solitary authorship, suggesting a belief in shared vision as a driver of progress. Her choice of language—'redefining film music' and 'pushing creative boundaries'—indicates a deeper motivation to leave a transformative mark on the genre, reflecting an implicit preference for artistic disruption and meaningful evolution in her field.

m3: On July 20, 2029, Donna expressed that the support she has received has reinforced her vision for a new academy. She intends for the academy to be a place where future composers can find the same level of encouragement and collaboration she has experienced in her own career.

m8: Preference: Values long-term career growth through creative leadership and mentorship in the film music industry.
Reasoning: The user consistently links her professional achievements to broader life goals—specifically, establishing a music academy and mentoring future composers. This pattern suggests a deep-seated desire for legacy and systemic impact beyond individual creative output. Despite discussing health challenges, she frames them as sources of resilience rather than obstacles, indicating an implicit preference for integrating personal experience into professional guidance. Her repeated emphasis on mentorship, balance, and innovation reveals a preference for sustainable, values-driven leadership over short-term accolades. The fact that she actively plans to share her journey with mentees confirms a latent motivation to influence others’ development, implying an implicit preference for nurturing talent as a core aspect of her evolving role.

m12: Preference: I plan to share my experiences and the importance of balancing work and health with those I mentor, and I want to inspire them to find their own creative paths.
Reasoning: The user explicitly states her plan to share her experiences and the importance of balancing work and health with mentees. She also clearly expresses her intent to inspire them to find their own creative paths, which is an explicit preference about her mentoring approach.",She will mentor with resilience.,hallucination,Enhances creative leadership and mentorship.,correct,,,
memos_long:1531,long,Generalization & Application,hallucination,strict_supported,What strategies might Jennifer use to manage stress effectively after her layoff on 2031-11-01?,Mindfulness and regular exercise.,"[""{'memory_content': 'Jennifer Martin maintains a balanced lifestyle by exercising regularly and practicing mindfulness to manage stress.', 'memory_type': 'Persona Memory'}"", ""{'memory_content': 'Jennifer Martin expressed a need to focus on stress management and health improvement following job loss.', 'memory_type': 'Event Memory'}"", ""{'memory_content': 'Jennifer Martin discussed potential methods to regain health stability, including mindfulness and regular exercise.', 'memory_type': 'Event Memory'}""]","m7: Preference: I want to focus on stress management and improving my health, and I prefer getting back into yoga and painting to help manage stress.
Reasoning: Jennifer explicitly states her desire to focus on stress management and health improvement. She directly mentions wanting to return to yoga and painting as effective ways to manage stress. She also agrees to implement a specific routine involving these activities, indicating a preference for structured engagement with them.",Networking and yoga.,hallucination,Yoga and painting.,hallucination,,,
memos_medium:3325,medium,Basic Fact Recall,hallucination,strict_supported,What type of pets does Christopher prefer?,Warm and cuddly pets like Golden Retrievers and cats.,"[""{'memory_content': \""Christopher's preference for warm and cuddly pets like Golden Retrievers and cats was reinforced by his experience with a friend's snake.\"", 'memory_type': 'Persona Memory'}""]","m1: Christopher still prefers Golden Retrievers as a potential pet.

m3: On January 29, 2029, Christopher expressed a strong preference for approachable and friendly pets, noting that he values the comfort and companionship they provide. He specifically mentioned that he has always had pets like cats and dogs that are easy to interact with.

m8: Preference: The user prefers pets that are warm, cuddly, and easy to be around, and avoids reptiles and arachnids due to discomfort, reinforcing a strong preference for low-stress, emotionally comfortable animal companions.
Reasoning: The user explicitly stated discomfort with snakes and tarantulas, but more importantly, their reaction was not just a one-time aversion—it served as a reinforcement of a long-standing preference. The fact that they connected this experience to refining their decision-making efficiency and maintaining lifestyle harmony suggests that avoiding stress-inducing stimuli (like reptiles) is a core part of their identity and value system. Their repeated emphasis on 'comfort', 'ease', 'balance', and 'alignment' reveals an underlying motivation to minimize psychological discomfort and maximize emotional safety. The behavioral pattern—revisiting past discomforts to strengthen current preferences—shows a deliberate strategy to avoid anxiety triggers. Thus, the implicit preference is not just about avoiding snakes, but about consistently choosing pets that support emotional ease and stability.","Affectionate, independent, hypoallergenic pets.",hallucination,"Warm, cuddly, friendly pets",correct,,,
memos_long:558,long,Generalization & Application,hallucination,strict_supported,"What might be a potential focus area for Sarah Garcia's projects in the social impact sector after March 15, 2028?",Expanding outreach to underrepresented communities.,"[""{'memory_content': 'Sarah Garcia identified areas for growth, such as expanding outreach to underrepresented communities.', 'memory_type': 'Event Memory'}"", ""{'memory_content': 'Sarah Garcia plans to expand outreach to underrepresented and well-represented communities.', 'memory_type': 'Event Memory'}""]","m11: Preference: The user prefers to expand outreach to underrepresented communities as an area for growth in their social impact projects.
Reasoning: The user explicitly states that she has identified 'expanding outreach to underrepresented communities' as an area for growth, which demonstrates her intentional focus and preference toward this direction. This is directly stated without ambiguity and reflects her current strategic priority.",Community-driven sustainable development.,hallucination,Expanding underrepresented outreach.,correct,,,
memos_long:50,long,Multi-hop Inference,hallucination,strict_supported,Why did Martin decide to take a sabbatical instead of retiring early?,Support from his social network influenced him.,"[""{'memory_content': 'Martin decided to take a sabbatical instead of retiring, influenced by support from his social network.', 'memory_type': 'Event Memory'}"", ""{'memory_content': \""Martin's social network played a crucial role in providing emotional support and alternative perspectives, leading him to choose a sabbatical over retirement.\"", 'memory_type': 'Relationship Memory'}"", ""{'memory_content': 'Martin acknowledged the importance of his social network in providing guidance and support during his decision to take a sabbatical.', 'memory_type': 'Relationship Memory'}""]",m6: Susan is one of Martin's key supporters and has played an invaluable role in his decision to take a sabbatical.,To avoid preference conflicts.,hallucination,Susan's invaluable support.,hallucination,,,
memos_medium:3383,medium,Generalization & Application,hallucination,strict_supported,"What motivational factors drive Christopher's volunteer efforts as of Feb 20, 2030?",Creative and emotional motivation.,"[""{'memory_content': 'Christopher expressed a renewed commitment to his humanitarian goals, inspired by his career and volunteer experiences, and emphasized the importance of creative motivation in generating ideas for community programs.', 'memory_type': 'Persona Memory'}"", ""{'memory_content': \""Christopher's emotional motivation drives his efforts to seek emotional support and companionship.\"", 'memory_type': 'Persona Memory'}""]","m1: On February 20, 2030, Christopher reflected on how his career and volunteer work have inspired him to focus more on humanitarian goals. He views creative motivation as a key driver for generating ideas for community programs and believes his humanitarian efforts are a reflection of his commitment to lifelong learning and community service.

m4: On February 20, 2030, at 7:37 PM, Christopher decided to focus on integrating new ideas and exploring innovative approaches within his programs. He acknowledged that his creative motivation and the support from his family and professional network are essential for sustaining and enhancing these initiatives.

m2: As of February 20, 2030, Christopher considers the unwavering support from his family, colleagues, and friends to be invaluable. He believes that his emotional resonance and the support he receives from these people are essential for maintaining his dedication to his goals and community impact.

m8: Preference: Values emotional resonance and meaningful interpersonal connections as a core driver of motivation and sustained commitment to humanitarian goals.
Reasoning: Christopher repeatedly emphasizes the importance of emotional resonance and interpersonal support in maintaining his motivation. Despite not explicitly stating it, his consistent focus on gratitude toward others, the role of empathy in his relationships, and the sustaining power of connection reveals a deep-seated preference for emotionally meaningful interactions. His acknowledgment that these relationships enable him to pursue goals with confidence and passion suggests that emotional support is not just beneficial but essential to his personal and professional fulfillment. This pattern indicates that he implicitly values environments and relationships where emotional authenticity and mutual support are central.",Community support and partnerships.,hallucination,Creative motivation and support.,hallucination,,,
memos_long:3432,long,Multi-hop Inference,omission,strict_supported,"What strategies did Christopher consider on Sep 15, 2033, to sustain community engagement for senior care and literacy?",Collaborations with local organizations,"[""{'memory_content': 'Christopher discussed challenges in sustaining community engagement for senior-related initiatives and considered collaborations with local organizations.', 'memory_type': 'Event Memory'}"", ""{'memory_content': 'Christopher sought advice on expanding advocacy efforts through collaborations with local organizations and leveraging digital platforms.', 'memory_type': 'Relationship Memory'}""]","m4: On July 10, 2031, Christopher expressed his intention to partner with organizations that share a vision for senior care and literacy, stating that such support will be invaluable for his initiatives.

m7: Preference: I envision forming partnerships with local libraries and wellness centers to create a comprehensive support system for seniors.
Reasoning: The user explicitly articulates a vision for collaboration with external institutions, showing a clear preference for establishing structured, cross-sector partnerships to strengthen senior support systems.

m12: Preference: The user prefers using digital platforms such as webinars and podcasts to sustain community engagement and expand outreach for senior care and literacy advocacy.
Reasoning: Christopher's repeated positive reception of the assistant's suggestions—particularly regarding digital platforms—demonstrates a clear behavioral pattern of openness to innovation and scalability. His willingness to consider webinars and podcasts, which offer broader accessibility and interactive formats, reflects an underlying motivation to overcome logistical challenges (as previously mentioned) while maintaining momentum. The fact that he explicitly endorsed the idea of 'sharing insights and engaging with the community' through these tools indicates a latent preference for scalable, flexible, and inclusive communication methods that align with his mission-driven goals. This suggests a deeper need for sustainable, far-reaching impact beyond in-person events, even though he did not directly state it.",Digital platforms (webinars/podcasts).,hallucination,Digital platforms like webinars.,hallucination,,,
memos_long:968,long,Basic Fact Recall,hallucination,strict_supported,"What type of films does Donna plan to incorporate into her routine as of Sep 02, 2033?",Innovative science fiction films.,"[""{'memory_content': 'Donna plans to incorporate more innovative science fiction films into her routine, seeing them as a valuable tool for relaxation and professional growth.', 'memory_type': 'Persona Memory'}""]","m1: As of July 4, 2038, Donna has refined her movie preferences to focus on realistic science fiction films. She uses these films as insights to help her develop strategies and drive meaningful change in her consultancy.",Realistic science fiction films.,hallucination,Realistic science fiction films.,hallucination,,,
memos_medium:1289,medium,Generalization & Application,hallucination,strict_supported,"What type of clothing might Ananya prefer for a film industry event on August 5, 2027?",Casual attire that aligns with her comfort and style.,"[""{'memory_content': 'Ananya Sharma deleted her dislike for formal suits, opting for more casual attire that suits her work environment and personal comfort.', 'memory_type': 'Persona Memory'}"", ""{'memory_content': 'Ananya Sharma expressed relief in choosing clothing that aligns with her personal style and comfort, emphasizing her motivation for emotional resonance and authenticity.', 'memory_type': 'Persona Memory'}"", ""{'memory_content': 'Ananya Sharma expressed excitement about exploring versatile clothing options that express her identity, balancing style and comfort.', 'memory_type': 'Persona Memory'}""]","m7: Preference: I prefer clothing that aligns with my personal style and comfort, especially in a creative work environment, and I find formal suits too restrictive and out of place.
Reasoning: Ananya explicitly states her preference for clothing that aligns with her personal style and comfort, directly rejecting formal suits as restrictive and incongruent with her work environment. Her enthusiasm for exploring casual yet stylish pieces further confirms this preference. These statements are clear, direct expressions of her attitude toward clothing, making them explicit preferences.

m9: Preference: Prefers clothing that balances personal expression with functional versatility, particularly items that support an active lifestyle and reflect dynamic personal identity.
Reasoning: Ananya explicitly states that her clothing choices are influenced by both practicality and creative motivation. Her shift from disliking tight jeans to embracing them due to their suitability for her fitness routine reveals a pattern of adapting clothing to lifestyle changes. The repeated emphasis on 'versatile' and 'functional' options, especially athleisure, suggests a deep-seated preference for items that serve multiple roles without compromising style. Her connection between clothing and professional perception indicates a latent desire for external validation through appearance. Furthermore, linking her wardrobe to her global ambitions in Indian cinema shows that she views clothing as a form of identity projection. The fact that she actively explores new styles and integrates them into her daily life demonstrates a consistent behavioral pattern of seeking balance between self-expression and practicality. This pattern implies an implicit preference for clothing that is both expressive and adaptable—key traits in her personal and professional aspirations.",Colorful cotton kurtas.,hallucination,Casual yet stylish attire,correct,,,
memos_long:3213,long,Generalization & Application,hallucination,strict_supported,"Based on Barbara Jones's preference for nutrient-rich beverages, what new ingredient could she try in her juices for improved digestion as of Jul 26, 2036?",Barbara could try adding ginger for digestion benefits.,"[""{'memory_content': 'Barbara Jones modified her beverage preference to include freshly squeezed juices with added chia seeds for enhanced heart health benefits.', 'memory_type': 'Persona Memory'}"", ""{'memory_content': 'Barbara Jones values balancing taste preferences with nutritional benefits in her diet.', 'memory_type': 'Persona Memory'}""]","m2: On July 26, 2036, Barbara expressed excitement about incorporating chia seeds into her freshly squeezed juices to improve her heart health and the omega-3 benefits of her diet.

m1: On July 26, 2036, Barbara shared her belief that dietary changes have a positive impact on health. She expressed a specific goal of maintaining the enjoyment of her homemade juices while ensuring they remain beneficial.

m7: Preference: Barbara values integrating nutritious, health-boosting ingredients into her diet in a way that maintains or enhances flavor and enjoyment, prioritizing both wellness and sensory satisfaction.
Reasoning: Barbara explicitly states her intention to ensure juices remain enjoyable while being beneficial, which reveals a hidden motivation: she does not want to sacrifice pleasure for health. Her repeated emphasis on enjoyment alongside health benefits suggests a behavioral pattern of seeking sustainable dietary changes that are both effective and satisfying. This indicates an implicit preference for diets that are not restrictive but instead creative and pleasurable—where health and taste coexist harmoniously. The fact that she returns to this theme after a tangent about planetary tides suggests that this is a core concern for her, rooted in her identity as someone who values holistic well-being through tasteful, intentional choices.",Chia seeds for heart health.,hallucination,Chia seeds for digestion.,hallucination,,,
memos_long:1852,long,Generalization & Application,hallucination,strict_supported,What other health-conscious lifestyle choices might Michelle Hernandez explore based on her preferences as of 2033-03-16?,Michelle might explore organic foods or yoga.,"[""{'memory_content': 'Michelle Hernandez prefers natural flavored sparkling water for its refreshing taste and health benefits, avoiding artificial additives.', 'memory_type': 'Persona Memory'}"", ""{'memory_content': 'Michelle Hernandez expressed curiosity about exploring other health-conscious lifestyle choices.', 'memory_type': 'Persona Memory'}"", ""{'memory_content': 'Michelle Hernandez expressed a desire to explore other health-conscious lifestyle choices that support her well-being and professional objectives.', 'memory_type': 'Persona Memory'}""]","m1: Michelle is committed to environmental conservation through personal dietary choices and is interested in exploring collaborations that align with her values of ethical living and sustainable food technology. On April 29, 2027, she sought recommendations for organizations or individuals who could support her goals of promoting sustainability in both her personal and professional life.","Local, sustainable food sourcing.",hallucination,Sustainable food technology collaborations.,hallucination,,,
memos_medium:286,medium,Generalization & Application,hallucination,strict_supported,"Given Johnson Joseph's current lifestyle, what kind of leisure activities might he prioritize?",Activities that align with business growth and guest satisfaction.,"[""{'memory_content': 'Johnson Joseph demonstrated resilience in letting go of golf, an activity that does not align with his current lifestyle focused on business growth.', 'memory_type': 'Persona Memory'}"", ""{'memory_content': 'Johnson Joseph discussed the practical implications of prioritizing business growth over personal leisure, focusing on hosting over 10,000 guests annually at Albi B&B.', 'memory_type': 'Persona Memory'}""]","m3: Johnson has phased out golf from his sports preferences due to his current business focus at Albi B&B, which requires hosting over 10,000 guests annually. He prioritizes business growth over personal leisure.","Wellness-integrated, collaborative activities.",hallucination,Business-focused leisure activities,correct,,,
memos_long:1725,long,Memory Conflict,hallucination,strict_supported,"Did Susan Thompson express a dislike for modern classical music on October 30, 2037?","No, Susan expressed excitement about exploring modern classical music.","[""{'memory_content': \""Susan Thompson's music preference has evolved to include modern classical music.\"", 'memory_type': 'Persona Memory'}"", ""{'memory_content': 'Susan Thompson expressed excitement about exploring more modern classical pieces to enhance her emotional well-being and stress management techniques.', 'memory_type': 'Event Memory'}""]","m1: [Time: 2037-10-30] On October 30, 2037, Susan planned to create a playlist featuring modern classical music specifically for her meditation sessions to enhance her relaxation and focus.

m2: [Time: 2037-10-30] On October 30, 2037, Susan expressed that she recently attended a modern classical music concert, which she found refreshing. She noted that the blend of traditional and contemporary styles was particularly soothing and effective for stress management.",No.,hallucination,"No, she liked it.",correct,,,
memos_long:2167,long,Generalization & Application,hallucination,strict_supported,What type of travel might Sharon Brown enjoy in 2032 based on her current preferences?,Active adventure travel experiences.,"[""{'memory_content': \""Sharon Brown's travel preference has evolved to include adventure cruises.\"", 'memory_type': 'Persona Memory'}"", ""{'memory_content': 'Sharon Brown plans to incorporate adventure cruises into her travel routine for active exploration and inspiration for mentoring.', 'memory_type': 'Event Memory'}"", ""{'memory_content': 'Sharon Brown highlighted the importance of staying active and seeking new challenges through travel.', 'memory_type': 'Persona Memory'}""]","m4: On May 25, 2031, Sharon expressed her plan to incorporate adventure cruises into her future travel routine. She believes these trips provide the necessary recharging and inspiration to support her mentoring initiatives.

m7: Preference: Values long-term personal growth and holistic well-being through practices like yoga and meditation that integrate physical health, mental clarity, and self-reflection.
Reasoning: Sharon explicitly states her focus on health and personal growth, and her choice to explore yoga and meditation—not for fitness alone but as a means to stay active and engaged—reveals a deeper inclination toward holistic development. Her decision to adopt these practices is framed not just as physical activity but as part of a larger journey of self-improvement and inner balance. This reflects an implicit preference for integrative wellness approaches that combine physical, mental, and emotional dimensions, suggesting she values sustainable, inward-focused growth over superficial or performance-based activities.

m11: Preference: Sharon values integrating wellness and health management into her travel planning, indicating a preference for travel options that are sustainable and align with her physical well-being.
Reasoning: The user explicitly states, 'balancing my health needs with travel demands is something I'm keen on managing,' which reveals a proactive awareness of physical limitations and self-care. This is not a casual remark but a deliberate consideration, especially given her interest in extended travel (e.g., potential multi-week trips to distant countries). The fact that she brings up health in conjunction with her desire for cultural immersion suggests that she does not want to sacrifice well-being for experience. Her past participation in physically demanding activities like road trips further indicates she has a history of engaging in active travel, making her current emphasis on health management a continuation of a behavioral pattern aimed at sustainability. Therefore, it can be inferred that she implicitly prefers travel itineraries that accommodate physical wellness—such as moderate pacing, accessible locations, or health-conscious accommodations.",International adventure cruises.,hallucination,Adventure cruises.,hallucination,,,
memos_long:2014,long,Memory Conflict,hallucination,strict_supported,"Did Joseph Garcia dislike symphonic metal and refuse to incorporate it into his playlists on Sep 05, 2036?",Joseph Garcia appreciated symphonic metal and planned to integrate it into his playlists.,"[""{'memory_content': 'Joseph Garcia reconsidered his view on heavy metal after being introduced to symphonic metal, appreciating its melodic potential.', 'memory_type': 'Persona Memory'}"", ""{'memory_content': 'Joseph Garcia plans to integrate symphonic metal into his playlists and film screenings to enhance emotional engagement.', 'memory_type': 'Event Memory'}""]","m9: Preference: The user explicitly prefers incorporating symphonic metal into their playlists and using it as a backdrop for film screenings to enhance emotional experiences.
Reasoning: The user directly states their plan to include symphonic metal in playlists and film screenings, which reflects a clear preference for this genre in their artistic and emotional expression. The motivation—enhancing emotional experience—is also explicitly mentioned.",No.,hallucination,"No, he preferred it.",correct,,,
memos_medium:2198,medium,Memory Conflict,hallucination,strict_supported,"Did Sharon Brown express a dislike for wellness-focused nature retreats during her dialogue on Aug 03, 2033?","No, she expressed a preference for them.","[""{'memory_content': 'Sharon Brown has a preference for wellness-focused nature retreats that include guided meditation and yoga sessions, enhancing her physical and mental health.', 'memory_type': 'Persona Memory'}"", ""{'memory_content': 'Sharon Brown is enthusiastic about continuing to explore wellness nature retreats and integrating these practices into her mentoring initiatives to inspire young athletes.', 'memory_type': 'Persona Memory'}""]","m1: Shortly before August 3, 2033, Sharon attended a wellness-focused nature retreat. She found the experience transformative, specifically noting that guided meditation and yoga helped her reconnect with her inner self.

m2: On August 3, 2033, Sharon expressed that her goal for the retreats is to inspire young athletes to lead balanced and successful lives, with the ultimate aim of creating a legacy of holistic development.

m5: As of August 3, 2033, Sharon plans to continue exploring wellness retreats and integrating these practices into her daily routine to maintain her own well-being while supporting others.",No.,hallucination,"No, she praised them.",correct,,,
memos_medium:1941,medium,Generalization & Application,hallucination,strict_supported,What healthier beverage options might Joseph explore for his gatherings?,Mocktails and low-sugar alternatives.,"[""{'memory_content': 'Joseph Garcia decided to cut back on classic cocktails due to health advice to reduce sugar intake from his doctor.', 'memory_type': 'Persona Memory'}"", ""{'memory_content': 'Joseph Garcia feels conflicted about balancing nostalgia with health consciousness, considering mocktails and low-sugar alternatives.', 'memory_type': 'Persona Memory'}"", ""{'memory_content': 'Joseph Garcia plans to explore healthier beverage options like mocktails that align with his aesthetic values.', 'memory_type': 'Persona Memory'}""]","m1: On October 16, 2028, Joseph decided to consider mocktails and low-sugar alternatives as healthier beverage options that still maintain his aesthetic values and the elegance of classic cocktails.

m3: On October 16, 2028, Joseph noted that introducing mocktails and low-sugar alternatives could make his social events more inclusive for friends who do not drink alcohol, adding a new twist to his movie nights.",Mocktails and sparkling water.,hallucination,Mocktails and low-sugar alternatives.,correct,,,
memos_long:2536,long,Generalization & Application,hallucination,strict_supported,"What new music genre might Steven explore after August 29, 2033, to enhance his productivity?",Genres with energizing effects.,"[""{'memory_content': 'Steven Miller expressed a desire to explore other music genres that might offer energizing effects, aligning with his emotional motivation.', 'memory_type': 'Persona Memory'}"", ""{'memory_content': \""Steven Miller's emotional motivation drives his exploration of music that supports his lifestyle and professional goals.\"", 'memory_type': 'Persona Memory'}""]","m1: [Since: 2033-08-29] On August 29, 2033, Steven expressed a strong interest in exploring new music genres that offer energizing effects, such as rhythmic intensity or upbeat tempos, to maintain his emotional motivation.

m2: [Since: 2033-08-29] On August 29, 2033, at 3:18 PM, Steven shared that his openness to new music experiences is a reflection of his broader goals of exploring new interests and maintaining a balanced lifestyle.",Classical music.,hallucination,"Upbeat, rhythmic genres.",correct,,,
memos_medium:1100,medium,Basic Fact Recall,hallucination,strict_supported,On what date did the Global Nutrition Initiative gain international recognition?,"Sep 28, 2029","[""{'memory_content': \""On Sep 28, 2029, the Global Nutrition Initiative gained international recognition for its impactful work in children's nutrition.\"", 'memory_type': 'Event Memory'}""]","m2: On September 28, 2029, the user decided to use the recognition they have achieved regarding the Global Nutrition Initiative as a catalyst for innovation. The user intends to constantly seek new ways to improve the initiative's impact.","August 10, 2029",hallucination,"September 28, 2029",correct,,,
memos_long:1786,long,Generalization & Application,hallucination,strict_supported,"What type of films could Michelle explore to enhance her understanding of human behavior as of Jul 17, 2026?",Psychological thrillers.,"[""{'memory_content': 'Michelle Hernandez is exploring new film genres, such as science fiction and psychological thrillers, to inspire ideas and provide new perspectives.', 'memory_type': 'Persona Memory'}"", ""{'memory_content': 'Michelle Hernandez expressed curiosity about how different film genres could contribute to her understanding of human behavior.', 'memory_type': 'Persona Memory'}""]","m8: Preference: The user prefers media that intellectually stimulates by blending scientific realism with imaginative storytelling, particularly when it offers a fresh perspective on human behavior and predictive modeling.
Reasoning: Michelle consistently links her media preferences to intellectual stimulation and professional application. Her focus on films that integrate real science suggests a deeper need for content that is both credible and thought-provoking. Her shift from discussing galactic exploration (Andromeda vs. Gliese 876) to emphasizing the balance between imagination and realism indicates a preference for narratives grounded in plausible scientific frameworks. Furthermore, her engagement with psychological thrillers—specifically those that challenge analytical thinking—reveals a recurring pattern of seeking media that enhances critical reasoning and provides insights applicable to her work in AI. This behavioral consistency across multiple domains (science fiction and psychological thrillers) points to an implicit preference for intellectually rigorous, conceptually rich media that bridges entertainment and real-world insight.

m12: Preference: The user values narratives that challenge cognitive processing and offer layered, non-linear storytelling structures, especially those that reflect or inform complex systems like human psychology and AI prediction.
Reasoning: Michelle's explicit mention of psychological thrillers as tools for sharpening analytical skills, combined with her prior emphasis on science fiction that requires logical consistency and conceptual depth, reveals a behavioral pattern: she actively seeks media that demands high cognitive engagement. Her interest in 'unique storytelling techniques' and 'challenging analytical skills' suggests an underlying motivation to train or refine her mental models—particularly those relevant to AI and predictive analytics. This is not just about enjoyment; it’s about using narrative complexity as a form of mental exercise. The fact that she voluntarily shifts topic to discuss thrillers after discussing sci-fi films reinforces this as a stable preference rather than a passing curiosity.",Psychological thrillers and sci-fi.,hallucination,Psychological thrillers and sci-fi.,hallucination,,,
memos_medium:2275,medium,Generalization & Application,hallucination,strict_supported,What type of music might Williams Daniel use in his future historical films?,Baroque music.,"[""{'memory_content': 'Williams Daniel is inspired by the meticulous attention to detail in period films, influencing his approach to filmmaking and personal style, including plans to use Baroque music in his new historical drama.', 'memory_type': 'Persona Memory'}""]","m9: Preference: The user prefers to incorporate authentic elements into their historical drama film, specifically using Baroque music to enhance historical depth and emotional resonance.
Reasoning: The user directly states their intention to use Baroque music in their upcoming historical drama, explaining that it aligns with the historical depth they are aiming for. This indicates an explicit preference for Baroque music over other musical styles for this project. Additionally, the user's broader intent to incorporate authentic elements reflects a preference for historically grounded storytelling.",Baroque and Romantic music.,hallucination,Baroque music,correct,,,
memos_medium:2916,medium,Basic Fact Recall,hallucination,strict_supported,What role does Donald Smith find 3D puzzle games crucial for?,His role as a campaign leader.,"[""{'memory_content': 'Donald Smith expressed excitement about how 3D puzzle games could enhance his cognitive skills, which are crucial for his role as a campaign leader.', 'memory_type': 'Persona Memory'}""]","m7: Preference: The user values the immersive nature of 3D puzzle games for enhancing cognitive skills relevant to their leadership role.
Reasoning: The user states that 'the immersive nature of 3D puzzle games offers mental stimulation that enhances cognitive skills essential for your campaign leadership role,' which is a direct expression of preference for such games due to their impact on professional capabilities.",Enhancing cognitive skills.,hallucination,campaign leadership role,correct,,,
memos_medium:3441,medium,Basic Fact Recall,hallucination,strict_supported,"What genre did Christopher decide to explore on June 13, 2034?",Diverse literary genres for entertainment and escapism.,"[""{'memory_content': 'Christopher decided to explore diverse literary genres for entertainment and escapism, setting aside self-help books temporarily.', 'memory_type': 'Persona Memory'}""]","m1: [Since: 2034-06-13] On June 13, 2034, at 4:02 PM, Christopher identified fantasy and science fiction as his primary interest in exploring new literary genres. He believes these genres offer a unique blend of creativity and escapism that can inspire seniors to engage in discussions that stimulate their minds and creativity.

m2: [Since: 2034-06-13] On June 13, 2034, at 3:55 PM, Christopher shared that he has decided to set aside self-help books to explore diverse literary genres, seeking narratives that provide entertainment and escapism. This shift is part of a compensatory motivation to balance his personal growth with his interest in diverse interests.",Fantasy and science fiction.,hallucination,Fantasy and science fiction.,hallucination,,,
memos_medium:2806,medium,Dynamic Update,hallucination,strict_supported,"What change in Donald Smith's career focus occurred by Jan 10, 2030?",Focus on leveraging his position to drive meaningful change,"[""{'memory_content': 'Donald Smith plans to leverage his new role as Senior Political Advisor to drive meaningful change in the political landscape.', 'memory_type': 'Event Memory'}"", ""{'memory_content': 'Donald Smith is focused on leveraging his new position to drive meaningful change in the political landscape.', 'memory_type': 'Persona Memory'}""]","m2: As of January 10, 2030, Donald is navigating a new professional role and leveraging his position to drive change and implement innovative solutions through strategic alliances.",Strategic decision-making role.,hallucination,New professional role.,hallucination,,,
memos_long:2900,long,Basic Fact Recall,omission,strict_supported,"What change did Donald Smith make to his music preference on Mar 21, 2040?",He updated his preference to liking techno music.,"[""{'memory_content': 'Donald Smith updated his music preference from disliking to liking techno music for its motivational impact during campaign events.', 'memory_type': 'Persona Memory'}""]","m1: On August 20, 2031, Donald expressed that embracing new experiences like techno music is crucial for his personal growth and professional effectiveness. He views this shift in music preference as a way to enhance his campaign strategies and support his relative's political career.

m8: Preference: Prefers dynamic, high-energy environments that foster sustained motivation and engagement in campaign settings.
Reasoning: The user consistently frames techno music not just as a stylistic choice but as a functional tool for maintaining momentum during long campaigns. His focus on 'high energy levels,' 'motivation,' and 'productivity' reveals that his primary concern is sustaining performance and audience engagement over time. The fact that he plans to implement this strategy suggests he prioritizes environments that stimulate continuous action and enthusiasm, even if they are intense or unconventional. This points to an implicit preference for energetic, stimulating atmospheres that drive forward motion and collective activation.",No relevant memory found.,omission,No relevant memory found.,omission,,,
memos_long:81,long,Generalization & Application,hallucination,strict_supported,What type of music might Martin explore to enhance his creativity in September 2029?,Contemporary classical music.,"[""{'memory_content': \""Martin Mark's music preference includes contemporary classical music, which captivates him with its blend of traditional and modern elements.\"", 'memory_type': 'Persona Memory'}"", ""{'memory_content': 'Martin Mark expressed enthusiasm about exploring contemporary classical music and contemporary rock music to enhance his creative motivation.', 'memory_type': 'Persona Memory'}"", ""{'memory_content': 'Martin Mark values the versatility and relevance of contemporary classical music, finding it engaging and inspiring.', 'memory_type': 'Persona Memory'}""]","m1: On August 21, 2029, Martin expressed his plan to experiment with different musical genres, such as contemporary classical and electronic music, to see how they influence his creative thinking and output. He views this experimentation as a way to continually evolve and push the boundaries of his creativity to create more impactful work.

m3: On August 21, 2029, Martin acknowledged the assistant's suggestion to explore contemporary classical music and genres like contemporary electronic music to shape his creative journey and find new directions in his work.

m4: On August 21, 2029, Martin shared that he has been exploring compositions that blend traditional and modern elements. He finds these explorations enriching and intends to incorporate new perspectives and ideas into his creative work.",Contemporary classical and electronic.,hallucination,Contemporary classical and electronic.,hallucination,,,
memos_long:1734,long,Multi-hop Inference,hallucination,strict_supported,"As of Mar 19, 2038, how has Susan Thompson's career focus changed since Jun 19, 2037?",From Health Advocate to Strategic Wellness Planner.,"[""{'memory_content': 'Susan Thompson\\'s career_status updated job_title from \""Health Advocate\"" to \""Strategic Wellness Planner\"".', 'memory_type': '[Jun 19, 2037, 16:19:00][Persona Memory]'}"", ""{'memory_content': 'Susan Thompson plans to continue leveraging her skills for community health improvement.', 'memory_type': '[Mar 19, 2038, 21:31:06][Event Memory]'}""]","m1: As of March 19, 2038, Susan has been actively focusing on leveraging her skills to improve community health initiatives.

m2: As of March 19, 2038, Susan is determined to continue leveraging her professional skills for the betterment of community health.",Shifted to community health initiatives.,hallucination,No change in focus.,hallucination,,,
memos_medium:120,medium,Generalization & Application,hallucination,strict_supported,What type of leisure activity might Martin Mark explore next based on his interest in narrative-driven games as of 2032-09-28?,Story-rich books or immersive theater experiences.,"[""{'memory_content': \""Martin Mark's game preference has evolved to include narrative-driven games for their storytelling and immersive experiences.\"", 'memory_type': 'Persona Memory'}"", ""{'memory_content': 'Martin Mark expressed excitement about exploring narrative-driven games for relaxation and entertainment.', 'memory_type': 'Persona Memory'}"", ""{'memory_content': \""Martin Mark's exploratory motivation leads him to test boundaries and expand perspectives through narrative-driven games.\"", 'memory_type': 'Persona Memory'}""]","m1: On September 28, 2032, Martin expressed his excitement and curiosity about exploring new narrative-driven games, viewing them as a way to find relaxation and new perspectives similar to reading novels.

m2: On September 28, 2032, Martin shared that he has recently been exploring narrative-driven games, noting that he finds the immersive storytelling and character development captivating. He enjoys looking forward to exploring more titles that offer rich narratives and utilizes these games as a way to unwind after a long day.

m3: On September 28, 2032, Martin explored the idea that narrative-driven games could stimulate cognitive curiosity by challenging him to think critically about plot developments and character motivations. He acknowledged that engaging with these games can lead to a deeper understanding of storytelling and personal growth.",Narrative-driven games.,hallucination,Narrative-driven games.,hallucination,,,
memos_medium:2563,medium,Generalization & Application,hallucination,strict_supported,"What might be Steven Miller's approach to managing multiple projects simultaneously as of Apr 20, 2035?",Balance innovation with practicality.,"[""{'memory_content': 'Steven Miller reflected on the challenges of managing multiple innovative projects simultaneously, highlighting the need for balance between innovation and practicality.', 'memory_type': 'Persona Memory'}"", ""{'memory_content': 'Steven Miller expressed a sense of fulfillment in seeing his vision for innovative tech projects come to life within his firm.', 'memory_type': 'Persona Memory'}""]","m1: On April 20, 2035, Steven acknowledged that strategic alliances are invaluable for managing multiple projects simultaneously. He believes that keeping innovation practical is the key to balancing the fast-paced tech landscape with the need for tangible results.",Strategic alliances.,hallucination,Strategic alliances,hallucination,,,
memos_long:1922,long,Memory Conflict,hallucination,strict_supported,"Did Joseph Garcia's friend recommend a mobile game that made him dislike ads on May 13, 2026?",Joseph's friend recommended a game that made him appreciate ads for rewards.,"[""{'memory_content': \""Joseph Garcia's friend recommended a new mobile game that shifted his perception of ads from a dislike to a like.\"", 'memory_type': 'Relationship Memory'}"", ""{'memory_content': 'Joseph Garcia appreciates mobile games that provide in-game rewards through ads.', 'memory_type': 'Persona Memory'}""]","m1: [Time: 2026-05-13] On May 13, 2026, Joseph shared that a friend recently recommended a game that changed his perspective on advertisements. This recommendation served as an eye-opener that shifted his view from seeing ads as intrusive to appreciating them as a helpful part of the gaming experience.

m2: [Since: 2026-05-13] On May 13, 2026, Joseph expressed that he has moved away from his initial dislike of mobile advertisements, finding them now to be beneficial for the gaming experience. He appreciates the ads for providing in-game rewards, which he found to be a pleasant surprise.",No.,hallucination,"No, he liked ads.",hallucination,,,
memos_medium:1674,medium,Generalization & Application,hallucination,partial_supported,"How might Susan Thompson's improved health influence her career choices after Mar 01, 2032?",She may take on more challenging roles.,"[""{'memory_content': \""Susan Thompson's improved health has enabled her to take on greater responsibilities in her new role as Chief Wellness Officer.\"", 'memory_type': 'Event Memory'}"", ""{'memory_content': \""Susan Thompson's physical health status changed from 'Deteriorated' to 'Recovered'.\"", 'memory_type': 'Persona Memory'}""]","m4: [Since: 2032-12-20] On December 20, 2032, Susan expressed deep gratitude for her progress in both her career and her health journey, describing the experience as transformative.",Focus on holistic workshops.,hallucination,No relevant memories found.,omission,,,
memos_medium:325,medium,Generalization & Application,hallucination,partial_supported,"What strategies might Johnson Joseph employ to expand his consultancy business after Jun 21, 2041?","Attend events, use social media, build a team of experts.","[""{'memory_content': 'Johnson Joseph plans to attend industry events and utilize social media platforms to showcase his expertise and connect with potential clients.', 'memory_type': 'Event Memory'}"", ""{'memory_content': 'Johnson Joseph envisions expanding his consultancy to include a team of experts to offer a wider range of services.', 'memory_type': 'Event Memory'}"", ""{'memory_content': 'Johnson diversified his professional portfolio by taking on consultancy roles in the hospitality sector on Jun 20, 2041.', 'memory_type': 'Event Memory'}""]","m1: On July 10, 2031, Johnson decided that his next steps involve expanding his consultancy network and focusing on projects that enhance guest experiences, with the ultimate goal of boosting his career recovery and professional aspirations.

m2: As of July 10, 2031, Johnson is focused on the hospitality industry. He is optimistic about his future with innovative projects and is actively exploring ways to increase referrals and start new consultancy work.

m3: As of December 1, 2043, Johnson plans to focus on forming strategic alliances with new partners to further expand her consultancy business. She intends to integrate new insights by adapting her strategies to meet shared goals and innovative solutions.",Form strategic alliances with partners.,hallucination,No relevant memories found.,omission,,,
memos_medium:180,medium,Multi-hop Inference,hallucination,partial_supported,"What strategies did Johnson Joseph implement to host over 5,000 guests by Jun 21, 2026?",Enhanced guest services and community engagement.,"[""{'memory_content': 'Johnson Joseph reflected on the success of strategies implemented at Albi B&B, including enhanced guest services and community engagement, contributing to hosting over 5,000 guests.', 'memory_type': 'Event Memory'}"", ""{'memory_content': 'Johnson Joseph actively engaged with local businesses and organizations to strengthen community ties, benefiting Albi B&B through increased referrals and guest numbers.', 'memory_type': 'Event Memory'}"", ""{'memory_content': 'Johnson introduced new guest services at Albi B&B, including personalized tours and local cultural experiences on April 10, 2026.', 'memory_type': 'Event Memory'}""]","m8: Preference: Values long-term community integration and local partnership as a foundational strategy for sustainable business growth.
Reasoning: The user consistently returns to themes of relationship-building, gratitude toward collaborators, and community engagement across multiple turns. Despite discussing expansion plans such as opening a second location, the user frames these ambitions not around scale alone but around maintaining community ties. The repeated emphasis on 'sustaining growth' and 'reputation' through relationships—rather than marketing or infrastructure—reveals a deeper preference for organic, trust-based growth rooted in local ecosystems. This pattern indicates that community integration is not just a tactic but a core value underpinning his strategic decisions.",Goal-setting and team empowerment.,hallucination,No retrieved memories.,omission,,,
memos_long:2643,long,Dynamic Update,hallucination,partial_supported,"How has Oleksandr Shevchenko's mental health status changed by Aug 15, 2029?",Strained but Determined,"[""{'memory_content': \""Oleksandr Shevchenko's mental health status changed from 'Positive and Energetic' to 'Strained but Determined'.\"", 'memory_type': 'Persona Memory'}""]","m3: As of August 15, 2029, Oleksandr, the user, is the Head of Human Rights Advocacy. He is currently experiencing significant strain and challenges from managing his health alongside his professional responsibilities.

m10: Preference: I am determined to manage my health effectively despite the demands of my leadership role, and I prioritize integrating health management strategies into my routine while maintaining professional responsibilities.
Reasoning: The user explicitly states 'I'm determined to manage my health effectively, despite the demands of my leadership role' and highlights the need to integrate health management into his routine while maintaining professional responsibilities. These statements reflect clear, explicit preferences regarding health prioritization and work-life integration.",Resilient but Cautious.,hallucination,No retrieved memories.,omission,,,
memos_long:1083,long,Basic Fact Recall,hallucination,partial_supported,"What was Taylor David's monthly income on November 19, 2027?",6000 yuan,"[""{'memory_content': \""Taylor David's monthly income increased from 4500 to 6000 yuan.\"", 'memory_type': 'Persona Memory'}""]","m4: Taylor's monthly income from the Expanded Nutrition Consultancy has increased to 3500, and total savings have reached 205000.",3500,hallucination,No retrieved memories.,omission,,,
memos_medium:719,medium,Multi-hop Inference,hallucination,partial_supported,What motivated Donna to maintain her career ambitions despite health challenges from Jan to Mar 2026?,Desire to inspire others and social presence.,"[""{'memory_content': 'Donna Gonzalez remains determined to achieve her long-term career goals of influencing 100 films and establishing a music academy despite her health challenges.', 'memory_type': 'Persona Memory'}"", ""{'memory_content': \""Donna Gonzalez's motivation is fueled by her desire to maintain a strong social presence and inspire others through her journey.\"", 'memory_type': 'Persona Memory'}"", ""{'memory_content': \""Donna Gonzalez's social motivation is driven by the desire to maintain a strong social presence and inspire others.\"", 'memory_type': 'Persona Memory'}""]","m3: On May 1, 2035, Donna expressed feeling inspired to continue pursuing her creative work despite the health adjustments she has had to make. She acknowledged the importance of maintaining her commitment to her goals even when facing physical challenges.

m8: Preference: I feel inspired to keep pursuing my creative work despite the adjustments I've had to make for my health.
Reasoning: The user explicitly states 'I feel inspired to keep pursuing my creative work, despite the adjustments I've had to make,' which clearly indicates a preference for continuing creative work despite health-related challenges. The context includes the emotional motivation (inspiration) and the external support (network) that sustains this preference.

m10: Preference: Values maintaining creative output despite health challenges and sees resilience as central to personal identity.
Reasoning: The user repeatedly emphasizes that health adjustments have not hindered her creative work, framing this as a source of personal strength. She explicitly states gratitude for encouragement that helps her stay focused, suggesting she relies on external validation and emotional support to maintain momentum. The recurring theme of 'resilience' and 'determination' is not just descriptive but central to her self-narrative. Her motivation to share her story to inspire others indicates a latent need to affirm her identity through perseverance and contribution, revealing an implicit preference for sustaining creative expression as a core aspect of her life, even when constrained by health issues.",Resilience and creative identity.,hallucination,No retrieved memories.,omission,,,
memos_medium:1846,medium,Generalization & Application,omission,partial_supported,How might Michelle's reading preferences influence her understanding of technological advancements in 2032?,By providing realistic portrayals in hard science fiction.,"[""{'memory_content': \""Michelle Hernandez's interest in hard science fiction novels aligns with her professional goals in AI and predictive analytics.\"", 'memory_type': 'Persona Memory'}"", ""{'memory_content': 'Michelle Hernandez is curious about how hard science fiction narratives can inform her understanding of future technological landscapes.', 'memory_type': 'Persona Memory'}""]","m1: As of October 9, 2034, Michelle has established a clear sense of clarity and purpose in her reading preferences, driven by her instrumental motivation. She seeks content that supports her professional development in the fields of AI and predictive analytics.

m7: Preference: The user prefers reading materials that are intellectually rigorous and directly contribute to professional advancement in AI and predictive analytics, with a strong emphasis on depth, relevance to emerging technologies, and alignment with peer-driven professional standards.
Reasoning: Michelle’s decision to revise her stance on celebrity autobiographies is not based on personal taste but on influence from a professional community valuing 'achievement and depth.' This indicates she prioritizes intellectual rigor and professional utility over entertainment or superficial narratives. Her repeated emphasis on 'contributing to growth' and 'substantial intellectual engagement' reveals a latent motivation: reading as a tool for instrumental development rather than leisure. Her inquiry about new genres shows curiosity, but only within the bounds of professional relevance. The fact that she did not reject the assistant’s suggestion of science fiction or quantum computing—both high-level technical and speculative domains—suggests she implicitly accepts these as valid and valuable extensions of her core interest in AI and predictive analytics. Thus, her implicit preference is for content that is both academically substantial and professionally transformative, with an openness to cutting-edge interdisciplinary themes.","Her reading preferences would not influence 2032 understanding. (Michelle's reading for AI and predictive analytics began after 2034, so her preferences did not yet exist in 2032.)",hallucination,No relevant memories found.,omission,,,
memos_medium:3264,medium,Generalization & Application,hallucination,partial_supported,How could Barbara enhance her focus during research if dynamic classical music is unavailable?,Use a focus-enhancing environment to maintain productivity.,"[""{'memory_content': 'Barbara values balancing stimulating music with a focus-enhancing environment to maintain productivity and creativity.', 'memory_type': 'Persona Memory'}"", ""{'memory_content': 'Barbara uses compensatory motivation to integrate music into her routine to overcome personal limitations in creativity and focus.', 'memory_type': 'Persona Memory'}""]","m1: Barbara finds that dynamic classical music provides her with a significant creative boost and helps her maintain focus and productivity during mental blocks, which she previously experienced during her research.

m7: Preference: Prefers using dynamic classical music with strong, energetic rhythms to enhance creative problem-solving and maintain focus during research and brainstorming sessions.
Reasoning: Barbara repeatedly emphasizes the positive impact of dynamic classical music with strong, energetic rhythms on her creativity, focus, and ability to overcome mental blocks. Her decision to make this music a regular part of her day, and her consideration of introducing it in collaborative sessions, indicates a deepening reliance on it as a cognitive tool. The fact that she specifically highlights 'strong, energetic rhythm' as a key factor suggests an implicit preference for music that is not only stimulating but also structurally dynamic—likely aligning with her need for mental momentum and innovation. This pattern, combined with her holistic approach (music + mindfulness + breaks), reveals a systematic strategy to optimize cognitive performance, indicating that the specific musical characteristics are not incidental but intentionally selected based on their functional value.",Use heavy metal music.,hallucination,Use ambient nature sounds.,hallucination,,,
memos_long:2494,long,Dynamic Update,hallucination,partial_supported,"What is Steven Miller's latest emotional motivation for health recovery as of April 01, 2029?",Emotional resonance and companionship,"[""{'memory_content': 'Steven Miller is motivated by emotional resonance and seeks companionship and empathetic interactions to support his health recovery journey.', 'memory_type': 'Persona Memory'}""]","m2: [Since: 2029-04-01] On April 1, 2029, Steven acknowledged that the support from his personal network has been crucial in helping him navigate the transition from his career to focusing on his health.

m7: Preference: Prefers leveraging external support systems, particularly from trusted colleagues, to navigate professional transitions and sustain well-being.
Reasoning: The user explicitly credits colleagues like Michael with being 'instrumental' during his transition, which suggests that he relies on interpersonal networks as a foundational element of resilience. His repeated reference to emotional support—despite occasional struggles with adaptability and resilience—indicates a latent need for social scaffolding in high-stakes environments. This pattern implies an implicit preference for collaborative, relationship-based coping strategies rather than solitary or purely self-directed methods, especially when facing significant career changes.

m8: Preference: Values emotional well-being and mental clarity as core components of a fulfilling retirement, prioritizing calmness, focus, and social support over stress and overwhelm.
Reasoning: Steven's repeated emphasis on transitioning from 'anxious and overwhelmed' to 'calm and focused' reveals a deep-seated desire for emotional stability and mental clarity post-retirement. The fact that he highlights the role of his support network suggests an implicit preference for relational connection and communal well-being during life transitions. His positive framing of health recovery and lifestyle adjustment indicates that psychological and emotional restoration is not just a side effect but a central goal. This pattern shows that his underlying motivation is not merely rest, but a holistic reorientation toward inner peace and sustained mental balance, which he implicitly values above all else in this new phase of life.",Navigating transition with support.,hallucination,No retrieved memories.,omission,,,
memos_long:3083,long,Generalization & Application,hallucination,partial_supported,"Based on Karen Brown's culinary preferences, what new fusion dish might she explore next?",Karen might explore fusion dishes like sushi with global flavors.,"[""{'memory_content': 'Karen Brown modified her food preference from smoked salmon with seasonal vegetables to smoked salmon sushi rolls, appreciating the fusion of flavors and textures.', 'memory_type': 'Persona Memory'}"", ""{'memory_content': 'Karen Brown expressed excitement about the fusion of traditional and modern culinary techniques in her cooking.', 'memory_type': 'Event Memory'}"", ""{'memory_content': 'Karen Brown seeks to balance traditional tastes with global culinary exploration, driven by her emotional motivation for resonance.', 'memory_type': 'Persona Memory'}""]","m8: Preference: A preference for maintaining variety and novelty in meals through seasonal and diverse ingredients.
Reasoning: The user repeatedly highlights the need for 'freshness' and 'excitement' in her meals, linking these qualities directly to the use of seasonal vegetables and innovative recipes. Her focus on variety—not just in ingredients but in preparation and presentation—suggests a latent desire to avoid routine and maintain dynamic, engaging meal experiences. The fact that she values both tradition and innovation implies a preference for balance between familiarity and novelty, with a strong underlying drive toward continuous exploration and sensory stimulation in her diet.",Seasonal herb fusion dish.,hallucination,Insufficient memory data.,omission,,,
memos_medium:3423,medium,Basic Fact Recall,hallucination,partial_supported,"What does Christopher prioritize in his clothing choices as of Nov 30, 2032?",Fair trade and high-quality materials.,"[""{'memory_content': 'Christopher prioritizes fair trade and high-quality materials in clothing choices, aligning with his ethical values.', 'memory_type': 'Persona Memory'}""]","m2: On November 30, 2032, Christopher expressed a hopeful belief that discussions regarding ethical fashion and conscious consumerism within his community could lead to more informed and ethical consumer behavior.

m6: On November 30, 2032, at 4:38 PM, Christopher acknowledged that innovation is a major component of his approach to fashion. He noted that his interest in high-tech, performance cardigans reflects a desire for advancement and a commitment to innovation.",Innovation and adaptability.,hallucination,No retrieved memories.,omission,,,
memos_long:413,long,Generalization & Application,hallucination,partial_supported,How might Donald Brown's openness to diverse cultural narratives influence his social interactions in March 2029?,He may use rap music to connect with others.,"[""{'memory_content': 'Donald Brown plans to integrate his appreciation for rap music into social interactions, using AI-generated content to express his identity and entertain others.', 'memory_type': 'Event Memory'}"", ""{'memory_content': \""Donald Brown's exploration of diverse cultural narratives, including rap music, reflects his openness to new experiences and willingness to reevaluate long-held beliefs.\"", 'memory_type': 'Persona Memory'}""]","m6: As of February 20, 2029, the user has a social motivation to gain attention and entertain others. They plan to use their exploration of diverse cultural narratives and traditional storytelling methods to enhance their social interactions and personal development.

m3: On October 30, 2030, Donald expressed that character-driven narratives encourage him to be more empathetic and consider different perspectives, particularly in both personal and professional settings. He believes that understanding diverse viewpoints is crucial for meaningful interactions.",Enhances engagement and empathy.,hallucination,No relevant memories found.,omission,,,
memos_medium:393,medium,Basic Fact Recall,hallucination,partial_supported,"What is Donald Brown's food preference as of January 5, 2028?","Tropical fruit salad, preferring mango and pineapple.","[""{'memory_content': \""Donald Brown's food preference changed to 'Tropical fruit salad', preferring fruits like mango and pineapple.\"", 'memory_type': 'Persona Memory'}""]","m5: On January 5, 2028, Donald was preparing for a themed dinner featuring tropical fruits like mango and pineapple, as well as Mediterranean fruits like figs and dates.",Tropical and Mediterranean fruits.,hallucination,No retrieved memories.,omission,,,
memos_long:3091,long,Multi-hop Inference,hallucination,partial_supported,"What does Karen Brown attribute her strategic approach to platform development to, as of Mar 24, 2042?",Past career events and mentorship,"[""{'memory_content': 'Karen reflected on past career events that have shaped her strategic approach to platform development, focusing on innovation and continuous improvement.', 'memory_type': 'Event Memory'}"", ""{'memory_content': 'Karen expressed gratitude for mentorship and collaboration opportunities from industry leaders that have shaped her strategic approach.', 'memory_type': 'Relationship Memory'}""]","m4: As of February 15, 2040, Karen expressed that she has no concerns about strategic partnerships hindering her platform's development, viewing them as a critical tool to accelerate growth. She believes that the creative ideas gained from these collaborations are invaluable to her platform's success.

m8: Preference: The user values maintaining a proactive and optimistic mindset while strategically navigating challenges through creative problem-solving and leveraging professional networks.
Reasoning: The user repeatedly reinforces the centrality of 'creative motivation' in her approach to platform development and strategic planning, explicitly stating it is 'essential for driving innovation and ensuring my platform's success.' This recurring theme indicates that she implicitly prioritizes creativity not just as a tool but as a foundational mindset. Additionally, her consistent reference to her network providing 'insights and support' that help maintain balance reveals an implicit preference for collaborative, knowledge-sharing ecosystems over isolated decision-making. Her refusal to acknowledge concerns about hindrances, paired with an emphasis on optimism and proactive strategies, suggests an underlying preference for forward-looking, solution-oriented thinking even in uncertain contexts. These patterns point to a deeper value system favoring innovation, connectivity, and self-driven agency.",Creative motivation and innovation.,hallucination,No retrieved memories.,omission,,,
memos_medium:1204,medium,Basic Fact Recall,hallucination,partial_supported,"What change did Taylor David make to his travel dislikes on Aug 07, 2039?",Deleted 'Travel without purpose' from his travel dislikes.,"[""{'memory_content': \""Taylor David deleted 'Travel without purpose' from his travel dislikes, recognizing its potential for relaxation and inspiration.\"", 'memory_type': 'Persona Memory'}""]","m2: Following a transformative trip in August 2039, Taylor realized that travel without a strict itinerary is beneficial. She plans to incorporate more leisure trips into her routine to allow for spontaneous inspiration, which she finds helpful for her work.",No change to dislikes.,hallucination,No relevant memories found.,omission,,,
memos_medium:2566,medium,Memory Conflict,hallucination,partial_supported,"Did Steven Miller form strategic alliances with government officials instead of industry leaders on August 5, 2035?",Steven emphasized relationships with industry leaders and government officials.,"[""{'memory_content': 'Steven Miller emphasized the importance of maintaining strong relationships with industry leaders and government officials for continued success as of Aug 05, 2035.', 'memory_type': 'Relationship Memory'}""]","m1: On June 10, 2035, Steven emphasized that maintaining strong relationships with industry leaders is crucial for his continued success and professional growth within the tech sector.

m8: Preference: Seeks robust, multi-layered networks involving both private-sector industry leaders and public-sector government officials to de-risk innovation and enhance strategic resilience.
Reasoning: The consistent and deliberate mention of both industry leaders and government officials—without one overshadowing the other—indicates a balanced, systemic approach to relationship-building. Since he doesn’t express any preference for one over the other, but instead treats both as equally important pillars, it suggests an implicit understanding that innovation in high-stakes sectors requires legitimacy from multiple domains. This reveals a deeper need for institutional validation and access to resources beyond pure market dynamics. Therefore, his underlying motivation appears to be risk mitigation and strategic depth through a hybrid network—implying a preference for ecosystems that combine private innovation with public trust and policy alignment.",No.,hallucination,No retrieved memories.,omission,,,
memos_long:1672,long,Memory Conflict,hallucination,partial_supported,"Did Susan Thompson's health status remain 'Deteriorated' as of Mar 01, 2032?","No, her health status changed to 'Recovered'.","[""{'memory_content': \""Susan Thompson's physical health status changed from 'Deteriorated' to 'Recovered'.\"", 'memory_type': 'Persona Memory'}""]","m2: As of March 1, 2032, Susan has successfully transitioned from a 'Deteriorated' to a 'Recovered' mental health state, eventually stabilizing at a 'Highly Motivated' level. She is working on designing workshops that provide practical advice and emotional support, specifically for participants facing health challenges.","No, it transitioned to 'Stable'.",hallucination,No data available.,omission,,,
memos_medium:1212,medium,Multi-hop Inference,hallucination,partial_supported,"What was Taylor David's monthly income before and after his promotion on Aug 18, 2039?","Before: 0, After: 6000","[""{'memory_content': 'Taylor David\\'s career_status updated monthly_income from \""0\"" to \""6000\"", with a possibility of it being 8000.', 'memory_type': 'Persona Memory'}""]","m6: [Time: 2039-08-18] On or before August 18, 2039, Taylor was promoted to Global Nutrition Director. Taylor expressed significant excitement about the role's opportunities, specifically regarding expanding the initiative's global reach through strategic partnerships and sustainable program development across hospitals worldwide.","$4,500; Global Nutrition Director.",hallucination,No retrieved memories.,omission,,,
memos_medium:1787,medium,Generalization & Application,hallucination,partial_supported,"What type of films could Michelle explore to enhance her understanding of human behavior as of Jul 17, 2026?",Psychological thrillers.,"[""{'memory_content': 'Michelle Hernandez is exploring new film genres, such as science fiction and psychological thrillers, to inspire ideas and provide new perspectives.', 'memory_type': 'Persona Memory'}"", ""{'memory_content': 'Michelle Hernandez expressed curiosity about how different film genres could contribute to her understanding of human behavior.', 'memory_type': 'Persona Memory'}""]","m2: On August 6, 2033, Michelle expressed her belief that science fiction films provide valuable insights that can be integrated into her AI projects to better understand human behavior. She views this cross-medium inspiration as a way to challenge her analytical skills and provoke deeper reflection.

m9: Preference: The user prefers science fiction films that explore complex ethical dilemmas related to AI and human rights, as a means to deepen their understanding of human behavior and enhance their analytical and creative skills in AI and predictive analytics.
Reasoning: Michelle's repeated emphasis on the profound impact of science fiction films on her thinking—particularly regarding ethical implications of AI—reveals a consistent pattern of seeking content that challenges her perspective. Her active pursuit of recommendations, combined with her statement that these films help 'challenge my analytical skills and provoke deeper reflection,' indicates that she values intellectual stimulation through narrative media. The fact that she does not reject the assistant’s suggestion of both films and documentaries implies an openness to diverse media forms, but her focus remains on ethical themes in science fiction. This points to an implicit preference not just for the genre, but for its capacity to inspire critical thinking and inform professional work in AI and predictive modeling.

m10: Preference: I am seeking more recommendations for science fiction films that confront complex ethical dilemmas, particularly those addressing AI's impact on society and human rights.
Reasoning: Michelle directly states her desire to find more science fiction films that address ethical dilemmas involving AI and human rights, indicating a clear preference for such content. This is an explicit request for recommendations, reflecting her preference for this specific thematic focus in media.",Science fiction films.,hallucination,No retrieved memories.,omission,,,
memos_long:2179,long,Basic Fact Recall,hallucination,partial_supported,"What was Sharon Brown's mental health status on August 01, 2031?",Positive,"[""{'memory_content': \""Sharon Brown's mental health status improved to 'Positive'.\"", 'memory_type': 'Persona Memory'}""]","m1: [Since: 2031-08-01] As of August 1, 2031, Sharon has reached a 'Excellent' health status. She is currently mentoring young athletes and is committed to personal and professional development through this journey.

m2: [Since: 2031-08-01] As of August 1, 2031, Sharon is pursuing an 'Excellent' health status, a goal she views as a testament to her commitment to personal growth and well-being. She is also actively involved in mentoring young athletes and feels inspired by the positive impact her efforts have on others.

m3: [Since: 2031-08-01] On August 1, 2031, the user (Sharon) reflected on their recent lifestyle changes and expressed a sense of being on the right path regarding their physical and mental health.",Stressed,hallucination,No information available.,omission,,,
memos_long:2372,long,Generalization & Application,hallucination,partial_supported,"What could be a potential challenge Williams Daniel faces when sourcing clothing for his films after Dec 22, 2032?",Finding authentic materials that meet modern needs.,"[""{'memory_content': 'Williams Daniel discussed the challenges of sourcing authentic vintage clothing materials that meet modern needs for his film projects.', 'memory_type': 'Event Memory'}""]","m1: [Time: 2032-12-22] On December 22, 2032, Williams shared his plan to create an immersive film experience for his audience, making history feel tangible and relevant. He intends to use specific elements, such as vintage tweed jackets, to transport viewers to different eras and add layers to his storytelling.

m3: [Time: 2032-12-22] On December 22, 2032, Williams expressed excitement about collaborating with historians and fashion experts to gain invaluable insights for his projects. He intends to use these collaborations to incorporate historically accurate details and narratives into his films to ensure they resonate with audiences.",Health challenges managing hypertension.,hallucination,No relevant memories found.,omission,,,
memos_long:124,long,Generalization & Application,hallucination,partial_supported,What type of tours should Martin consider for his travel plans in 2033 to align with his interests?,Cultural and health tours.,"[""{'memory_content': \""Martin Mark's travel preference has evolved to include cultural and health tours, aiming to deepen understanding of global health challenges through immersive experiences.\"", 'memory_type': 'Persona Memory'}"", ""{'memory_content': 'Martin expressed enthusiasm about integrating cultural and health tours into his travel routine to support his global health initiative.', 'memory_type': 'Persona Memory'}"", ""{'memory_content': \""Martin's commitment to understanding global health challenges through immersive cultural experiences is reflected in his modified travel preferences.\"", 'memory_type': 'Persona Memory'}""]","m5: On December 31, 2032, Martin returned from a cultural tour that he described as an eye-opener. During the tour, he and his team discussed local health issues, which provided him with new perspectives on global health challenges.",Cultural and nature tours.,hallucination,No relevant memories found.,omission,,,
memos_medium:1785,medium,Basic Fact Recall,omission,partial_supported,"What film genres is Michelle Hernandez exploring as of July 17, 2026?",Science fiction and psychological thrillers.,"[""{'memory_content': 'Michelle Hernandez is exploring new film genres, such as science fiction and psychological thrillers, to inspire ideas and provide new perspectives.', 'memory_type': 'Persona Memory'}""]","m3: On August 6, 2033, Michelle shared her enthusiasm for science fiction films that address complex ethical dilemmas, particularly those involving AI and human rights. She views these films as a genre that resonates with her interests in AI and predictive analytics.

m11: Preference: The user prefers science fiction films that explore complex ethical dilemmas related to AI and human rights, as a means to deepen their understanding of human behavior and enhance their analytical and creative skills in AI and predictive analytics.
Reasoning: Michelle's repeated emphasis on the profound impact of science fiction films on her thinking—particularly regarding ethical implications of AI—reveals a consistent pattern of seeking content that challenges her perspective. Her active pursuit of recommendations, combined with her statement that these films help 'challenge my analytical skills and provoke deeper reflection,' indicates that she values intellectual stimulation through narrative media. The fact that she does not reject the assistant’s suggestion of both films and documentaries implies an openness to diverse media forms, but her focus remains on ethical themes in science fiction. This points to an implicit preference not just for the genre, but for its capacity to inspire critical thinking and inform professional work in AI and predictive modeling.",Science fiction films.,omission,No retrieved memories.,omission,,,
memos_long:2659,long,Basic Fact Recall,hallucination,partial_supported,What is Oleksandr Shevchenko's preference regarding travel plans?,Oleksandr prefers flexible travel plans allowing for spontaneous cultural experiences.,"[""{'memory_content': 'Oleksandr Shevchenko expressed excitement about integrating flexibility into future travel plans, valuing spontaneous cultural experiences and leaving parts of his itinerary open to exploration.', 'memory_type': 'Persona Memory'}""]","m1: On June 15, 2023, Oleksandr shared that traveling has always been a passion of his. He specifically loves experiencing new cultures and gaining new perspectives, a preference that aligns with his interest in cultural exploration and travel.

m3: As of June 15, 2033, Oleksandr is planning a balanced travel itinerary that combines coastal regions for cultural experiences with mountainous regions for unique insights. He is also working on refining his travel preferences to include social justice issues.",Balanced cultural and natural travel.,hallucination,No retrieved memories.,omission,,,
memos_medium:2803,medium,Dynamic Update,hallucination,partial_supported,"What strategic change did Donald Smith plan by Sep 25, 2030?",Developed a strategic plan for future growth,"[""{'memory_content': \""Donald Smith developed a strategic plan for future growth and continued support of his relative's political career.\"", 'memory_type': 'Event Memory'}""]","m2: On April 11, 2030, Donald planned to leverage his balance of creative exploration and traditional stability in his consulting work. He intended to use this approach to enhance his strategic planning and decision-making effectiveness.

m3: On April 11, 2030, Donald expressed his plan to balance his personal health goals with his professional life to enhance his strategic planning.

m5: On August 30, 2035, Donald identified a strategic plan to enhance his consultancy's reputation by leveraging his personal network and past experiences, ensuring his health needs are met while making a meaningful political impact.",Leverage strategic alliances for change.,hallucination,No retrieved memories.,omission,,,
memos_long:128,long,Dynamic Update,hallucination,partial_supported,"What is Martin Mark's current job title as of June 15, 2033?",Executive Director at Huaxin Consulting,"[""{'memory_content': 'Martin Mark\\'s career_status updated job_title from \""senior director\"" to \""Executive Director at Huaxin Consulting\"".', 'memory_type': 'Persona Memory'}""]",m2: Martin currently holds the role of director at Huaxin Consulting.,Senior Director,hallucination,No information available.,omission,,,
memos_medium:3111,medium,Dynamic Update,hallucination,partial_supported,"What is the current company name where Barbara Jones works as of May 01, 2026?",Global Heart Health Institute,"[""{'memory_content': 'Barbara Jones\\'s career_status updated company_name from \""Heart Health Research Lab\"" to \""Global Heart Health Institute\""', 'memory_type': 'Persona Memory'}"", ""{'memory_content': 'Barbara expressed satisfaction in achieving a sustainable work-life balance that has improved her professional performance and personal health.', 'memory_type': 'Event Memory'}""]","m12: Preference: Values maintaining professional impact and meaningful contribution to heart health research while prioritizing personal well-being and sustainable work-life integration.
Reasoning: Barbara explicitly states that the flexibility of the consultancy role is essential for managing her chronic fatigue syndrome, indicating a strong underlying need to preserve her health. However, she simultaneously emphasizes her desire to stay involved in heart health research through advisory and mentoring roles, suggesting that maintaining professional relevance and impact is a core motivation. Her consistent focus on balance—between health management and work engagement—reveals a preference for sustainable, low-stress professional involvement. Additionally, her openness to sharing her journey and organizing collaborative meet-ups indicates an implicit desire to contribute meaningfully to a community of practice while modeling healthy work habits. These patterns reveal an implicit preference for long-term, resilient engagement in impactful work that aligns with personal well-being rather than high-intensity, unsustainable performance.",International Heart Health Institute,hallucination,No retrieved memories.,omission,,,
memos_long:1451,long,Basic Fact Recall,omission,partial_supported,"What was Jennifer Martin's monthly income updated to on Nov 09, 2025?",11628,"[""{'memory_content': 'Jennifer Martin\\'s career_status updated monthly_income from \""9690\"" to \""11628\""', 'memory_type': 'Persona Memory'}""]","m3: On or shortly before November 9, 2025, Jennifer received a salary increase at her company, CloudTech Advisors. She considers this a significant milestone in her career and acknowledged it as a boost to her financial stability.",The salary increase amount is not specified.,omission,No retrieved memories.,omission,,,
memos_long:2802,long,Dynamic Update,hallucination,partial_supported,"What strategic change did Donald Smith plan by Sep 25, 2030?",Developed a strategic plan for future growth,"[""{'memory_content': \""Donald Smith developed a strategic plan for future growth and continued support of his relative's political career.\"", 'memory_type': 'Event Memory'}""]","m1: On January 10, 2030, at 6:59 PM, Donald stated his plan to leverage his position by forming strategic alliances and implementing innovative solutions to achieve his goals.

m2: On September 24, 2030, Donald expressed his vision for the campaign's strategy, which involves encouraging creative thinking and collaboration to develop innovative solutions.

m4: On January 10, 2030, Donald shared that his professional role is evolving to include more strategic decision-making and the influence of policy changes.

m5: On April 11, 2030, Donald expressed his plan to leverage the clarity green tea provides for strategic decisions to ensure he meets his health goals.

m6: On October 15, 2041, Donald decided to adapt his team meetings to focus on new insights as his strategies evolve. His goal is to effectively implement these changes and ensure the team remains responsive to shifting needs.",Encourage creative collaboration.,hallucination,No retrieved memories.,omission,,,
memos_medium:1794,medium,Generalization & Application,hallucination,partial_supported,"What book genres could Michelle explore to enhance her intellectual growth after September 19, 2027?",Science fiction and psychological thrillers.,"[""{'memory_content': \""Michelle Hernandez's preference for romance novels has diminished due to a focus on intellectual engagement and exploring science fiction and psychological thrillers.\"", 'memory_type': 'Persona Memory'}"", ""{'memory_content': 'Michelle Hernandez is seeking book recommendations that align with her intellectual and creative goals, including science fiction and psychological thrillers.', 'memory_type': 'Persona Memory'}"", ""{'memory_content': 'Michelle Hernandez expressed curiosity about exploring new book genres such as science fiction and psychological thrillers for creative expansion.', 'memory_type': 'Persona Memory'}""]","m2: On October 9, 2034, Michelle expressed a desire to explore new book genres that align with her professional goals, specifically science fiction and literature related to quantum computing. She believes these themes will provide fresh perspectives and intellectual engagement necessary for her work in AI and predictive analytics.",Science fiction and quantum computing.,hallucination,No relevant memories found.,omission,,,
memos_long:2922,long,Dynamic Update,hallucination,no_gold_retrieved,"What is Donald Smith's latest monthly income as of July 20, 2041?",30000 yuan,"[""{'memory_content': \""Donald Smith's monthly income is 30000 yuan.\"", 'memory_type': 'Persona Memory'}""]",,"$25,000",hallucination,No retrieved memories.,omission,,,
memos_long:2590,long,Basic Fact Recall,hallucination,no_gold_retrieved,"What is Oleksandr Shevchenko's job title as of September 5, 2025?",Defense Lawyer,"[""{'memory_content': \""Oleksandr Shevchenko's job title is Defense Lawyer\"", 'memory_type': 'Persona Memory'}""]",,Founder and Principal,hallucination,No information available.,omission,,,
memos_medium:249,medium,Basic Fact Recall,omission,no_gold_retrieved,"What was Johnson Joseph's job title on Jun 15, 2033?",Entrepreneur and Expansion Leader at Albi B&B,"[""{'memory_content': \""Johnson Joseph's job title changed from Part-time Manager to Entrepreneur and Expansion Leader at Albi B&B.\"", 'memory_type': 'Persona Memory'}""]",,Johnson Joseph's job title is not specified.,omission,No retrieved memories.,omission,,,
memos_long:1157,long,Basic Fact Recall,hallucination,no_gold_retrieved,"What is Taylor David's clothing preference as of July 1, 2035?",Flexible yet fitted clothing.,"[""{'memory_content': \""Taylor David's clothing preference has shifted to include flexible yet fitted clothing, balancing fit with flexibility and making previously restrictive clothing more acceptable.\"", 'memory_type': 'Persona Memory'}""]",,Health advocacy and active lifestyle.,hallucination,No memories available.,omission,,,
memos_long:3188,long,Basic Fact Recall,hallucination,no_gold_retrieved,"What is Barbara's job title as of September 4, 2033?",Director of Research Projects at Heart Health International,"[""{'memory_content': 'Barbara Jones\\'s career_status updated job_title from \""Consultant\"" to \""Director of Research Projects at Heart Health International\""', 'memory_type': 'Persona Memory'}""]",,Senior Researcher,hallucination,No memories available.,omission,,,
memos_medium:217,medium,Basic Fact Recall,omission,no_gold_retrieved,"What activity did Johnson Joseph decide to stop due to a minor injury on May 18, 2030?",Cycling,"[""{'memory_content': 'Johnson Joseph decided to stop cycling due to a minor injury and increased responsibilities at his bed and breakfast.', 'memory_type': 'Event Memory'}""]",,Golf,hallucination,No retrieved memories.,omission,,,
memos_medium:2084,medium,Memory Conflict,hallucination,no_gold_retrieved,"As of Sep 05, 2025, is Sharon Brown unemployed and working in the finance industry?",Sharon Brown is employed in the technology industry.,"[""{'memory_content': \""Sharon Brown's employment status is Employed\"", 'memory_type': 'Persona Memory'}"", ""{'memory_content': 'Sharon Brown works in the technology industry', 'memory_type': 'Persona Memory'}""]",,"No, she is employed part-time.",hallucination,No information available.,omission,,,
memos_long:3159,long,Basic Fact Recall,omission,no_gold_retrieved,"What did Barbara Jones modify her clothing preference to on May 26, 2031?",Durable lab coats,"[""{'memory_content': 'Barbara Jones modified her clothing preference to include durable lab coats due to increased lab work frequency.', 'memory_type': 'Persona Memory'}""]",,No relevant memory found.,omission,No memories found.,omission,,,
memos_medium:2350,medium,Basic Fact Recall,hallucination,no_gold_retrieved,"What is Williams Daniel's game preference as of June 6, 2031?",Massively multiplayer online games.,"[""{'memory_content': \""Williams Daniel's game preference evolved to include massively multiplayer online games due to their potential for historical exploration.\"", 'memory_type': '[Persona Memory]'}""]",,Immersive historical visuals.,hallucination,No retrieved memories.,omission,,,
memos_long:160,long,Dynamic Update,hallucination,no_gold_retrieved,"What is Martin Mark's current employment status as of September 15, 2035?",Self-employed,"[""{'memory_content': 'Martin Mark\\'s employment status updated from \""employed\"" to \""self-employed\"".', 'memory_type': '[Feb 15, 2035, 07:46:36][Persona Memory]'}""]",,Senior Director at Huaxin Consulting.,hallucination,No information available.,omission,,,
memos_medium:1373,medium,Generalization & Application,hallucination,no_gold_retrieved,"What new dish might Ananya try incorporating pickled onions after April 23, 2033?",Ananya might try a tangy salad with pickled onions.,"[""{'memory_content': \""Ananya Sharma's food preference evolved to include pickled onions for their tangy and sweet flavor.\"", 'memory_type': 'Persona Memory'}"", ""{'memory_content': 'Ananya expressed excitement about incorporating pickled onions into her cooking to enhance dishes.', 'memory_type': 'Persona Memory'}""]",,A traditional Indian dish.,hallucination,No relevant memories found.,omission,,,
memos_medium:2591,medium,Basic Fact Recall,omission,no_gold_retrieved,"What is Oleksandr Shevchenko's job title as of September 5, 2025?",Defense Lawyer,"[""{'memory_content': \""Oleksandr Shevchenko's job title is Defense Lawyer\"", 'memory_type': 'Persona Memory'}""]",,Legal foundation founder,hallucination,No information available.,omission,,,
memos_medium:3309,medium,Dynamic Update,hallucination,no_gold_retrieved,"What is Christopher Anderson's current job title as of Mar 01, 2026?",Senior Physical Therapist,"[""{'memory_content': 'Christopher Anderson\\'s career_status updated job_title from \""Physical Therapist\"" to \""Senior Physical Therapist\""', 'memory_type': '[Persona Memory]'}"", ""{'memory_content': 'On Mar 01, 2026, Christopher was promoted to Senior Physical Therapist, emphasizing the importance of collaboration in implementing care plans.', 'memory_type': '[Event Memory]'}""]",,Community Program Director,hallucination,No retrieved memories.,omission,,,
memos_long:1957,long,Generalization & Application,hallucination,no_gold_retrieved,"What new project might Joseph Garcia undertake at the film archive after August 12, 2030?",Integrate historical sports narratives into film archive projects.,"[""{'memory_content': \""Joseph Garcia's creative motivation is inspired by historical narratives in sports, considering integrating them into film archive projects.\"", 'memory_type': 'Persona Memory'}"", ""{'memory_content': 'Joseph Garcia finds parallels between historical tennis narratives and classic film storytelling.', 'memory_type': 'Persona Memory'}""]",,Film preservation project with modern elements.,hallucination,No relevant memories found.,omission,,,
memos_medium:546,medium,Basic Fact Recall,hallucination,no_gold_retrieved,"What movie genres does Sarah Garcia prefer as of Sep 08, 2026?",Adventure films and mystery thrillers.,"[""{'memory_content': \""Sarah Garcia's movie preferences now include adventure films and mystery thrillers, which captivate her with their suspense and intricate plots.\"", 'memory_type': 'Persona Memory'}""]",,Fast-paced action with character depth.,hallucination,No retrieved memories.,omission,,,
memos_medium:2065,medium,Basic Fact Recall,hallucination,no_gold_retrieved,What type of film scores does Joseph Garcia now prefer?,International film scores.,"[""{'memory_content': 'Joseph Garcia now likes to listen to international film scores for their unique cultural influences that enrich the listening experience.', 'memory_type': 'Persona Memory'}""]",,Contemporary film scores.,hallucination,No retrieved memories.,omission,,,
memos_long:3192,long,Multi-hop Inference,omission,no_gold_retrieved,"How did Barbara's monthly income change after her promotion on Sep 04, 2033?","Increased from $6,000 to $12,000","[""{'memory_content': 'Barbara Jones\\'s career_status updated monthly_income from \""$6,000\"" to \""$12,000\""', 'memory_type': 'Persona Memory'}""]",,Income decreased due to values alignment.,hallucination,No retrieved memories.,omission,,,
memos_medium:2901,medium,Basic Fact Recall,omission,no_gold_retrieved,"What change did Donald Smith make to his music preference on Mar 21, 2040?",He updated his preference to liking techno music.,"[""{'memory_content': 'Donald Smith updated his music preference from disliking to liking techno music for its motivational impact during campaign events.', 'memory_type': 'Persona Memory'}""]",,No relevant memory found.,omission,No relevant memories found.,omission,,,
memos_long:2753,long,Generalization & Application,hallucination,no_gold_retrieved,How might Donald leverage his network to secure clients for his consulting firm launched on 2025-12-20?,By utilizing contacts like MooreSandra and GonzalezMary.,"[""{'memory_content': 'Donald Smith plans to leverage his network, including contacts MooreSandra and GonzalezMary, to secure initial clients for his consulting firm.', 'memory_type': 'Relationship Memory'}"", ""{'memory_content': 'Donald Smith leveraged his network, including MooreSandra and GonzalezMary, to attract political campaigns seeking strategic advice for his consulting firm.', 'memory_type': 'Relationship Memory'}""]",,Leverage network for high-profile clients.,hallucination,No relevant memories found.,omission,,,
memos_medium:515,medium,Dynamic Update,hallucination,no_gold_retrieved,"What is Donald Brown's latest focus in his community involvement as of January 05, 2036?",Volunteer network involvement,"[""{'memory_content': 'Donald Brown became actively involved in a volunteer network, dedicating his time to support various community projects and initiatives.', 'memory_type': 'Event Memory'}""]",,Mentorship and community empowerment.,hallucination,No retrieved memories.,omission,,,
memos_long:1239,long,Basic Fact Recall,hallucination,no_gold_retrieved,"What is Taylor David's profession after August 14, 2043?",Unemployed,"[""{'memory_content': \""Taylor David's job title changed from 'International Nutrition Advocate' to 'Unemployed'.\"", 'memory_type': 'Event Memory'}""]",,International Nutrition Advocate,hallucination,No profession recorded.,omission,,,
memos_medium:3166,medium,Dynamic Update,omission,no_gold_retrieved,"What is Barbara Jones's current monthly income as of Jul 11, 2031?",6000,"[""{'memory_content': 'Barbara Jones\\'s career_status updated monthly_income from \""11000\"" to \""6000\"" due to retirement and consultancy transition.', 'memory_type': 'Persona Memory'}""]",,"I cannot determine Barbara Jones's current monthly income as of Jul 11, 2031, because the provided memories contain no information about her salary or income.",omission,No retrieved memories.,omission,,,
memos_long:1054,long,Basic Fact Recall,omission,no_gold_retrieved,"What was Taylor David's job title as of December 18, 2025?",Founder and CEO,"[""{'memory_content': 'Taylor David\\'s career_status updated job_title from \""Nutrition Consultant\"" to \""Founder and CEO\""', 'memory_type': 'Persona Memory'}""]",,No job title recorded.,omission,No retrieved memories.,omission,,,
memos_medium:3031,medium,Basic Fact Recall,hallucination,no_gold_retrieved,"What music genres is Karen Brown exploring as of August 22, 2035?",Instrumental or electronic music,"[""{'memory_content': 'Karen Brown has changed her music preference from heavy metal to exploring instrumental or electronic music due to its disruptive nature during collaborative work.', 'memory_type': 'Persona Memory'}"", ""{'memory_content': 'Karen Brown is exploring alternative music genres, such as instrumental or electronic music, to maintain focus and productivity in professional environments.', 'memory_type': 'Persona Memory'}""]",,Progressive rock and other genres.,hallucination,No retrieved memories.,omission,,,
memos_medium:78,medium,Dynamic Update,hallucination,no_gold_retrieved,"What is Martin Mark's current mental health status as of Mar 10, 2029?",Abnormal,"[""{'memory_content': \""Martin Mark's mental health status changed from 'Mildly Abnormal' to 'Abnormal' due to increased stress from his promotion to Senior Director.\"", 'memory_type': 'Event Memory'}""]",,Normal (since Oct 2031).,hallucination,No retrieved memories.,omission,,,
memos_medium:525,medium,Basic Fact Recall,hallucination,no_gold_retrieved,"What is Sarah Garcia's job title as of September 5, 2025?",Manager,"[""{'memory_content': \""Sarah Garcia's job title is manager\"", 'memory_type': 'Persona Memory'}""]",,Head of Social Initiatives,hallucination,No retrieved memories.,omission,,,
memos_medium:2106,medium,Generalization & Application,hallucination,no_gold_retrieved,What type of environment might Sharon Brown prefer for future travel experiences?,Secluded nature retreats.,"[""{'memory_content': 'Sharon Brown finds nature retreats crucial for her mental well-being, offering peace and tranquility.', 'memory_type': 'Persona Memory'}"", ""{'memory_content': 'Sharon Brown visited a mountain cabin after a stressful season, reinforcing her love for nature retreats.', 'memory_type': 'Event Memory'}"", ""{'memory_content': \""Nature retreats play an essential role in balancing Sharon Brown's hectic sports life with mental peace.\"", 'memory_type': 'Persona Memory'}"", ""{'memory_content': 'Sharon Brown expressed a renewed love for nature retreats due to their calming effect.', 'memory_type': 'Persona Memory'}"", ""{'memory_content': 'Sharon Brown plans to integrate more nature retreats into her routine for personal growth and mental peace.', 'memory_type': 'Event Memory'}""]",,Cultural immersion with nature.,hallucination,No retrieved memories.,omission,,,
memos_long:1884,long,Generalization & Application,hallucination,no_gold_retrieved,"What type of restaurant would likely appeal to Michelle Hernandez after May 04, 2036?",Restaurants offering dishes with light cream sauces.,"[""{'memory_content': 'Michelle Hernandez prefers light cream sauces for their ability to enhance dishes without overpowering them, aligning with her desire for balanced flavors.', 'memory_type': 'Persona Memory'}"", ""{'memory_content': 'Michelle Hernandez appreciates culinary versatility, using light cream sauces to enhance her dining experiences.', 'memory_type': 'Persona Memory'}""]",,"A farm-to-table restaurant.

This aligns with her preference for sustainability, local sourcing, and ethical values.",hallucination,No memories available.,omission,,,
memos_medium:2854,medium,Basic Fact Recall,omission,no_gold_retrieved,"What is Donald Smith's preference regarding board games as of April 1, 2035?",Donald Smith's preference for board games has decreased.,"[""{'memory_content': \""Donald Smith's preference for board games has decreased due to the rise of digital gaming platforms.\"", 'memory_type': 'Persona Memory'}""]",,Likes social bonding aspect.,hallucination,No retrieved memories.,omission,,,
memos_long:100,long,Basic Fact Recall,hallucination,no_gold_retrieved,"On Mar 11, 2031, what genre of films did Martin reconsider his stance on?",Slasher films,"[""{'memory_content': 'Martin reconsidered his stance on slasher films after a discussion with friends highlighted their complex narratives and social commentary.', 'memory_type': 'Event Memory'}""]",,Horror films.,hallucination,No retrieved memories.,omission,,,
