{
  "task": "R3a-v2.2 triggered sample answer utility evaluation",
  "n_triggered_samples": 78,
  "all_memory_conflict": true,
  "all_reselected_by_r3a_v2_2": true,
  "model": "deepseek-chat",
  "allow_api": true,
  "route_label_counts": {
    "R0": {
      "correct": 34,
      "hallucination": 9,
      "omission": 35
    },
    "A_triggered": {
      "correct": 44,
      "hallucination": 24,
      "omission": 10
    },
    "B_triggered": {
      "correct": 36,
      "hallucination": 8,
      "omission": 34
    }
  },
  "deltas": {
    "B_vs_R0": {
      "correct": 0.02564102564102566,
      "hallucination": -0.01282051282051283,
      "omission": -0.01282051282051283
    },
    "B_vs_A": {
      "correct": -0.10256410256410253,
      "hallucination": -0.20512820512820515,
      "omission": 0.3076923076923077
    }
  },
  "repairs": {
    "B_vs_R0": {
      "repairs": 12,
      "harm": 10,
      "net_repairs": 2
    },
    "B_vs_A": {
      "repairs": 5,
      "harm": 13,
      "net_repairs": -8
    }
  },
  "bootstrap": {
    "R0_vs_B": {
      "correct": {
        "point": 0.02564102564102566,
        "ci95_low": -0.08974358974358976,
        "ci95_high": 0.1538461538461538
      },
      "hallucination": {
        "point": -0.01282051282051283,
        "ci95_low": -0.10256410256410256,
        "ci95_high": 0.06410256410256411
      },
      "omission": {
        "point": -0.01282051282051283,
        "ci95_low": -0.14102564102564097,
        "ci95_high": 0.11538461538461536
      },
      "repairs": {
        "point": 0.15384615384615385,
        "ci95_low": 0.07692307692307693,
        "ci95_high": 0.23076923076923078
      },
      "harm": {
        "point": 0.1282051282051282,
        "ci95_low": 0.0641025641025641,
        "ci95_high": 0.20512820512820512
      },
      "net_repairs": {
        "point": 0.02564102564102564,
        "ci95_low": -0.08974358974358974,
        "ci95_high": 0.14102564102564102
      }
    },
    "A_vs_B": {
      "correct": {
        "point": -0.10256410256410253,
        "ci95_low": -0.20512820512820512,
        "ci95_high": 0.0
      },
      "hallucination": {
        "point": -0.20512820512820515,
        "ci95_low": -0.3076923076923077,
        "ci95_high": -0.11538461538461538
      },
      "omission": {
        "point": 0.3076923076923077,
        "ci95_low": 0.20512820512820515,
        "ci95_high": 0.41025641025641024
      },
      "repairs": {
        "point": 0.0641025641025641,
        "ci95_low": 0.01282051282051282,
        "ci95_high": 0.1282051282051282
      },
      "harm": {
        "point": 0.16666666666666666,
        "ci95_low": 0.08974358974358974,
        "ci95_high": 0.2564102564102564
      },
      "net_repairs": {
        "point": -0.10256410256410256,
        "ci95_low": -0.20512820512820512,
        "ci95_high": 0.0
      }
    }
  },
  "paired_tests": {
    "R0_vs_B": {
      "correct": {
        "b": 10,
        "c": 12,
        "p_two_sided": 0.8318119049072266
      },
      "hallucination": {
        "b": 6,
        "c": 5,
        "p_two_sided": 1.0
      },
      "omission": {
        "b": 13,
        "c": 12,
        "p_two_sided": 1.0
      }
    },
    "A_vs_B": {
      "correct": {
        "b": 13,
        "c": 5,
        "p_two_sided": 0.09625244140625
      },
      "hallucination": {
        "b": 17,
        "c": 1,
        "p_two_sided": 0.00014495849609375
      },
      "omission": {
        "b": 0,
        "c": 24,
        "p_two_sided": 1.1920928955078125e-07
      }
    }
  },
  "outputs": [
    "triggered_utility_eval_summary.json",
    "triggered_utility_eval_report.md",
    "triggered_route_outputs.jsonl",
    "triggered_transition_table.csv",
    "triggered_manual_audit_sheet.xlsx",
    "triggered_manual_audit_sheet.csv",
    "triggered_selected_evidence.csv",
    "triggered_stats.json"
  ]
}