case_id,risk,B0_label,estimation_failed
memos_medium:3,0.45,hallucination,False
memos_medium:4,0.15,correct,False
memos_medium:6,0.85,correct,False
memos_medium:8,0.4,correct,False
memos_medium:9,0.1,hallucination,False
memos_medium:10,0.15,correct,False
memos_medium:12,0.15,correct,False
memos_medium:17,0.4,hallucination,False
memos_medium:18,0.15,omission,False
memos_medium:19,0.1,correct,False
memos_medium:20,0.1,hallucination,False
memos_medium:21,0.45,correct,False
memos_medium:22,0.18,hallucination,False
memos_medium:23,0.1,correct,False
memos_medium:24,0.1,correct,False
memos_medium:25,0.1,correct,False
memos_medium:26,0.05,correct,False
memos_medium:27,0.85,omission,False
memos_medium:31,0.2,correct,False
memos_medium:32,0.15,correct,False
memos_medium:33,0.1,correct,False
memos_medium:35,0.4,correct,False
memos_medium:36,0.25,hallucination,False
memos_medium:38,0.2,hallucination,False
memos_medium:39,0.75,hallucination,False
memos_medium:40,0.35,correct,False
memos_medium:41,0.1,correct,False
memos_medium:42,0.15,correct,False
memos_medium:44,0.1,correct,False
memos_medium:45,0.1,correct,False
memos_medium:46,0.15,correct,False
memos_medium:47,0.2,correct,False
memos_medium:48,0.35,correct,False
memos_medium:49,0.35,hallucination,False
memos_medium:50,0.2,hallucination,False
memos_medium:51,0.15,omission,False
memos_medium:52,0.15,correct,False
memos_medium:53,0.25,omission,False
memos_medium:56,0.1,correct,False
memos_medium:57,0.05,correct,False
memos_medium:58,0.2,hallucination,False
memos_medium:61,0.1,correct,False
memos_medium:62,0.1,hallucination,False
memos_medium:63,0.0,hallucination,False
memos_medium:64,0.15,hallucination,False
memos_medium:65,0.55,correct,False
memos_medium:66,0.15,correct,False
memos_medium:67,0.1,correct,False
memos_medium:69,0.1,correct,False
memos_medium:70,0.25,correct,False
memos_medium:77,0.15,hallucination,False
memos_medium:79,0.4,hallucination,False
memos_medium:80,0.1,correct,False
memos_medium:81,0.2,hallucination,False
memos_medium:84,0.15,correct,False
memos_medium:85,0.1,correct,False
memos_medium:86,0.95,correct,False
memos_medium:88,0.25,hallucination,False
memos_medium:89,0.1,correct,False
memos_medium:90,0.05,correct,False
memos_medium:94,0.15,correct,False
memos_medium:95,0.4,correct,False
memos_medium:97,0.2,correct,False
memos_medium:104,0.35,hallucination,False
memos_medium:110,0.25,hallucination,False
memos_medium:111,0.15,omission,False
memos_medium:112,0.1,correct,False
memos_medium:113,0.1,correct,False
memos_medium:114,0.15,correct,False
memos_medium:115,0.15,hallucination,False
memos_medium:117,0.1,correct,False
memos_medium:119,0.35,correct,False
memos_medium:120,0.1,omission,False
memos_medium:121,0.05,correct,False
memos_medium:123,0.05,correct,False
memos_medium:124,0.15,correct,False
memos_medium:125,0.1,correct,False
memos_medium:127,0.15,correct,False
memos_medium:128,0.1,correct,False
memos_medium:129,0.1,correct,False
memos_medium:130,0.1,correct,False
memos_medium:131,0.18,correct,False
memos_medium:132,0.2,correct,False
memos_medium:133,0.4,correct,False
memos_medium:134,0.2,correct,False
memos_medium:135,0.15,hallucination,False
memos_medium:136,0.1,correct,False
memos_medium:137,0.15,correct,False
memos_medium:138,0.15,correct,False
memos_medium:141,0.15,correct,False
memos_medium:148,0.45,correct,False
memos_medium:150,0.45,hallucination,False
memos_medium:151,0.1,correct,False
memos_medium:152,0.15,correct,False
memos_medium:153,0.1,correct,False
memos_medium:155,0.05,correct,False
memos_medium:156,0.15,correct,False
memos_medium:157,0.2,correct,False
memos_medium:160,0.85,correct,False
memos_medium:161,0.35,correct,False
memos_medium:162,0.18,hallucination,False
memos_medium:163,0.35,omission,False
memos_medium:165,0.05,correct,False
memos_medium:166,0.0,correct,False
memos_medium:167,0.4,correct,False
memos_medium:168,0.25,correct,False
memos_medium:169,0.1,hallucination,False
memos_medium:171,0.1,correct,False
memos_medium:173,0.1,correct,False
memos_medium:174,0.1,correct,False
memos_medium:176,0.05,correct,False
memos_medium:178,0.15,correct,False
memos_medium:179,0.35,omission,False
memos_medium:180,0.55,hallucination,False
memos_medium:181,0.35,omission,False
memos_medium:182,0.35,hallucination,False
memos_medium:184,0.1,correct,False
memos_medium:185,0.18,hallucination,False
memos_medium:186,0.1,correct,False
memos_medium:189,0.4,correct,False
memos_medium:190,0.45,correct,False
memos_medium:193,0.25,correct,False
memos_medium:194,0.35,hallucination,False
memos_medium:195,0.4,hallucination,False
memos_medium:197,0.4,hallucination,False
memos_medium:198,0.4,omission,False
memos_medium:199,0.1,correct,False
memos_medium:200,0.1,hallucination,False
memos_medium:201,0.1,hallucination,False
memos_medium:204,0.4,correct,False
memos_medium:207,0.25,hallucination,False
memos_medium:208,0.15,omission,False
memos_medium:209,0.4,correct,False
memos_medium:210,0.25,hallucination,False
memos_medium:211,0.18,correct,False
memos_medium:214,0.15,correct,False
memos_medium:222,0.15,correct,False
memos_medium:224,0.45,hallucination,False
memos_medium:226,0.15,correct,False
memos_medium:227,0.15,correct,False
memos_medium:228,0.35,correct,False
memos_medium:229,0.15,correct,False
memos_medium:231,0.15,correct,False
memos_medium:233,0.15,omission,False
memos_medium:234,0.4,hallucination,False
memos_medium:235,0.4,correct,False
memos_medium:238,0.1,correct,False
memos_medium:239,0.18,hallucination,False
memos_medium:240,0.35,correct,False
memos_medium:242,0.35,correct,False
memos_medium:243,0.05,correct,False
memos_medium:244,0.05,correct,False
memos_medium:245,0.1,correct,False
memos_medium:246,0.1,correct,False
memos_medium:248,0.15,correct,False
memos_medium:250,0.35,omission,False
memos_medium:252,0.1,hallucination,False
memos_medium:253,0.15,correct,False
memos_medium:254,0.25,omission,False
memos_medium:255,0.4,correct,False
memos_medium:256,0.18,correct,False
memos_medium:260,0.15,correct,False
memos_medium:262,0.15,correct,False
memos_medium:263,0.15,correct,False
memos_medium:264,0.4,correct,False
memos_medium:265,0.2,correct,False
memos_medium:267,0.4,correct,False
memos_medium:269,0.05,correct,False
memos_medium:270,0.05,correct,False
memos_medium:271,0.45,hallucination,False
memos_medium:273,0.1,correct,False
memos_medium:274,0.9,correct,False
memos_medium:280,0.15,correct,False
memos_medium:281,0.1,correct,False
memos_medium:282,0.25,correct,False
memos_medium:283,0.15,correct,False
memos_medium:284,0.15,hallucination,False
memos_medium:285,0.15,hallucination,False
memos_medium:286,0.2,hallucination,False
memos_medium:287,0.15,correct,False
memos_medium:288,0.15,correct,False
memos_medium:289,0.1,correct,False
memos_medium:293,0.18,hallucination,False
memos_medium:295,0.1,correct,False
memos_medium:299,0.25,correct,False
memos_medium:301,0.2,correct,False
memos_medium:303,0.15,correct,False
memos_medium:307,0.1,correct,False
memos_medium:308,0.2,correct,False
memos_medium:309,0.15,correct,False
memos_medium:310,0.1,hallucination,False
memos_medium:311,0.15,correct,False
memos_medium:312,0.45,correct,False
memos_medium:313,0.15,correct,False
memos_medium:314,0.18,correct,False
memos_medium:316,0.1,correct,False
memos_medium:317,0.05,correct,False
memos_medium:319,0.55,hallucination,False
memos_medium:320,0.18,correct,False
memos_medium:321,0.15,correct,False
memos_medium:324,0.18,correct,False
memos_medium:325,0.35,hallucination,False
memos_medium:331,0.1,correct,False
memos_medium:332,0.1,hallucination,False
memos_medium:333,0.18,hallucination,False
memos_medium:335,0.05,correct,False
memos_medium:336,0.1,correct,False
memos_medium:337,0.15,correct,False
memos_medium:339,0.15,correct,False
memos_medium:341,0.15,correct,False
memos_medium:342,0.05,correct,False
memos_medium:344,0.1,correct,False
memos_medium:345,0.15,correct,False
memos_medium:348,0.35,correct,False
memos_medium:351,0.85,hallucination,False
memos_medium:352,0.75,hallucination,False
memos_medium:353,0.1,correct,False
memos_medium:355,0.1,correct,False
memos_medium:357,0.4,correct,False
memos_medium:359,0.1,hallucination,False
memos_medium:360,0.1,omission,False
memos_medium:362,0.2,correct,False
memos_medium:363,0.25,hallucination,False
memos_medium:365,0.45,hallucination,False
memos_medium:366,0.15,correct,False
memos_medium:367,0.35,correct,False
memos_medium:368,0.35,correct,False
memos_medium:369,0.3,correct,False
memos_medium:370,0.1,correct,False
memos_medium:371,0.35,correct,False
memos_medium:373,0.1,correct,False
memos_medium:375,0.25,omission,False
memos_medium:378,0.1,correct,False
memos_medium:379,0.1,correct,False
memos_medium:381,0.35,correct,False
memos_medium:383,0.05,correct,False
memos_medium:386,0.1,correct,False
memos_medium:388,0.4,correct,False
memos_medium:389,0.45,correct,False
memos_medium:390,0.25,omission,False
memos_medium:392,0.1,correct,False
memos_medium:393,0.35,correct,False
memos_medium:394,0.4,hallucination,False
memos_medium:395,0.1,correct,False
memos_medium:397,0.25,correct,False
memos_medium:398,0.15,hallucination,False
memos_medium:399,0.2,correct,False
memos_medium:401,0.35,hallucination,False
memos_medium:402,0.15,correct,False
memos_medium:403,0.4,correct,False
memos_medium:407,0.2,correct,False
memos_medium:408,0.35,hallucination,False
memos_medium:409,0.1,correct,False
memos_medium:410,0.18,correct,False
memos_medium:412,0.05,correct,False
memos_medium:413,0.25,correct,False
memos_medium:414,0.25,correct,False
memos_medium:418,0.35,correct,False
memos_medium:420,0.15,correct,False
memos_medium:423,0.1,correct,False
memos_medium:424,0.1,correct,False
memos_medium:425,0.15,correct,False
memos_medium:426,0.15,correct,False
memos_medium:427,0.25,correct,False
memos_medium:431,0.15,hallucination,False
memos_medium:432,0.25,correct,False
memos_medium:433,0.35,omission,False
memos_medium:434,0.35,omission,False
memos_medium:437,0.75,hallucination,False
memos_medium:438,0.35,correct,False
memos_medium:439,0.2,hallucination,False
memos_medium:442,0.1,correct,False
memos_medium:443,0.1,correct,False
memos_medium:444,0.1,correct,False
memos_medium:446,0.1,correct,False
memos_medium:447,0.1,correct,False
memos_medium:448,0.35,hallucination,False
memos_medium:449,0.15,correct,False
memos_medium:452,0.35,hallucination,False
memos_medium:455,0.2,hallucination,False
memos_medium:462,0.18,hallucination,False
memos_medium:463,0.15,correct,False
memos_medium:464,0.25,correct,False
memos_medium:465,0.1,correct,False
memos_medium:467,0.1,correct,False
memos_medium:468,0.1,correct,False
memos_medium:469,0.15,correct,False
memos_medium:470,0.1,hallucination,False
memos_medium:471,0.2,correct,False
memos_medium:472,0.15,hallucination,False
memos_medium:473,0.15,correct,False
memos_medium:474,0.35,correct,False
memos_medium:475,0.15,correct,False
memos_medium:476,0.4,hallucination,False
memos_medium:477,0.2,correct,False
memos_medium:478,0.1,correct,False
memos_medium:481,0.1,correct,False
memos_medium:482,0.15,hallucination,False
memos_medium:483,0.4,hallucination,False
memos_medium:484,0.1,correct,False
memos_medium:485,0.15,hallucination,False
memos_medium:486,0.35,correct,False
memos_medium:487,0.75,hallucination,False
memos_medium:489,0.2,correct,False
memos_medium:494,0.4,hallucination,False
memos_medium:495,0.15,correct,False
memos_medium:497,0.25,hallucination,False
memos_medium:498,0.25,hallucination,False
memos_medium:499,0.85,hallucination,False
memos_medium:500,0.4,correct,False
memos_medium:502,0.15,correct,False
memos_medium:503,0.25,correct,False
memos_medium:505,0.1,hallucination,False
memos_medium:506,0.15,correct,False
memos_medium:508,0.4,hallucination,False
memos_medium:510,0.35,correct,False
memos_medium:511,0.35,correct,False
memos_medium:514,0.1,correct,False
memos_medium:516,0.45,omission,False
memos_medium:517,0.35,correct,False
memos_medium:518,0.15,omission,False
memos_medium:520,0.9,omission,False
memos_medium:522,0.1,correct,False
memos_medium:523,0.05,correct,False
memos_medium:527,0.2,correct,False
memos_medium:531,0.05,correct,False
memos_medium:532,0.05,correct,False
memos_medium:533,0.15,correct,False
memos_medium:534,0.35,correct,False
memos_medium:538,0.1,correct,False
memos_medium:539,0.25,hallucination,False
memos_medium:540,0.4,hallucination,False
memos_medium:541,0.35,hallucination,False
memos_medium:542,0.18,correct,False
memos_medium:549,0.25,hallucination,False
memos_medium:550,0.1,hallucination,False
memos_medium:551,0.15,correct,False
memos_medium:552,0.15,correct,False
memos_medium:555,0.15,correct,False
memos_medium:556,0.2,hallucination,False
memos_medium:557,0.18,hallucination,False
memos_medium:558,0.35,hallucination,False
memos_medium:559,0.15,hallucination,False
memos_medium:560,0.4,hallucination,False
memos_medium:562,0.4,correct,False
memos_medium:563,0.1,correct,False
memos_medium:564,0.15,correct,False
memos_medium:566,0.05,correct,False
memos_medium:567,0.15,hallucination,False
memos_medium:568,0.2,correct,False
memos_medium:569,0.1,correct,False
memos_medium:571,0.15,correct,False
memos_medium:572,0.35,hallucination,False
memos_medium:573,0.55,correct,False
memos_medium:574,0.55,correct,False
memos_medium:575,0.15,correct,False
memos_medium:576,0.18,omission,False
memos_medium:577,0.4,hallucination,False
memos_medium:580,0.15,correct,False
memos_medium:581,0.1,correct,False
memos_medium:582,0.05,correct,False
memos_medium:583,0.15,correct,False
memos_medium:584,0.1,hallucination,False
memos_medium:585,0.05,correct,False
memos_medium:587,0.55,correct,False
memos_medium:588,0.35,correct,False
memos_medium:589,0.18,omission,False
memos_medium:590,0.35,correct,False
memos_medium:591,0.15,correct,False
memos_medium:592,0.18,hallucination,False
memos_medium:598,0.1,correct,False
memos_medium:599,0.25,correct,False
memos_medium:601,0.05,correct,False
memos_medium:603,0.2,hallucination,False
memos_medium:604,0.55,hallucination,False
memos_medium:606,0.18,hallucination,False
memos_medium:607,0.05,correct,False
memos_medium:608,0.15,hallucination,False
memos_medium:610,0.35,hallucination,False
memos_medium:611,0.2,correct,False
memos_medium:612,0.25,correct,False
memos_medium:616,0.1,correct,False
memos_medium:617,0.4,correct,False
memos_medium:619,0.35,correct,False
memos_medium:620,0.4,correct,False
memos_medium:621,0.05,correct,False
memos_medium:623,0.15,correct,False
memos_medium:624,0.05,correct,False
memos_medium:627,0.05,correct,False
memos_medium:628,0.2,hallucination,False
memos_medium:629,0.4,hallucination,False
memos_medium:631,0.18,correct,False
memos_medium:632,0.15,correct,False
memos_medium:633,0.05,correct,False
memos_medium:634,0.05,correct,False
memos_medium:637,0.15,correct,False
memos_medium:639,0.35,correct,False
memos_medium:640,0.2,correct,False
memos_medium:642,0.1,correct,False
memos_medium:644,0.15,correct,False
memos_medium:645,0.05,correct,False
memos_medium:647,0.1,correct,False
memos_medium:649,0.15,correct,False
memos_medium:650,0.15,correct,False
memos_medium:651,0.2,correct,False
memos_medium:652,0.2,correct,False
memos_medium:653,0.4,correct,False
memos_medium:654,0.18,correct,False
memos_medium:655,0.18,hallucination,False
memos_medium:656,0.4,hallucination,False
memos_medium:659,0.15,correct,False
memos_medium:661,0.35,hallucination,False
memos_medium:664,0.15,correct,False
memos_medium:665,0.4,correct,False
memos_medium:666,0.1,correct,False
memos_medium:667,0.35,correct,False
memos_medium:668,0.4,hallucination,False
memos_medium:669,0.1,correct,False
memos_medium:670,0.25,hallucination,False
memos_medium:671,0.1,correct,False
memos_medium:674,0.85,correct,False
memos_medium:675,0.1,correct,False
memos_medium:676,0.1,correct,False
memos_medium:677,0.1,correct,False
memos_medium:678,0.4,correct,False
memos_medium:680,0.2,hallucination,False
memos_medium:681,0.15,correct,False
memos_medium:682,0.4,hallucination,False
memos_medium:683,0.35,hallucination,False
memos_medium:684,0.05,correct,False
memos_medium:685,0.25,correct,False
memos_medium:688,0.15,hallucination,False
memos_medium:689,0.15,correct,False
memos_medium:690,0.4,hallucination,False
memos_medium:693,0.15,hallucination,False
memos_medium:694,0.0,hallucination,False
memos_medium:695,0.15,correct,False
memos_medium:696,0.15,hallucination,False
memos_medium:697,0.35,hallucination,False
memos_medium:699,0.05,correct,False
memos_medium:701,0.15,hallucination,False
memos_medium:702,0.1,correct,False
memos_medium:712,0.1,correct,False
memos_medium:713,0.1,correct,False
memos_medium:715,0.15,hallucination,False
memos_medium:716,0.35,omission,False
memos_medium:717,0.55,correct,False
memos_medium:719,0.45,omission,False
memos_medium:721,0.55,hallucination,False
memos_medium:722,0.1,correct,False
memos_medium:724,0.55,omission,False
memos_medium:725,0.45,omission,False
memos_medium:726,0.15,correct,False
memos_medium:728,0.35,correct,False
memos_medium:729,0.15,correct,False
memos_medium:731,0.1,correct,False
memos_medium:733,0.1,correct,False
memos_medium:734,0.15,correct,False
memos_medium:735,0.18,correct,False
memos_medium:736,0.8,hallucination,False
memos_medium:738,0.15,correct,False
memos_medium:739,0.35,omission,False
memos_medium:742,0.1,correct,False
memos_medium:744,0.05,correct,False
memos_medium:745,0.18,omission,False
memos_medium:746,0.18,correct,False
memos_medium:747,0.35,hallucination,False
memos_medium:748,0.35,correct,False
memos_medium:749,0.1,correct,False
memos_medium:750,0.4,hallucination,False
memos_medium:751,0.15,correct,False
memos_medium:754,0.15,correct,False
memos_medium:756,0.05,correct,False
memos_medium:757,0.1,correct,False
memos_medium:759,0.15,hallucination,False
memos_medium:760,0.1,correct,False
memos_medium:765,0.1,hallucination,False
memos_medium:766,0.35,correct,False
memos_medium:767,0.45,correct,False
memos_medium:768,0.1,correct,False
memos_medium:770,0.1,correct,False
memos_medium:771,0.2,correct,False
memos_medium:772,0.15,hallucination,False
memos_medium:773,0.2,correct,False
memos_medium:774,0.1,correct,False
memos_medium:775,0.4,hallucination,False
memos_medium:776,0.1,correct,False
memos_medium:778,0.15,correct,False
memos_medium:779,0.35,correct,False
memos_medium:782,0.15,correct,False
memos_medium:784,0.15,correct,False
memos_medium:785,0.15,correct,False
memos_medium:786,0.25,correct,False
memos_medium:788,0.15,correct,False
memos_medium:789,0.4,hallucination,False
memos_medium:791,0.15,correct,False
memos_medium:795,0.15,hallucination,False
memos_medium:797,0.1,hallucination,False
memos_medium:798,0.15,correct,False
memos_medium:799,0.1,hallucination,False
memos_medium:801,0.15,correct,False
memos_medium:802,0.05,correct,False
memos_medium:803,0.2,correct,False
memos_medium:804,0.25,correct,False
memos_medium:806,0.18,correct,False
memos_medium:807,0.35,correct,False
memos_medium:808,0.35,hallucination,False
memos_medium:812,0.35,correct,False
memos_medium:813,0.1,correct,False
memos_medium:817,0.4,hallucination,False
memos_medium:819,0.1,hallucination,False
memos_medium:822,0.1,correct,False
memos_medium:824,0.18,correct,False
memos_medium:825,0.15,correct,False
memos_medium:828,0.1,correct,False
memos_medium:829,0.25,correct,False
memos_medium:830,0.1,correct,False
memos_medium:831,0.1,correct,False
memos_medium:832,0.18,hallucination,False
memos_medium:834,0.2,hallucination,False
memos_medium:835,0.25,correct,False
memos_medium:837,0.18,hallucination,False
memos_medium:838,0.35,omission,False
memos_medium:839,0.4,correct,False
memos_medium:842,0.35,correct,False
memos_medium:843,0.2,correct,False
memos_medium:844,0.1,correct,False
memos_medium:852,0.4,hallucination,False
memos_medium:853,0.15,correct,False
memos_medium:855,0.25,hallucination,False
memos_medium:860,0.4,hallucination,False
memos_medium:861,0.15,correct,False
memos_medium:862,0.15,hallucination,False
memos_medium:863,0.18,correct,False
memos_medium:864,0.15,hallucination,False
memos_medium:866,0.2,correct,False
memos_medium:867,0.1,correct,False
memos_medium:868,0.15,correct,False
memos_medium:869,0.1,correct,False
memos_medium:870,0.45,correct,False
memos_medium:871,0.15,correct,False
memos_medium:872,0.4,correct,False
memos_medium:873,0.15,hallucination,False
memos_medium:876,0.15,hallucination,False
memos_medium:877,0.15,correct,False
memos_medium:878,0.1,hallucination,False
memos_medium:879,0.15,correct,False
memos_medium:880,0.1,correct,False
memos_medium:887,0.35,correct,False
memos_medium:891,0.45,hallucination,False
memos_medium:892,0.05,correct,False
memos_medium:894,0.05,correct,False
memos_medium:895,0.1,correct,False
memos_medium:896,0.15,correct,False
memos_medium:897,0.55,hallucination,False
memos_medium:899,0.4,correct,False
memos_medium:901,0.15,correct,False
memos_medium:903,0.15,correct,False
memos_medium:904,0.1,correct,False
memos_medium:905,0.05,correct,False
memos_medium:906,0.1,correct,False
memos_medium:907,0.15,correct,False
memos_medium:908,0.4,correct,False
memos_medium:909,0.35,hallucination,False
memos_medium:912,0.4,correct,False
memos_medium:913,0.4,hallucination,False
memos_medium:914,0.35,hallucination,False
memos_medium:916,0.15,hallucination,False
memos_medium:917,0.1,correct,False
memos_medium:919,0.15,hallucination,False
memos_medium:920,0.1,hallucination,False
memos_medium:922,0.1,correct,False
memos_medium:923,0.2,hallucination,False
memos_medium:924,0.18,omission,False
memos_medium:934,0.4,correct,False
memos_medium:938,0.1,correct,False
memos_medium:939,0.2,hallucination,False
memos_medium:940,0.1,correct,False
memos_medium:941,0.15,correct,False
memos_medium:942,0.35,hallucination,False
memos_medium:943,0.15,correct,False
memos_medium:944,0.15,correct,False
memos_medium:945,0.1,omission,False
memos_medium:948,0.35,hallucination,False
memos_medium:956,0.15,hallucination,False
memos_medium:958,0.15,correct,False
memos_medium:960,0.45,correct,False
memos_medium:962,0.15,correct,False
memos_medium:964,0.18,correct,False
memos_medium:965,0.05,correct,False
memos_medium:967,0.1,correct,False
memos_medium:969,0.15,hallucination,False
memos_medium:970,0.15,correct,False
memos_medium:971,0.2,correct,False
memos_medium:972,0.15,correct,False
memos_medium:973,0.05,correct,False
memos_medium:974,0.1,correct,False
memos_medium:975,0.4,hallucination,False
memos_medium:979,0.25,correct,False
memos_medium:980,0.35,hallucination,False
memos_medium:981,0.35,correct,False
memos_medium:982,0.1,correct,False
memos_medium:984,0.05,hallucination,False
memos_medium:985,0.05,correct,False
memos_medium:986,0.15,correct,False
memos_medium:988,0.05,correct,False
memos_medium:989,0.05,correct,False
memos_medium:991,0.18,correct,False
memos_medium:992,0.2,correct,False
memos_medium:995,0.45,hallucination,False
memos_medium:1001,0.1,correct,False
memos_medium:1002,0.35,correct,False
memos_medium:1003,0.1,correct,False
memos_medium:1004,0.1,correct,False
memos_medium:1005,0.15,correct,False
memos_medium:1006,0.18,correct,False
memos_medium:1007,0.85,hallucination,False
memos_medium:1010,0.1,hallucination,False
memos_medium:1015,0.4,hallucination,False
memos_medium:1018,0.25,omission,False
memos_medium:1019,0.1,hallucination,False
memos_medium:1024,0.15,correct,False
memos_medium:1026,0.1,correct,False
memos_medium:1027,0.1,correct,False
memos_medium:1028,0.25,hallucination,False
memos_medium:1032,0.4,correct,False
memos_medium:1033,0.15,correct,False
memos_medium:1035,0.1,correct,False
memos_medium:1036,0.15,hallucination,False
memos_medium:1037,0.15,correct,False
memos_medium:1038,0.1,correct,False
memos_medium:1039,0.35,correct,False
memos_medium:1040,0.2,correct,False
memos_medium:1041,0.15,correct,False
memos_medium:1042,0.1,correct,False
memos_medium:1045,0.1,correct,False
memos_medium:1046,0.1,correct,False
memos_medium:1054,0.1,correct,False
memos_medium:1055,0.4,correct,False
memos_medium:1056,0.05,correct,False
memos_medium:1057,0.15,correct,False
memos_medium:1059,0.1,correct,False
memos_medium:1060,0.1,correct,False
memos_medium:1061,0.2,correct,False
memos_medium:1062,0.1,correct,False
memos_medium:1064,0.35,correct,False
memos_medium:1065,0.1,correct,False
memos_medium:1066,0.05,correct,False
memos_medium:1071,0.15,hallucination,False
memos_medium:1072,0.15,correct,False
memos_medium:1075,0.1,correct,False
memos_medium:1080,0.15,correct,False
memos_medium:1085,0.1,correct,False
memos_medium:1086,0.1,correct,False
memos_medium:1087,0.1,correct,False
memos_medium:1088,0.1,correct,False
memos_medium:1089,0.2,correct,False
memos_medium:1093,0.4,correct,False
memos_medium:1094,0.15,correct,False
memos_medium:1095,0.25,omission,False
memos_medium:1098,0.0,hallucination,False
memos_medium:1099,0.1,correct,False
memos_medium:1100,0.35,hallucination,False
memos_medium:1102,0.35,hallucination,False
memos_medium:1103,0.4,hallucination,False
memos_medium:1105,0.25,correct,False
memos_medium:1106,0.45,correct,False
memos_medium:1107,0.1,correct,False
memos_medium:1109,0.15,correct,False
memos_medium:1110,0.18,correct,False
memos_medium:1111,0.15,correct,False
memos_medium:1112,0.4,correct,False
memos_medium:1113,0.15,correct,False
memos_medium:1114,0.1,correct,False
memos_medium:1116,0.15,correct,False
memos_medium:1117,0.4,correct,False
memos_medium:1119,0.18,hallucination,False
memos_medium:1124,0.35,correct,False
memos_medium:1125,0.4,correct,False
memos_medium:1130,0.4,correct,False
memos_medium:1134,0.35,correct,False
memos_medium:1135,0.35,correct,False
memos_medium:1137,0.15,correct,False
memos_medium:1138,0.15,correct,False
memos_medium:1140,0.2,correct,False
memos_medium:1142,0.15,correct,False
memos_medium:1145,0.25,correct,False
memos_medium:1147,0.4,correct,False
memos_medium:1148,0.18,correct,False
memos_medium:1150,0.85,correct,False
memos_medium:1151,0.45,correct,False
memos_medium:1152,0.35,correct,False
memos_medium:1154,0.1,hallucination,False
memos_medium:1157,0.1,correct,False
memos_medium:1158,0.4,hallucination,False
memos_medium:1160,0.15,correct,False
memos_medium:1161,0.1,correct,False
memos_medium:1162,0.1,correct,False
memos_medium:1171,0.15,correct,False
memos_medium:1173,0.2,hallucination,False
memos_medium:1174,0.18,hallucination,False
memos_medium:1175,0.15,correct,False
memos_medium:1177,0.4,hallucination,False
memos_medium:1178,0.35,hallucination,False
memos_medium:1179,0.2,correct,False
memos_medium:1180,0.35,correct,False
memos_medium:1184,0.15,correct,False
memos_medium:1185,0.1,correct,False
memos_medium:1186,0.1,correct,False
memos_medium:1191,0.4,omission,False
memos_medium:1192,0.35,correct,False
memos_medium:1193,0.15,correct,False
memos_medium:1194,0.18,correct,False
memos_medium:1195,0.1,correct,False
memos_medium:1197,0.15,correct,False
memos_medium:1198,0.05,correct,False
memos_medium:1199,0.15,hallucination,False
memos_medium:1201,0.05,correct,False
memos_medium:1202,0.15,correct,False
memos_medium:1203,0.15,correct,False
memos_medium:1204,0.35,hallucination,False
memos_medium:1206,0.35,hallucination,False
memos_medium:1207,0.1,correct,False
memos_medium:1212,0.8,hallucination,False
memos_medium:1213,0.45,hallucination,False
memos_medium:1214,0.1,hallucination,False
memos_medium:1216,0.15,hallucination,False
memos_medium:1218,0.35,correct,False
memos_medium:1221,0.1,correct,False
memos_medium:1222,0.15,correct,False
memos_medium:1223,0.25,hallucination,False
memos_medium:1225,0.2,correct,False
memos_medium:1227,0.15,correct,False
memos_medium:1232,0.15,hallucination,False
memos_medium:1234,0.05,correct,False
memos_medium:1237,0.1,correct,False
memos_medium:1238,0.15,hallucination,False
memos_medium:1239,0.35,hallucination,False
memos_medium:1244,0.15,correct,False
memos_medium:1245,0.15,hallucination,False
memos_medium:1246,0.1,correct,False
memos_medium:1249,0.25,hallucination,False
memos_medium:1250,0.55,correct,False
memos_medium:1251,0.1,correct,False
memos_medium:1252,0.1,correct,False
memos_medium:1258,0.15,correct,False
memos_medium:1259,0.1,correct,False
memos_medium:1261,0.35,correct,False
memos_medium:1262,0.15,correct,False
memos_medium:1263,0.4,correct,False
memos_medium:1264,0.15,correct,False
memos_medium:1265,0.15,hallucination,False
memos_medium:1267,0.15,correct,False
memos_medium:1268,0.18,correct,False
memos_medium:1269,0.8,correct,False
memos_medium:1270,0.1,correct,False
memos_medium:1271,0.15,correct,False
memos_medium:1272,0.15,correct,False
memos_medium:1273,0.15,correct,False
memos_medium:1274,0.15,hallucination,False
memos_medium:1276,0.4,hallucination,False
memos_medium:1277,0.15,hallucination,False
memos_medium:1278,0.1,hallucination,False
memos_medium:1279,0.15,correct,False
memos_medium:1280,0.15,correct,False
memos_medium:1281,0.4,hallucination,False
memos_medium:1282,0.05,correct,False
memos_medium:1283,0.15,correct,False
memos_medium:1284,0.2,correct,False
memos_medium:1286,0.35,correct,False
memos_medium:1287,0.1,correct,False
memos_medium:1288,0.15,hallucination,False
memos_medium:1289,0.35,hallucination,False
memos_medium:1290,0.05,hallucination,False
memos_medium:1292,0.2,correct,False
memos_medium:1295,0.0,hallucination,False
memos_medium:1296,0.15,correct,False
memos_medium:1297,0.25,correct,False
memos_medium:1298,0.35,hallucination,False
memos_medium:1304,0.25,hallucination,False
memos_medium:1305,0.4,hallucination,False
memos_medium:1306,0.15,correct,False
memos_medium:1307,0.1,correct,False
memos_medium:1309,0.1,correct,False
memos_medium:1310,0.05,correct,False
memos_medium:1311,0.1,correct,False
memos_medium:1314,0.1,correct,False
memos_medium:1315,0.4,correct,False
memos_medium:1316,0.15,hallucination,False
memos_medium:1318,0.1,correct,False
memos_medium:1319,0.25,hallucination,False
memos_medium:1323,0.1,correct,False
memos_medium:1324,0.1,correct,False
memos_medium:1325,0.15,hallucination,False
memos_medium:1326,0.1,correct,False
memos_medium:1327,0.15,correct,False
memos_medium:1328,0.45,correct,False
memos_medium:1329,0.15,correct,False
memos_medium:1330,0.1,correct,False
memos_medium:1332,0.25,hallucination,False
memos_medium:1333,0.35,omission,False
memos_medium:1334,0.05,correct,False
memos_medium:1336,0.15,correct,False
memos_medium:1337,0.1,correct,False
memos_medium:1338,0.15,correct,False
memos_medium:1340,0.05,correct,False
memos_medium:1341,0.2,correct,False
memos_medium:1342,0.05,correct,False
memos_medium:1343,0.15,correct,False
memos_medium:1346,0.45,correct,False
memos_medium:1347,0.35,correct,False
memos_medium:1348,0.2,hallucination,False
memos_medium:1350,0.15,hallucination,False
memos_medium:1353,0.15,correct,False
memos_medium:1357,0.05,correct,False
memos_medium:1358,0.15,hallucination,False
memos_medium:1360,0.1,hallucination,False
memos_medium:1361,0.25,hallucination,False
memos_medium:1362,0.15,omission,False
memos_medium:1364,0.25,correct,False
memos_medium:1365,0.35,correct,False
memos_medium:1370,0.25,hallucination,False
memos_medium:1371,0.1,correct,False
memos_medium:1376,0.1,correct,False
memos_medium:1379,0.45,correct,False
memos_medium:1380,0.15,correct,False
memos_medium:1381,0.15,correct,False
memos_medium:1382,0.15,correct,False
memos_medium:1386,0.15,correct,False
memos_medium:1387,0.15,correct,False
memos_medium:1388,0.15,correct,False
memos_medium:1389,0.15,correct,False
memos_medium:1391,0.45,correct,False
memos_medium:1396,0.35,hallucination,False
memos_medium:1398,0.15,correct,False
memos_medium:1403,0.15,correct,False
memos_medium:1404,0.15,hallucination,False
memos_medium:1405,0.15,hallucination,False
memos_medium:1407,0.35,correct,False
memos_medium:1408,0.15,omission,False
memos_medium:1410,0.35,omission,False
memos_medium:1411,0.1,omission,False
memos_medium:1413,0.1,correct,False
memos_medium:1414,0.55,hallucination,False
memos_medium:1415,0.15,correct,False
memos_medium:1417,0.1,hallucination,False
memos_medium:1418,0.1,correct,False
memos_medium:1420,0.1,correct,False
memos_medium:1421,0.15,correct,False
memos_medium:1422,0.15,correct,False
memos_medium:1423,0.18,hallucination,False
memos_medium:1424,0.35,hallucination,False
memos_medium:1426,0.15,correct,False
memos_medium:1427,0.1,correct,False
memos_medium:1428,0.15,correct,False
memos_medium:1429,0.35,correct,False
memos_medium:1430,0.15,correct,False
memos_medium:1431,0.18,hallucination,False
memos_medium:1436,0.1,correct,False
memos_medium:1437,0.15,correct,False
memos_medium:1439,0.1,correct,False
memos_medium:1440,0.1,correct,False
memos_medium:1441,0.1,correct,False
memos_medium:1444,0.8,hallucination,False
memos_medium:1445,0.1,omission,False
memos_medium:1447,0.25,hallucination,False
memos_medium:1448,0.15,correct,False
memos_medium:1453,0.1,correct,False
memos_medium:1455,0.15,correct,False
memos_medium:1456,0.05,hallucination,False
memos_medium:1457,0.35,correct,False
memos_medium:1459,0.15,correct,False
memos_medium:1462,0.1,correct,False
memos_medium:1463,0.1,hallucination,False
memos_medium:1465,0.1,correct,False
memos_medium:1466,0.55,hallucination,False
memos_medium:1467,0.25,correct,False
memos_medium:1469,0.25,hallucination,False
memos_medium:1470,0.55,omission,False
memos_medium:1471,0.15,correct,False
memos_medium:1473,0.15,hallucination,False
memos_medium:1474,0.35,hallucination,False
memos_medium:1475,0.15,hallucination,False
memos_medium:1477,0.35,hallucination,False
memos_medium:1478,0.4,hallucination,False
memos_medium:1480,0.1,hallucination,False
memos_medium:1481,0.15,correct,False
memos_medium:1485,0.15,correct,False
memos_medium:1486,0.1,correct,False
memos_medium:1488,0.25,hallucination,False
memos_medium:1489,0.15,correct,False
memos_medium:1490,0.15,correct,False
memos_medium:1497,0.35,hallucination,False
memos_medium:1501,0.55,correct,False
memos_medium:1502,0.15,omission,False
memos_medium:1503,0.25,hallucination,False
memos_medium:1504,0.18,correct,False
memos_medium:1505,0.15,hallucination,False
memos_medium:1506,0.1,correct,False
memos_medium:1507,0.2,correct,False
memos_medium:1508,0.18,correct,False
memos_medium:1509,0.05,correct,False
memos_medium:1511,0.05,correct,False
memos_medium:1512,0.1,correct,False
memos_medium:1513,0.2,hallucination,False
memos_medium:1516,0.15,correct,False
memos_medium:1517,0.25,correct,False
memos_medium:1519,0.05,correct,False
memos_medium:1520,0.1,correct,False
memos_medium:1521,0.15,hallucination,False
memos_medium:1522,0.15,correct,False
memos_medium:1524,0.2,correct,False
memos_medium:1526,0.35,hallucination,False
memos_medium:1527,0.35,correct,False
memos_medium:1529,0.15,hallucination,False
memos_medium:1530,0.1,hallucination,False
memos_medium:1531,0.35,correct,False
memos_medium:1532,0.35,hallucination,False
memos_medium:1533,0.1,correct,False
memos_medium:1534,0.1,correct,False
memos_medium:1536,0.05,correct,False
memos_medium:1537,0.15,correct,False
memos_medium:1538,0.15,correct,False
memos_medium:1539,0.1,correct,False
memos_medium:1541,0.35,correct,False
memos_medium:1542,0.1,correct,False
memos_medium:1547,0.15,correct,False
memos_medium:1548,0.35,hallucination,False
memos_medium:1549,0.35,correct,False
memos_medium:1550,0.15,correct,False
memos_medium:1551,0.1,correct,False
memos_medium:1552,0.15,correct,False
memos_medium:1553,0.15,correct,False
memos_medium:1554,0.1,correct,False
memos_medium:1555,0.1,correct,False
memos_medium:1556,0.18,correct,False
memos_medium:1557,0.05,correct,False
memos_medium:1558,0.1,correct,False
memos_medium:1560,0.05,correct,False
memos_medium:1562,0.15,correct,False
memos_medium:1563,0.05,correct,False
memos_medium:1565,0.4,hallucination,False
memos_medium:1566,0.15,correct,False
memos_medium:1569,0.8,correct,False
memos_medium:1570,0.05,correct,False
memos_medium:1572,0.25,correct,False
memos_medium:1573,0.18,correct,False
memos_medium:1574,0.25,hallucination,False
memos_medium:1575,0.15,hallucination,False
memos_medium:1577,0.4,correct,False
memos_medium:1580,0.05,correct,False
memos_medium:1581,0.1,correct,False
memos_medium:1585,0.4,correct,False
memos_medium:1587,0.1,hallucination,False
memos_medium:1588,0.1,correct,False
memos_medium:1589,0.15,correct,False
memos_medium:1591,0.15,hallucination,False
memos_medium:1592,0.05,correct,False
memos_medium:1594,0.55,correct,False
memos_medium:1595,0.35,correct,False
memos_medium:1596,0.15,hallucination,False
memos_medium:1598,0.15,correct,False
memos_medium:1600,0.05,correct,False
memos_medium:1603,0.1,correct,False
memos_medium:1604,0.15,correct,False
memos_medium:1605,0.1,correct,False
memos_medium:1606,0.1,correct,False
memos_medium:1608,0.15,hallucination,False
memos_medium:1609,0.4,hallucination,False
memos_medium:1610,0.1,correct,False
memos_medium:1620,0.15,hallucination,False
memos_medium:1621,0.2,correct,False
memos_medium:1622,0.25,correct,False
memos_medium:1623,0.05,correct,False
memos_medium:1625,0.1,correct,False
memos_medium:1627,0.15,correct,False
memos_medium:1629,0.15,correct,False
memos_medium:1630,0.2,hallucination,False
memos_medium:1631,0.25,correct,False
memos_medium:1632,0.2,hallucination,False
memos_medium:1633,0.4,correct,False
memos_medium:1634,0.25,hallucination,False
memos_medium:1635,0.4,hallucination,False
memos_medium:1636,0.4,hallucination,False
memos_medium:1642,0.15,correct,False
memos_medium:1643,0.1,correct,False
memos_medium:1644,0.15,correct,False
memos_medium:1646,0.1,correct,False
memos_medium:1647,0.1,correct,False
memos_medium:1648,0.1,correct,False
memos_medium:1650,0.18,correct,False
memos_medium:1651,0.15,correct,False
memos_medium:1652,0.1,correct,False
memos_medium:1653,0.05,correct,False
memos_medium:1655,0.4,correct,False
memos_medium:1656,0.25,correct,False
memos_medium:1659,0.05,correct,False
memos_medium:1660,0.4,hallucination,False
memos_medium:1661,0.1,correct,False
memos_medium:1662,0.15,correct,False
memos_medium:1663,0.4,hallucination,False
memos_medium:1664,0.35,omission,False
memos_medium:1666,0.15,correct,False
memos_medium:1668,0.05,correct,False
memos_medium:1669,0.1,correct,False
memos_medium:1670,0.1,correct,False
memos_medium:1672,0.1,correct,False
memos_medium:1673,0.05,correct,False
memos_medium:1674,0.18,hallucination,False
memos_medium:1675,0.2,hallucination,False
memos_medium:1676,0.15,hallucination,False
memos_medium:1677,0.1,correct,False
memos_medium:1683,0.05,correct,False
memos_medium:1687,0.1,correct,False
memos_medium:1689,0.05,correct,False
memos_medium:1690,0.2,correct,False
memos_medium:1692,0.1,correct,False
memos_medium:1693,0.4,hallucination,False
memos_medium:1694,0.15,correct,False
memos_medium:1695,0.1,correct,False
memos_medium:1696,0.15,hallucination,False
memos_medium:1698,0.15,correct,False
memos_medium:1700,0.05,correct,False
memos_medium:1702,0.05,correct,False
memos_medium:1703,0.25,hallucination,False
memos_medium:1704,0.15,correct,False
memos_medium:1705,0.15,hallucination,False
memos_medium:1707,0.05,correct,False
memos_medium:1708,0.1,correct,False
memos_medium:1710,0.15,correct,False
memos_medium:1711,0.45,hallucination,False
memos_medium:1712,0.18,hallucination,False
memos_medium:1713,0.2,correct,False
memos_medium:1714,0.15,correct,False
memos_medium:1717,0.25,hallucination,False
memos_medium:1719,0.1,correct,False
memos_medium:1722,0.15,correct,False
memos_medium:1723,0.15,correct,False
memos_medium:1724,0.2,correct,False
memos_medium:1726,0.05,hallucination,False
memos_medium:1727,0.15,correct,False
memos_medium:1728,0.1,correct,False
memos_medium:1730,0.25,correct,False
memos_medium:1731,0.15,correct,False
memos_medium:1732,0.1,correct,False
memos_medium:1733,0.85,correct,False
memos_medium:1734,0.55,correct,False
memos_medium:1735,0.15,hallucination,False
memos_medium:1736,0.15,correct,False
memos_medium:1737,0.18,correct,False
memos_medium:1743,0.15,correct,False
memos_medium:1744,0.25,correct,False
memos_medium:1746,0.15,correct,False
memos_medium:1747,0.1,correct,False
memos_medium:1748,0.15,hallucination,False
memos_medium:1749,0.15,correct,False
memos_medium:1753,0.05,correct,False
memos_medium:1754,0.15,correct,False
memos_medium:1755,0.05,correct,False
memos_medium:1757,0.25,hallucination,False
memos_medium:1758,0.15,hallucination,False
memos_medium:1759,0.1,correct,False
memos_medium:1760,0.1,correct,False
memos_medium:1761,0.15,correct,False
memos_medium:1762,0.15,hallucination,False
memos_medium:1764,0.15,correct,False
memos_medium:1766,0.1,correct,False
memos_medium:1767,0.1,correct,False
memos_medium:1773,0.25,correct,False
memos_medium:1774,0.15,correct,False
memos_medium:1776,0.1,correct,False
memos_medium:1777,0.15,correct,False
memos_medium:1778,0.15,correct,False
memos_medium:1779,0.0,correct,False
memos_medium:1784,0.1,correct,False
memos_medium:1785,0.4,omission,False
memos_medium:1787,0.15,hallucination,False
memos_medium:1788,0.15,correct,False
memos_medium:1790,0.15,correct,False
memos_medium:1791,0.15,correct,False
memos_medium:1792,0.2,correct,False
memos_medium:1794,0.25,hallucination,False
memos_medium:1795,0.05,correct,False
memos_medium:1796,0.35,omission,False
memos_medium:1797,0.35,correct,False
memos_medium:1798,0.15,hallucination,False
memos_medium:1799,0.15,correct,False
memos_medium:1802,0.05,correct,False
memos_medium:1803,0.1,correct,False
memos_medium:1804,0.18,correct,False
memos_medium:1805,0.35,omission,False
memos_medium:1806,0.15,hallucination,False
memos_medium:1807,0.4,hallucination,False
memos_medium:1808,0.15,correct,False
memos_medium:1811,0.15,hallucination,False
memos_medium:1815,0.2,correct,False
memos_medium:1816,0.18,correct,False
memos_medium:1818,0.1,correct,False
memos_medium:1824,0.4,correct,False
memos_medium:1825,0.3,omission,False
memos_medium:1828,0.15,correct,False
memos_medium:1829,0.15,hallucination,False
memos_medium:1830,0.15,correct,False
memos_medium:1832,0.1,correct,False
memos_medium:1834,0.15,hallucination,False
memos_medium:1835,0.15,correct,False
memos_medium:1838,0.05,correct,False
memos_medium:1840,0.15,correct,False
memos_medium:1842,0.1,correct,False
memos_medium:1843,0.15,correct,False
memos_medium:1844,0.15,correct,False
memos_medium:1845,0.2,correct,False
memos_medium:1846,0.18,hallucination,False
memos_medium:1848,0.15,hallucination,False
memos_medium:1849,0.1,correct,False
memos_medium:1851,0.1,correct,False
memos_medium:1852,0.15,correct,False
memos_medium:1853,0.35,hallucination,False
memos_medium:1855,0.1,correct,False
memos_medium:1856,0.05,correct,False
memos_medium:1858,0.15,correct,False
memos_medium:1859,0.1,correct,False
memos_medium:1860,0.15,correct,False
memos_medium:1862,0.15,correct,False
memos_medium:1866,0.35,correct,False
memos_medium:1867,0.1,omission,False
memos_medium:1868,0.05,correct,False
memos_medium:1869,0.1,correct,False
memos_medium:1870,0.05,correct,False
memos_medium:1873,0.25,hallucination,False
memos_medium:1874,0.15,correct,False
memos_medium:1875,0.15,correct,False
memos_medium:1876,0.18,hallucination,False
memos_medium:1880,0.35,hallucination,False
memos_medium:1881,0.15,hallucination,False
memos_medium:1882,0.15,correct,False
memos_medium:1883,0.15,correct,False
memos_medium:1884,0.35,correct,False
memos_medium:1885,0.25,correct,False
memos_medium:1887,0.05,correct,False
memos_medium:1888,0.25,correct,False
memos_medium:1890,0.4,correct,False
memos_medium:1892,0.25,hallucination,False
memos_medium:1893,0.05,correct,False
memos_medium:1897,0.85,omission,False
memos_medium:1898,0.4,correct,False
memos_medium:1899,0.4,correct,False
memos_medium:1901,0.55,hallucination,False
memos_medium:1902,0.1,correct,False
memos_medium:1903,0.1,correct,False
memos_medium:1906,0.0,hallucination,False
memos_medium:1909,0.1,hallucination,False
memos_medium:1911,0.15,correct,False
memos_medium:1912,0.35,correct,False
memos_medium:1913,0.1,correct,False
memos_medium:1914,0.2,correct,False
memos_medium:1915,0.4,hallucination,False
memos_medium:1916,0.15,correct,False
memos_medium:1917,0.4,omission,False
memos_medium:1922,0.15,correct,False
memos_medium:1923,0.15,correct,False
memos_medium:1924,0.1,correct,False
memos_medium:1925,0.1,correct,False
memos_medium:1926,0.1,correct,False
memos_medium:1927,0.15,correct,False
memos_medium:1928,0.1,correct,False
memos_medium:1929,0.1,correct,False
memos_medium:1930,0.15,correct,False
memos_medium:1931,0.35,correct,False
memos_medium:1932,0.15,correct,False
memos_medium:1934,0.25,correct,False
memos_medium:1936,0.25,hallucination,False
memos_medium:1939,0.15,hallucination,False
memos_medium:1940,0.15,correct,False
memos_medium:1941,0.1,correct,False
memos_medium:1943,0.25,correct,False
memos_medium:1944,0.05,correct,False
memos_medium:1946,0.05,correct,False
memos_medium:1947,0.15,correct,False
memos_medium:1948,0.45,correct,False
memos_medium:1949,0.1,hallucination,False
memos_medium:1950,0.1,correct,False
memos_medium:1954,0.25,correct,False
memos_medium:1955,0.15,correct,False
memos_medium:1959,0.1,correct,False
memos_medium:1960,0.15,correct,False
memos_medium:1963,0.15,correct,False
memos_medium:1964,0.15,correct,False
memos_medium:1965,0.15,hallucination,False
memos_medium:1967,0.15,correct,False
memos_medium:1968,0.05,correct,False
memos_medium:1969,0.15,correct,False
memos_medium:1970,0.15,correct,False
memos_medium:1971,0.18,correct,False
memos_medium:1972,0.18,correct,False
memos_medium:1973,0.18,hallucination,False
memos_medium:1975,0.15,correct,False
memos_medium:1977,0.15,correct,False
memos_medium:1978,0.15,correct,False
memos_medium:1981,0.2,hallucination,False
memos_medium:1982,0.15,correct,False
memos_medium:1983,0.18,hallucination,False
memos_medium:1984,0.4,correct,False
memos_medium:1985,0.35,hallucination,False
memos_medium:1986,0.35,hallucination,False
memos_medium:1987,0.15,hallucination,False
memos_medium:1988,0.4,correct,False
memos_medium:1994,0.25,hallucination,False
memos_medium:1998,0.4,omission,False
memos_medium:1999,0.1,hallucination,False
memos_medium:2001,0.1,correct,False
memos_medium:2003,0.55,hallucination,False
memos_medium:2004,0.18,correct,False
memos_medium:2005,0.35,correct,False
memos_medium:2006,0.18,hallucination,False
memos_medium:2008,0.2,hallucination,False
memos_medium:2010,0.15,hallucination,False
memos_medium:2011,0.15,correct,False
memos_medium:2013,0.1,correct,False
memos_medium:2015,0.1,correct,False
memos_medium:2016,0.1,omission,False
memos_medium:2017,0.15,correct,False
memos_medium:2018,0.15,correct,False
memos_medium:2020,0.1,correct,False
memos_medium:2021,0.35,hallucination,False
memos_medium:2022,0.15,correct,False
memos_medium:2023,0.1,correct,False
memos_medium:2024,0.1,hallucination,False
memos_medium:2025,0.1,correct,False
memos_medium:2026,0.1,correct,False
memos_medium:2028,0.1,correct,False
memos_medium:2032,0.4,correct,False
memos_medium:2033,0.15,correct,False
memos_medium:2034,0.05,correct,False
memos_medium:2035,0.18,correct,False
memos_medium:2037,0.05,correct,False
memos_medium:2040,0.1,correct,False
memos_medium:2048,0.05,hallucination,False
memos_medium:2049,0.25,correct,False
memos_medium:2050,0.25,correct,False
memos_medium:2051,0.15,correct,False
memos_medium:2052,0.45,hallucination,False
memos_medium:2055,0.4,correct,False
memos_medium:2057,0.1,correct,False
memos_medium:2058,0.4,correct,False
memos_medium:2062,0.4,correct,False
memos_medium:2064,0.15,correct,False
memos_medium:2067,0.1,correct,False
memos_medium:2068,0.05,correct,False
memos_medium:2069,0.15,correct,False
memos_medium:2072,0.35,hallucination,False
memos_medium:2077,0.15,hallucination,False
memos_medium:2080,0.0,correct,False
memos_medium:2087,0.1,omission,False
memos_medium:2091,0.15,correct,False
memos_medium:2092,0.15,correct,False
memos_medium:2094,0.2,hallucination,False
memos_medium:2095,0.2,correct,False
memos_medium:2096,0.1,correct,False
memos_medium:2099,0.1,correct,False
memos_medium:2101,0.1,correct,False
memos_medium:2102,0.2,correct,False
memos_medium:2103,0.85,hallucination,False
memos_medium:2105,0.15,correct,False
memos_medium:2108,0.1,correct,False
memos_medium:2109,0.2,correct,False
memos_medium:2111,0.1,correct,False
memos_medium:2114,0.0,correct,False
memos_medium:2116,0.15,correct,False
memos_medium:2117,0.1,correct,False
memos_medium:2118,0.1,correct,False
memos_medium:2119,0.2,hallucination,False
memos_medium:2120,0.15,correct,False
memos_medium:2121,0.15,correct,False
memos_medium:2122,0.18,hallucination,False
memos_medium:2123,0.15,hallucination,False
memos_medium:2127,0.15,correct,False
memos_medium:2128,0.15,hallucination,False
memos_medium:2129,0.1,correct,False
memos_medium:2132,0.4,correct,False
memos_medium:2134,0.35,hallucination,False
memos_medium:2135,0.4,correct,False
memos_medium:2137,0.35,omission,False
memos_medium:2139,0.05,correct,False
memos_medium:2140,0.1,correct,False
memos_medium:2143,0.05,correct,False
memos_medium:2144,0.15,correct,False
memos_medium:2145,0.15,correct,False
memos_medium:2147,0.15,correct,False
memos_medium:2149,0.18,correct,False
memos_medium:2150,0.15,hallucination,False
memos_medium:2152,0.1,correct,False
memos_medium:2154,0.35,correct,False
memos_medium:2155,0.8,hallucination,False
memos_medium:2156,0.15,correct,False
memos_medium:2158,0.2,correct,False
memos_medium:2159,0.1,correct,False
memos_medium:2161,0.15,correct,False
memos_medium:2164,0.05,correct,False
memos_medium:2165,0.1,correct,False
memos_medium:2167,0.15,correct,False
memos_medium:2168,0.2,hallucination,False
memos_medium:2170,0.18,hallucination,False
memos_medium:2172,0.15,correct,False
memos_medium:2173,0.45,omission,False
memos_medium:2175,0.35,omission,False
memos_medium:2182,0.05,correct,False
memos_medium:2183,0.1,correct,False
memos_medium:2184,0.25,correct,False
memos_medium:2185,0.1,correct,False
memos_medium:2190,0.1,hallucination,False
memos_medium:2194,0.1,correct,False
memos_medium:2195,0.18,correct,False
memos_medium:2198,0.05,correct,False
memos_medium:2202,0.1,correct,False
memos_medium:2205,0.35,omission,False
memos_medium:2207,0.15,correct,False
memos_medium:2208,0.25,correct,False
memos_medium:2209,0.35,correct,False
memos_medium:2210,0.45,hallucination,False
memos_medium:2212,0.15,hallucination,False
memos_medium:2213,0.35,correct,False
memos_medium:2216,0.15,hallucination,False
memos_medium:2217,0.25,correct,False
memos_medium:2218,0.1,hallucination,False
memos_medium:2219,0.1,correct,False
memos_medium:2220,0.05,correct,False
memos_medium:2221,0.15,correct,False
memos_medium:2223,0.35,hallucination,False
memos_medium:2227,0.18,hallucination,False
memos_medium:2231,0.15,correct,False
memos_medium:2232,0.1,correct,False
memos_medium:2236,0.4,hallucination,False
memos_medium:2240,0.15,hallucination,False
memos_medium:2242,0.0,correct,False
memos_medium:2243,0.2,correct,False
memos_medium:2246,0.1,correct,False
memos_medium:2247,0.1,correct,False
memos_medium:2250,0.15,hallucination,False
memos_medium:2251,0.4,hallucination,False
memos_medium:2252,0.1,correct,False
memos_medium:2255,0.1,correct,False
memos_medium:2256,0.35,hallucination,False
memos_medium:2257,0.2,correct,False
memos_medium:2258,0.25,hallucination,False
memos_medium:2259,0.25,correct,False
memos_medium:2260,0.4,hallucination,False
memos_medium:2261,0.2,correct,False
memos_medium:2264,0.1,correct,False
memos_medium:2265,0.4,correct,False
memos_medium:2268,0.1,correct,False
memos_medium:2269,0.2,correct,False
memos_medium:2270,0.15,hallucination,False
memos_medium:2272,0.05,correct,False
memos_medium:2274,0.4,correct,False
memos_medium:2275,0.15,correct,False
memos_medium:2277,0.15,correct,False
memos_medium:2278,0.35,hallucination,False
memos_medium:2279,0.15,correct,False
memos_medium:2283,0.1,correct,False
memos_medium:2284,0.15,hallucination,False
memos_medium:2285,0.15,correct,False
memos_medium:2286,0.4,hallucination,False
memos_medium:2287,0.15,correct,False
memos_medium:2289,0.1,correct,False
memos_medium:2290,0.4,correct,False
memos_medium:2292,0.15,correct,False
memos_medium:2293,0.4,hallucination,False
memos_medium:2296,0.85,omission,False
memos_medium:2299,0.35,hallucination,False
memos_medium:2304,0.2,hallucination,False
memos_medium:2305,0.35,hallucination,False
memos_medium:2306,0.25,hallucination,False
memos_medium:2307,0.4,correct,False
memos_medium:2310,0.15,correct,False
memos_medium:2311,0.2,correct,False
memos_medium:2312,0.15,correct,False
memos_medium:2314,0.1,correct,False
memos_medium:2315,0.15,hallucination,False
memos_medium:2316,0.4,correct,False
memos_medium:2318,0.05,correct,False
memos_medium:2322,0.15,hallucination,False
memos_medium:2323,0.1,correct,False
memos_medium:2324,0.05,correct,False
memos_medium:2328,0.15,correct,False
memos_medium:2329,0.15,correct,False
memos_medium:2331,0.1,correct,False
memos_medium:2332,0.15,correct,False
memos_medium:2336,0.25,hallucination,False
memos_medium:2338,0.05,correct,False
memos_medium:2339,0.18,hallucination,False
memos_medium:2340,0.35,correct,False
memos_medium:2341,0.15,correct,False
memos_medium:2342,0.4,correct,False
memos_medium:2343,0.1,correct,False
memos_medium:2347,0.15,omission,False
memos_medium:2348,0.1,correct,False
memos_medium:2349,0.15,hallucination,False
memos_medium:2352,0.15,correct,False
memos_medium:2353,0.15,correct,False
memos_medium:2354,0.15,correct,False
memos_medium:2355,0.35,hallucination,False
memos_medium:2356,0.1,correct,False
memos_medium:2357,0.05,correct,False
memos_medium:2358,0.35,hallucination,False
memos_medium:2361,0.1,correct,False
memos_medium:2362,0.25,hallucination,False
memos_medium:2364,0.35,correct,False
memos_medium:2365,0.4,hallucination,False
memos_medium:2367,0.1,correct,False
memos_medium:2368,0.15,correct,False
memos_medium:2369,0.85,omission,False
memos_medium:2370,0.18,hallucination,False
memos_medium:2371,0.15,correct,False
memos_medium:2372,0.15,correct,False
memos_medium:2373,0.15,correct,False
memos_medium:2374,0.15,correct,False
memos_medium:2375,0.15,correct,False
memos_medium:2376,0.25,hallucination,False
memos_medium:2377,0.35,correct,False
memos_medium:2380,0.15,correct,False
memos_medium:2381,0.25,omission,False
memos_medium:2384,0.15,correct,False
memos_medium:2385,0.18,hallucination,False
memos_medium:2386,0.15,correct,False
memos_medium:2388,0.15,correct,False
memos_medium:2389,0.1,correct,False
memos_medium:2390,0.35,correct,False
memos_medium:2391,0.2,hallucination,False
memos_medium:2392,0.1,correct,False
memos_medium:2393,0.85,omission,False
memos_medium:2395,0.2,correct,False
memos_medium:2396,0.15,correct,False
memos_medium:2402,0.2,correct,False
memos_medium:2403,0.25,correct,False
memos_medium:2404,0.1,hallucination,False
memos_medium:2405,0.05,correct,False
memos_medium:2407,0.4,omission,False
memos_medium:2410,0.18,correct,False
memos_medium:2411,0.1,hallucination,False
memos_medium:2413,0.7,correct,False
memos_medium:2414,0.15,omission,False
memos_medium:2415,0.15,correct,False
memos_medium:2416,0.15,correct,False
memos_medium:2417,0.1,hallucination,False
memos_medium:2420,0.35,correct,False
memos_medium:2422,0.1,correct,False
memos_medium:2423,0.1,hallucination,False
memos_medium:2424,0.1,correct,False
memos_medium:2427,0.4,hallucination,False
memos_medium:2429,0.25,correct,False
memos_medium:2436,0.55,correct,False
memos_medium:2437,0.15,correct,False
memos_medium:2439,0.15,correct,False
memos_medium:2440,0.4,correct,False
memos_medium:2442,0.45,hallucination,False
memos_medium:2447,0.2,correct,False
memos_medium:2448,0.1,hallucination,False
memos_medium:2449,0.2,correct,False
memos_medium:2450,0.1,correct,False
memos_medium:2451,0.4,correct,False
memos_medium:2456,0.18,correct,False
memos_medium:2457,0.15,correct,False
memos_medium:2458,0.05,correct,False
memos_medium:2459,0.1,correct,False
memos_medium:2460,0.4,hallucination,False
memos_medium:2461,0.85,correct,False
memos_medium:2465,0.2,hallucination,False
memos_medium:2466,0.35,correct,False
memos_medium:2468,0.15,hallucination,False
memos_medium:2469,0.35,correct,False
memos_medium:2470,0.2,correct,False
memos_medium:2471,0.15,hallucination,False
memos_medium:2473,0.25,correct,False
memos_medium:2474,0.4,correct,False
memos_medium:2476,0.05,correct,False
memos_medium:2477,0.4,correct,False
memos_medium:2478,0.25,hallucination,False
memos_medium:2480,0.25,omission,False
memos_medium:2481,0.25,correct,False
memos_medium:2482,0.15,correct,False
memos_medium:2484,0.1,correct,False
memos_medium:2485,0.2,correct,False
memos_medium:2486,0.1,correct,False
memos_medium:2487,0.25,correct,False
memos_medium:2488,0.2,correct,False
memos_medium:2490,0.25,hallucination,False
memos_medium:2491,0.15,correct,False
memos_medium:2493,0.25,correct,False
memos_medium:2494,0.1,correct,False
memos_medium:2495,0.1,hallucination,False
memos_medium:2496,0.1,correct,False
memos_medium:2497,0.15,correct,False
memos_medium:2498,0.15,correct,False
memos_medium:2499,0.2,correct,False
memos_medium:2503,0.18,correct,False
memos_medium:2505,0.1,correct,False
memos_medium:2506,0.15,correct,False
memos_medium:2507,0.25,correct,False
memos_medium:2508,0.45,hallucination,False
memos_medium:2509,0.4,hallucination,False
memos_medium:2511,0.85,omission,False
memos_medium:2513,0.55,hallucination,False
memos_medium:2514,0.25,correct,False
memos_medium:2515,0.2,correct,False
memos_medium:2527,0.35,hallucination,False
memos_medium:2529,0.18,correct,False
memos_medium:2531,0.25,correct,False
memos_medium:2532,0.15,correct,False
memos_medium:2534,0.15,omission,False
memos_medium:2535,0.55,hallucination,False
memos_medium:2536,0.15,correct,False
memos_medium:2537,0.35,hallucination,False
memos_medium:2538,0.18,hallucination,False
memos_medium:2539,0.35,correct,False
memos_medium:2540,0.18,hallucination,False
memos_medium:2541,0.25,hallucination,False
memos_medium:2544,0.1,correct,False
memos_medium:2545,0.25,correct,False
memos_medium:2546,0.25,hallucination,False
memos_medium:2548,0.1,correct,False
memos_medium:2549,0.1,correct,False
memos_medium:2550,0.1,correct,False
memos_medium:2553,0.1,correct,False
memos_medium:2554,0.1,correct,False
memos_medium:2555,0.1,correct,False
memos_medium:2557,0.35,hallucination,False
memos_medium:2559,0.25,correct,False
memos_medium:2560,0.15,correct,False
memos_medium:2561,0.18,correct,False
memos_medium:2563,0.2,correct,False
memos_medium:2565,0.35,hallucination,False
memos_medium:2566,0.75,hallucination,False
memos_medium:2567,0.1,hallucination,False
memos_medium:2568,0.15,correct,False
memos_medium:2569,0.2,correct,False
memos_medium:2570,0.1,correct,False
memos_medium:2571,0.15,correct,False
memos_medium:2572,0.05,correct,False
memos_medium:2573,0.1,correct,False
memos_medium:2575,0.15,hallucination,False
memos_medium:2576,0.15,correct,False
memos_medium:2577,0.15,omission,False
memos_medium:2578,0.2,correct,False
memos_medium:2581,0.25,correct,False
memos_medium:2588,0.15,correct,False
memos_medium:2592,0.25,correct,False
memos_medium:2593,0.1,correct,False
memos_medium:2594,0.05,correct,False
memos_medium:2596,0.15,correct,False
memos_medium:2598,0.25,hallucination,False
memos_medium:2599,0.4,hallucination,False
memos_medium:2600,0.18,correct,False
memos_medium:2606,0.85,hallucination,False
memos_medium:2609,0.15,correct,False
memos_medium:2610,0.1,correct,False
memos_medium:2611,0.15,correct,False
memos_medium:2612,0.15,correct,False
memos_medium:2613,0.05,correct,False
memos_medium:2614,0.25,correct,False
memos_medium:2615,0.1,correct,False
memos_medium:2616,0.0,correct,False
memos_medium:2617,0.05,correct,False
memos_medium:2619,0.1,correct,False
memos_medium:2620,0.25,correct,False
memos_medium:2621,0.85,hallucination,False
memos_medium:2622,0.45,correct,False
memos_medium:2623,0.4,hallucination,False
memos_medium:2624,0.35,correct,False
memos_medium:2625,0.0,omission,False
memos_medium:2634,0.85,hallucination,False
memos_medium:2635,0.2,correct,False
memos_medium:2636,0.35,hallucination,False
memos_medium:2637,0.15,correct,False
memos_medium:2639,0.35,correct,False
memos_medium:2645,0.0,omission,False
memos_medium:2646,0.55,correct,False
memos_medium:2647,0.4,hallucination,False
memos_medium:2648,0.05,correct,False
memos_medium:2649,0.18,correct,False
memos_medium:2652,0.1,correct,False
memos_medium:2654,0.1,correct,False
memos_medium:2655,0.1,correct,False
memos_medium:2656,0.35,correct,False
memos_medium:2657,0.2,hallucination,False
memos_medium:2658,0.25,correct,False
memos_medium:2659,0.15,correct,False
memos_medium:2660,0.15,omission,False
memos_medium:2661,0.18,omission,False
memos_medium:2662,0.15,hallucination,False
memos_medium:2665,0.18,correct,False
memos_medium:2666,0.15,correct,False
memos_medium:2668,0.15,correct,False
memos_medium:2670,0.45,hallucination,False
memos_medium:2671,0.05,correct,False
memos_medium:2672,0.25,correct,False
memos_medium:2673,0.18,correct,False
memos_medium:2674,0.15,correct,False
memos_medium:2680,0.15,correct,False
memos_medium:2682,0.15,correct,False
memos_medium:2686,0.2,omission,False
memos_medium:2687,0.1,correct,False
memos_medium:2688,0.1,correct,False
memos_medium:2689,0.25,correct,False
memos_medium:2690,0.2,hallucination,False
memos_medium:2691,0.35,correct,False
memos_medium:2692,0.4,correct,False
memos_medium:2693,0.1,correct,False
memos_medium:2694,0.1,correct,False
memos_medium:2695,0.1,correct,False
memos_medium:2698,0.15,correct,False
memos_medium:2700,0.05,correct,False
memos_medium:2701,0.05,correct,False
memos_medium:2702,0.25,correct,False
memos_medium:2703,0.1,correct,False
memos_medium:2704,0.1,correct,False
memos_medium:2708,0.15,correct,False
memos_medium:2709,0.1,correct,False
memos_medium:2710,0.15,correct,False
memos_medium:2716,0.1,correct,False
memos_medium:2717,0.1,correct,False
memos_medium:2718,0.05,correct,False
memos_medium:2719,0.1,correct,False
memos_medium:2726,0.4,omission,False
memos_medium:2727,0.4,omission,False
memos_medium:2728,0.25,hallucination,False
memos_medium:2729,0.55,omission,False
memos_medium:2734,0.25,hallucination,False
memos_medium:2735,0.25,correct,False
memos_medium:2736,0.15,hallucination,False
memos_medium:2737,0.18,hallucination,False
memos_medium:2739,0.35,correct,False
memos_medium:2753,0.15,correct,False
memos_medium:2755,0.15,hallucination,False
memos_medium:2756,0.15,hallucination,False
memos_medium:2758,0.18,hallucination,False
memos_medium:2759,0.4,hallucination,False
memos_medium:2760,0.1,correct,False
memos_medium:2762,0.35,correct,False
memos_medium:2763,0.35,hallucination,False
memos_medium:2764,0.2,correct,False
memos_medium:2765,0.1,correct,False
memos_medium:2766,0.15,hallucination,False
memos_medium:2767,0.9,omission,False
memos_medium:2769,0.05,correct,False
memos_medium:2770,0.25,correct,False
memos_medium:2771,0.2,correct,False
memos_medium:2772,0.15,hallucination,False
memos_medium:2773,0.15,correct,False
memos_medium:2774,0.15,hallucination,False
memos_medium:2775,0.1,correct,False
memos_medium:2776,0.35,correct,False
memos_medium:2781,0.15,hallucination,False
memos_medium:2782,0.2,correct,False
memos_medium:2783,0.2,correct,False
memos_medium:2784,0.4,hallucination,False
memos_medium:2785,0.18,omission,False
memos_medium:2786,0.1,omission,False
memos_medium:2790,0.1,correct,False
memos_medium:2791,0.1,correct,False
memos_medium:2792,0.1,correct,False
memos_medium:2793,0.25,hallucination,False
memos_medium:2794,0.15,correct,False
memos_medium:2796,0.05,correct,False
memos_medium:2797,0.1,correct,False
memos_medium:2798,0.95,correct,False
memos_medium:2799,0.35,hallucination,False
memos_medium:2801,0.4,omission,False
memos_medium:2802,0.1,omission,False
memos_medium:2803,0.4,hallucination,False
memos_medium:2805,0.15,correct,False
memos_medium:2806,0.15,hallucination,False
memos_medium:2811,0.45,correct,False
memos_medium:2813,0.18,correct,False
memos_medium:2814,0.1,correct,False
memos_medium:2815,0.1,correct,False
memos_medium:2818,0.15,correct,False
memos_medium:2820,0.35,correct,False
memos_medium:2823,0.18,omission,False
memos_medium:2826,0.35,hallucination,False
memos_medium:2827,0.35,correct,False
memos_medium:2828,0.15,correct,False
memos_medium:2830,0.05,correct,False
memos_medium:2832,0.4,correct,False
memos_medium:2833,0.1,correct,False
memos_medium:2834,0.2,correct,False
memos_medium:2838,0.1,correct,False
memos_medium:2839,0.1,correct,False
memos_medium:2840,0.1,correct,False
memos_medium:2841,0.35,correct,False
memos_medium:2842,0.35,correct,False
memos_medium:2848,0.15,omission,False
memos_medium:2853,0.15,hallucination,False
memos_medium:2855,0.1,correct,False
memos_medium:2859,0.2,correct,False
memos_medium:2860,0.2,correct,False
memos_medium:2862,0.15,correct,False
memos_medium:2863,0.15,omission,False
memos_medium:2865,0.25,correct,False
memos_medium:2866,0.1,hallucination,False
memos_medium:2867,0.1,correct,False
memos_medium:2869,0.1,correct,False
memos_medium:2870,0.15,correct,False
memos_medium:2871,0.15,correct,False
memos_medium:2872,0.18,correct,False
memos_medium:2873,0.9,correct,False
memos_medium:2874,0.1,hallucination,False
memos_medium:2876,0.4,correct,False
memos_medium:2877,0.25,correct,False
memos_medium:2879,0.85,correct,False
memos_medium:2880,0.15,correct,False
memos_medium:2883,0.1,hallucination,False
memos_medium:2884,0.18,correct,False
memos_medium:2885,0.15,hallucination,False
memos_medium:2886,0.18,correct,False
memos_medium:2887,0.15,correct,False
memos_medium:2888,0.15,correct,False
memos_medium:2889,0.1,correct,False
memos_medium:2891,0.15,hallucination,False
memos_medium:2893,0.4,correct,False
memos_medium:2895,0.2,correct,False
memos_medium:2897,0.1,correct,False
memos_medium:2900,0.45,hallucination,False
memos_medium:2902,0.05,correct,False
memos_medium:2903,0.95,correct,False
memos_medium:2904,0.15,correct,False
memos_medium:2906,0.05,correct,False
memos_medium:2907,0.15,correct,False
memos_medium:2909,0.1,correct,False
memos_medium:2912,0.1,correct,False
memos_medium:2914,0.15,correct,False
memos_medium:2915,0.15,correct,False
memos_medium:2916,0.1,hallucination,False
memos_medium:2918,0.18,correct,False
memos_medium:2919,0.18,correct,False
memos_medium:2924,0.2,hallucination,False
memos_medium:2925,0.15,hallucination,False
memos_medium:2926,0.0,correct,False
memos_medium:2929,0.35,correct,False
memos_medium:2933,0.1,correct,False
memos_medium:2934,0.1,correct,False
memos_medium:2935,0.45,omission,False
memos_medium:2936,0.15,correct,False
memos_medium:2937,0.15,correct,False
memos_medium:2938,0.15,omission,False
memos_medium:2941,0.15,hallucination,False
memos_medium:2942,0.05,correct,False
memos_medium:2946,0.15,correct,False
memos_medium:2947,0.15,correct,False
memos_medium:2948,0.1,omission,False
memos_medium:2949,0.1,correct,False
memos_medium:2950,0.2,correct,False
memos_medium:2951,0.1,correct,False
memos_medium:2954,0.35,hallucination,False
memos_medium:2956,0.4,correct,False
memos_medium:2963,0.45,correct,False
memos_medium:2964,0.35,correct,False
memos_medium:2966,0.4,omission,False
memos_medium:2969,0.1,correct,False
memos_medium:2972,0.15,hallucination,False
memos_medium:2973,0.15,hallucination,False
memos_medium:2974,0.05,correct,False
memos_medium:2975,0.25,correct,False
memos_medium:2980,0.18,hallucination,False
memos_medium:2981,0.45,correct,False
memos_medium:2982,0.18,hallucination,False
memos_medium:2986,0.4,correct,False
memos_medium:2989,0.35,hallucination,False
memos_medium:2990,0.35,hallucination,False
memos_medium:2991,0.1,correct,False
memos_medium:2993,0.05,correct,False
memos_medium:2994,0.25,correct,False
memos_medium:2995,0.25,correct,False
memos_medium:2996,0.15,correct,False
memos_medium:2999,0.4,omission,False
memos_medium:3000,0.15,correct,False
memos_medium:3001,0.35,correct,False
memos_medium:3004,0.15,correct,False
memos_medium:3005,0.1,correct,False
memos_medium:3008,0.25,hallucination,False
memos_medium:3009,0.05,correct,False
memos_medium:3011,0.45,correct,False
memos_medium:3014,0.18,correct,False
memos_medium:3020,0.1,correct,False
memos_medium:3021,0.15,correct,False
memos_medium:3023,0.1,correct,False
memos_medium:3024,0.85,hallucination,False
memos_medium:3025,0.1,correct,False
memos_medium:3027,0.15,hallucination,False
memos_medium:3028,0.15,correct,False
memos_medium:3030,0.15,correct,False
memos_medium:3032,0.1,correct,False
memos_medium:3036,0.75,omission,False
memos_medium:3037,0.4,hallucination,False
memos_medium:3039,0.15,hallucination,False
memos_medium:3040,0.15,correct,False
memos_medium:3041,0.1,correct,False
memos_medium:3042,0.35,hallucination,False
memos_medium:3043,0.55,correct,False
memos_medium:3047,0.25,hallucination,False
memos_medium:3048,0.1,correct,False
memos_medium:3049,0.4,hallucination,False
memos_medium:3051,0.15,hallucination,False
memos_medium:3060,0.1,correct,False
memos_medium:3061,0.1,correct,False
memos_medium:3063,0.15,hallucination,False
memos_medium:3064,0.4,correct,False
memos_medium:3066,0.15,correct,False
memos_medium:3067,0.05,correct,False
memos_medium:3068,0.15,correct,False
memos_medium:3071,0.4,omission,False
memos_medium:3072,0.15,omission,False
memos_medium:3074,0.15,hallucination,False
memos_medium:3075,0.15,correct,False
memos_medium:3076,0.55,correct,False
memos_medium:3077,0.15,hallucination,False
memos_medium:3078,0.18,correct,False
memos_medium:3079,0.18,hallucination,False
memos_medium:3080,0.15,correct,False
memos_medium:3081,0.15,correct,False
memos_medium:3082,0.1,correct,False
memos_medium:3084,0.25,hallucination,False
memos_medium:3086,0.05,correct,False
memos_medium:3088,0.15,correct,False
memos_medium:3089,0.15,hallucination,False
memos_medium:3090,0.35,hallucination,False
memos_medium:3091,0.4,correct,False
memos_medium:3092,0.35,hallucination,False
memos_medium:3093,0.35,hallucination,False
memos_medium:3094,0.15,correct,False
memos_medium:3096,0.0,correct,False
memos_medium:3101,0.1,correct,False
memos_medium:3104,0.15,correct,False
memos_medium:3105,0.2,correct,False
memos_medium:3106,0.05,correct,False
memos_medium:3111,0.7,hallucination,False
memos_medium:3112,0.45,correct,False
memos_medium:3113,0.2,hallucination,False
memos_medium:3114,0.15,correct,False
memos_medium:3115,0.85,correct,False
memos_medium:3116,0.15,hallucination,False
memos_medium:3118,0.35,hallucination,False
memos_medium:3119,0.1,correct,False
memos_medium:3120,0.25,correct,False
memos_medium:3122,0.1,correct,False
memos_medium:3123,0.4,correct,False
memos_medium:3128,0.35,correct,False
memos_medium:3129,0.15,correct,False
memos_medium:3130,0.2,correct,False
memos_medium:3134,0.1,correct,False
memos_medium:3136,0.4,correct,False
memos_medium:3141,0.35,hallucination,False
memos_medium:3148,0.25,correct,False
memos_medium:3152,0.15,correct,False
memos_medium:3153,0.15,correct,False
memos_medium:3154,0.2,correct,False
memos_medium:3155,0.15,correct,False
memos_medium:3156,0.1,correct,False
memos_medium:3157,0.15,hallucination,False
memos_medium:3162,0.15,omission,False
memos_medium:3163,0.1,correct,False
memos_medium:3169,0.25,correct,False
memos_medium:3170,0.15,correct,False
memos_medium:3171,0.15,correct,False
memos_medium:3172,0.15,correct,False
memos_medium:3173,0.18,correct,False
memos_medium:3174,0.1,correct,False
memos_medium:3175,0.1,correct,False
memos_medium:3176,0.1,correct,False
memos_medium:3179,0.35,hallucination,False
memos_medium:3181,0.05,correct,False
memos_medium:3182,0.25,correct,False
memos_medium:3183,0.15,hallucination,False
memos_medium:3189,0.1,correct,False
memos_medium:3191,0.1,correct,False
memos_medium:3194,0.4,correct,False
memos_medium:3196,0.1,correct,False
memos_medium:3197,0.2,correct,False
memos_medium:3198,0.15,correct,False
memos_medium:3200,0.1,correct,False
memos_medium:3201,0.15,correct,False
memos_medium:3202,0.18,correct,False
memos_medium:3203,0.15,correct,False
memos_medium:3204,0.4,correct,False
memos_medium:3208,0.35,omission,False
memos_medium:3212,0.35,omission,False
memos_medium:3214,0.4,hallucination,False
memos_medium:3216,0.15,correct,False
memos_medium:3218,0.15,correct,False
memos_medium:3219,0.1,correct,False
memos_medium:3220,0.18,hallucination,False
memos_medium:3222,0.05,correct,False
memos_medium:3223,0.15,hallucination,False
memos_medium:3225,0.4,correct,False
memos_medium:3226,0.25,correct,False
memos_medium:3234,0.2,hallucination,False
memos_medium:3235,0.18,hallucination,False
memos_medium:3236,0.15,correct,False
memos_medium:3238,0.0,correct,False
memos_medium:3242,0.15,hallucination,False
memos_medium:3243,0.1,correct,False
memos_medium:3244,0.15,correct,False
memos_medium:3246,0.4,correct,False
memos_medium:3249,0.1,correct,False
memos_medium:3250,0.15,correct,False
memos_medium:3251,0.4,correct,False
memos_medium:3252,0.35,correct,False
memos_medium:3254,0.2,correct,False
memos_medium:3255,0.45,hallucination,False
memos_medium:3256,0.0,correct,False
memos_medium:3258,0.1,correct,False
memos_medium:3260,0.15,correct,False
memos_medium:3262,0.1,correct,False
memos_medium:3264,0.4,hallucination,False
memos_medium:3265,0.15,correct,False
memos_medium:3270,0.55,hallucination,False
memos_medium:3271,0.15,correct,False
memos_medium:3272,0.15,hallucination,False
memos_medium:3275,0.15,correct,False
memos_medium:3277,0.4,correct,False
memos_medium:3279,0.1,correct,False
memos_medium:3280,0.18,hallucination,False
memos_medium:3281,0.15,hallucination,False
memos_medium:3283,0.35,hallucination,False
memos_medium:3284,0.15,correct,False
memos_medium:3287,0.15,correct,False
memos_medium:3288,0.15,correct,False
memos_medium:3289,0.35,hallucination,False
memos_medium:3290,0.15,hallucination,False
memos_medium:3292,0.35,hallucination,False
memos_medium:3294,0.15,correct,False
memos_medium:3295,0.35,correct,False
memos_medium:3296,0.35,correct,False
memos_medium:3297,0.1,correct,False
memos_medium:3300,0.35,correct,False
memos_medium:3301,0.0,hallucination,False
memos_medium:3306,0.1,correct,False
memos_medium:3307,0.15,correct,False
memos_medium:3310,0.1,correct,False
memos_medium:3311,0.4,hallucination,False
memos_medium:3314,0.15,correct,False
memos_medium:3315,0.25,hallucination,False
memos_medium:3316,0.1,correct,False
memos_medium:3318,0.15,correct,False
memos_medium:3319,0.15,correct,False
memos_medium:3320,0.35,correct,False
memos_medium:3321,0.1,correct,False
memos_medium:3323,0.65,correct,False
memos_medium:3325,0.25,hallucination,False
memos_medium:3327,0.15,correct,False
memos_medium:3328,0.2,hallucination,False
memos_medium:3331,0.15,correct,False
memos_medium:3332,0.18,correct,False
memos_medium:3333,0.25,correct,False
memos_medium:3334,0.25,omission,False
memos_medium:3339,0.05,correct,False
memos_medium:3340,0.1,correct,False
memos_medium:3344,0.35,hallucination,False
memos_medium:3345,0.18,correct,False
memos_medium:3347,0.18,correct,False
memos_medium:3349,0.0,hallucination,False
memos_medium:3350,0.18,hallucination,False
memos_medium:3356,0.35,hallucination,False
memos_medium:3357,0.1,correct,False
memos_medium:3359,0.15,hallucination,False
memos_medium:3360,0.1,correct,False
memos_medium:3363,0.15,correct,False
memos_medium:3364,0.15,correct,False
memos_medium:3365,0.15,omission,False
memos_medium:3367,0.15,correct,False
memos_medium:3371,0.1,correct,False
memos_medium:3372,0.1,correct,False
memos_medium:3373,0.1,correct,False
memos_medium:3377,0.15,hallucination,False
memos_medium:3381,0.25,correct,False
memos_medium:3382,0.2,hallucination,False
memos_medium:3383,0.15,correct,False
memos_medium:3384,0.15,correct,False
memos_medium:3385,0.15,correct,False
memos_medium:3386,0.18,correct,False
memos_medium:3387,0.15,hallucination,False
memos_medium:3388,0.1,omission,False
memos_medium:3390,0.1,correct,False
memos_medium:3391,0.15,hallucination,False
memos_medium:3392,0.2,correct,False
memos_medium:3394,0.25,hallucination,False
memos_medium:3395,0.35,correct,False
memos_medium:3396,0.15,correct,False
memos_medium:3397,0.2,correct,False
memos_medium:3398,0.15,correct,False
memos_medium:3399,0.4,correct,False
memos_medium:3401,0.35,correct,False
memos_medium:3402,0.35,correct,False
memos_medium:3403,0.1,correct,False
memos_medium:3405,0.4,omission,False
memos_medium:3406,0.35,hallucination,False
memos_medium:3407,0.4,correct,False
memos_medium:3408,0.0,correct,False
memos_medium:3409,0.18,correct,False
memos_medium:3412,0.1,correct,False
memos_medium:3413,0.15,correct,False
memos_medium:3415,0.4,correct,False
memos_medium:3418,0.1,correct,False
memos_medium:3421,0.05,correct,False
memos_medium:3422,0.1,hallucination,False
memos_medium:3423,0.2,hallucination,False
memos_medium:3424,0.2,correct,False
memos_medium:3433,0.35,correct,False
memos_medium:3434,0.85,omission,False
memos_medium:3435,0.1,hallucination,False
memos_medium:3436,0.35,correct,False
memos_medium:3437,0.18,hallucination,False
memos_medium:3438,0.15,hallucination,False
memos_medium:3439,0.15,correct,False
memos_medium:3440,0.2,correct,False
memos_medium:3441,0.05,hallucination,False
memos_medium:3442,0.1,correct,False
memos_medium:3443,0.15,hallucination,False
memos_medium:3444,0.1,correct,False
memos_medium:3448,0.4,correct,False
memos_medium:3449,0.45,hallucination,False
memos_medium:3450,0.1,hallucination,False
memos_medium:3451,0.1,correct,False
memos_medium:3452,0.05,correct,False
memos_medium:3454,0.05,correct,False
memos_medium:3455,0.1,correct,False
memos_medium:3459,0.25,correct,False
memos_medium:3461,0.18,hallucination,False
memos_medium:3462,0.15,hallucination,False
memos_medium:3463,0.28,omission,False
memos_medium:3465,0.25,correct,False
memos_medium:3466,0.15,correct,False
memos_medium:3467,0.2,hallucination,False
memos_long:2,0.1,correct,False
memos_long:3,0.35,hallucination,False
memos_long:4,0.45,correct,False
memos_long:5,0.35,correct,False
memos_long:6,0.45,correct,False
memos_long:8,0.4,correct,False
memos_long:9,0.35,hallucination,False
memos_long:10,0.15,correct,False
memos_long:12,0.15,correct,False
memos_long:17,0.15,hallucination,False
memos_long:19,0.1,hallucination,False
memos_long:20,0.1,correct,False
memos_long:23,0.1,correct,False
memos_long:24,0.35,hallucination,False
memos_long:25,0.4,omission,False
memos_long:27,0.35,omission,False
memos_long:31,0.1,correct,False
memos_long:33,0.85,hallucination,False
memos_long:36,0.18,correct,False
memos_long:38,0.25,hallucination,False
memos_long:39,0.45,correct,False
memos_long:40,0.4,correct,False
memos_long:41,0.1,correct,False
memos_long:42,0.15,correct,False
memos_long:44,0.05,correct,False
memos_long:45,0.15,correct,False
memos_long:46,0.2,correct,False
memos_long:47,0.35,correct,False
memos_long:49,0.15,omission,False
memos_long:50,0.2,hallucination,False
memos_long:51,0.15,correct,False
memos_long:52,0.15,correct,False
memos_long:53,0.18,omission,False
memos_long:56,0.1,correct,False
memos_long:57,0.1,correct,False
memos_long:58,0.18,hallucination,False
memos_long:61,0.1,correct,False
memos_long:62,0.1,correct,False
memos_long:63,0.15,correct,False
memos_long:64,0.15,correct,False
memos_long:65,0.2,correct,False
memos_long:66,0.35,correct,False
memos_long:67,0.55,correct,False
memos_long:68,0.15,hallucination,False
memos_long:69,0.1,correct,False
memos_long:70,0.25,omission,False
memos_long:77,0.15,hallucination,False
memos_long:79,0.15,correct,False
memos_long:80,0.05,correct,False
memos_long:81,0.15,correct,False
memos_long:84,0.25,correct,False
memos_long:85,0.4,hallucination,False
memos_long:86,0.95,correct,False
memos_long:88,0.2,hallucination,False
memos_long:89,0.0,correct,False
memos_long:90,0.05,correct,False
memos_long:94,0.25,correct,False
memos_long:95,0.45,correct,False
memos_long:96,0.18,hallucination,False
memos_long:97,0.15,hallucination,False
memos_long:104,0.1,correct,False
memos_long:105,0.1,correct,False
memos_long:106,0.15,correct,False
memos_long:109,0.4,correct,False
memos_long:110,0.4,correct,False
memos_long:112,0.25,correct,False
memos_long:113,0.1,correct,False
memos_long:114,0.18,correct,False
memos_long:115,0.15,hallucination,False
memos_long:117,0.1,correct,False
memos_long:119,0.25,hallucination,False
memos_long:120,0.2,hallucination,False
memos_long:121,0.05,correct,False
memos_long:123,0.35,correct,False
memos_long:124,0.15,omission,False
memos_long:125,0.4,hallucination,False
memos_long:127,0.45,omission,False
memos_long:128,0.75,hallucination,False
memos_long:131,0.25,omission,False
memos_long:132,0.2,correct,False
memos_long:133,0.15,correct,False
memos_long:134,0.15,correct,False
memos_long:135,0.15,correct,False
memos_long:136,0.2,correct,False
memos_long:137,0.1,correct,False
memos_long:138,0.15,correct,False
memos_long:141,0.15,correct,False
memos_long:145,0.15,correct,False
memos_long:146,0.1,correct,False
memos_long:148,0.1,correct,False
memos_long:151,0.1,hallucination,False
memos_long:152,0.35,omission,False
memos_long:153,0.15,correct,False
memos_long:155,0.05,correct,False
memos_long:156,0.1,correct,False
memos_long:157,0.1,correct,False
memos_long:161,0.4,correct,False
memos_long:162,0.35,correct,False
memos_long:163,0.18,correct,False
memos_long:166,0.9,correct,False
memos_long:167,0.4,correct,False
memos_long:168,0.15,hallucination,False
memos_long:171,0.1,correct,False
memos_long:173,0.1,correct,False
memos_long:174,0.05,correct,False
memos_long:176,0.1,correct,False
memos_long:177,0.4,correct,False
memos_long:179,0.35,omission,False
memos_long:181,0.45,hallucination,False
memos_long:182,0.35,hallucination,False
memos_long:184,0.55,correct,False
memos_long:185,0.4,omission,False
memos_long:186,0.55,correct,False
memos_long:189,0.35,correct,False
memos_long:190,0.4,hallucination,False
memos_long:193,0.4,correct,False
memos_long:194,0.15,hallucination,False
memos_long:195,0.45,hallucination,False
memos_long:196,0.05,correct,False
memos_long:197,0.1,omission,False
memos_long:198,0.1,correct,False
memos_long:199,0.15,correct,False
memos_long:200,0.1,hallucination,False
memos_long:201,0.1,correct,False
memos_long:204,0.25,correct,False
memos_long:205,0.1,correct,False
memos_long:206,0.25,correct,False
memos_long:207,0.35,omission,False
memos_long:208,0.85,omission,False
memos_long:209,0.2,correct,False
memos_long:210,0.35,correct,False
memos_long:211,0.18,correct,False
memos_long:214,0.1,hallucination,False
memos_long:216,0.2,correct,False
memos_long:220,0.25,hallucination,False
memos_long:222,0.18,correct,False
memos_long:224,0.55,hallucination,False
memos_long:226,0.15,correct,False
memos_long:227,0.15,correct,False
memos_long:228,0.35,omission,False
memos_long:229,0.15,correct,False
memos_long:230,0.18,hallucination,False
memos_long:231,0.15,correct,False
memos_long:233,0.45,correct,False
memos_long:234,0.15,correct,False
memos_long:235,0.2,hallucination,False
memos_long:238,0.15,correct,False
memos_long:239,0.18,correct,False
memos_long:240,0.15,hallucination,False
memos_long:241,0.1,correct,False
memos_long:243,0.15,correct,False
memos_long:244,0.05,correct,False
memos_long:245,0.2,omission,False
memos_long:246,0.05,correct,False
memos_long:248,0.18,correct,False
memos_long:250,0.1,correct,False
memos_long:252,0.3,hallucination,False
memos_long:253,0.18,correct,False
memos_long:254,0.25,omission,False
memos_long:255,0.45,hallucination,False
memos_long:256,0.18,correct,False
memos_long:260,0.1,correct,False
memos_long:262,0.1,correct,False
memos_long:263,0.15,correct,False
memos_long:264,0.15,correct,False
memos_long:265,0.1,correct,False
memos_long:267,0.45,correct,False
memos_long:268,0.1,correct,False
memos_long:269,0.15,correct,False
memos_long:270,0.15,correct,False
memos_long:273,0.15,correct,False
memos_long:280,0.15,correct,False
memos_long:282,0.25,hallucination,False
memos_long:283,0.15,hallucination,False
memos_long:284,0.15,hallucination,False
memos_long:286,0.35,hallucination,False
memos_long:287,0.1,correct,False
memos_long:288,0.15,hallucination,False
memos_long:290,0.1,correct,False
memos_long:293,0.18,omission,False
memos_long:294,0.35,correct,False
memos_long:295,0.2,correct,False
memos_long:299,0.18,hallucination,False
memos_long:303,0.18,correct,False
memos_long:307,0.2,correct,False
memos_long:308,0.2,correct,False
memos_long:309,0.05,correct,False
memos_long:310,0.35,omission,False
memos_long:311,0.45,correct,False
memos_long:312,0.4,correct,False
memos_long:313,0.25,correct,False
memos_long:314,0.35,correct,False
memos_long:317,0.25,correct,False
memos_long:319,0.45,correct,False
memos_long:320,0.25,correct,False
memos_long:321,0.18,correct,False
memos_long:323,0.15,correct,False
memos_long:324,0.45,omission,False
memos_long:325,0.25,omission,False
memos_long:331,0.15,hallucination,False
memos_long:332,0.15,hallucination,False
memos_long:333,0.15,hallucination,False
memos_long:334,0.0,correct,False
memos_long:335,0.05,correct,False
memos_long:336,0.15,correct,False
memos_long:337,0.75,correct,False
memos_long:339,0.18,correct,False
memos_long:341,0.15,correct,False
memos_long:342,0.1,correct,False
memos_long:344,0.15,correct,False
memos_long:345,0.2,correct,False
memos_long:348,0.45,hallucination,False
memos_long:352,0.4,correct,False
memos_long:359,0.05,correct,False
memos_long:360,0.05,correct,False
memos_long:362,0.2,correct,False
memos_long:365,0.75,omission,False
memos_long:366,0.4,omission,False
memos_long:367,0.35,correct,False
memos_long:368,0.4,hallucination,False
memos_long:370,0.45,hallucination,False
memos_long:371,0.1,correct,False
memos_long:375,0.18,correct,False
memos_long:378,0.2,correct,False
memos_long:379,0.05,correct,False
memos_long:383,0.35,hallucination,False
memos_long:386,0.1,correct,False
memos_long:388,0.25,correct,False
memos_long:389,0.2,correct,False
memos_long:390,0.18,hallucination,False
memos_long:392,0.1,correct,False
memos_long:395,0.15,correct,False
memos_long:397,0.4,correct,False
memos_long:398,0.15,omission,False
memos_long:399,0.15,correct,False
memos_long:403,0.35,correct,False
memos_long:407,0.2,correct,False
memos_long:408,0.4,hallucination,False
memos_long:409,0.15,correct,False
memos_long:410,0.2,correct,False
memos_long:412,0.1,correct,False
memos_long:413,0.25,hallucination,False
memos_long:414,0.15,correct,False
memos_long:416,0.4,hallucination,False
memos_long:420,0.15,correct,False
memos_long:423,0.1,correct,False
memos_long:424,0.2,correct,False
memos_long:425,0.15,hallucination,False
memos_long:426,0.35,correct,False
memos_long:427,0.35,correct,False
memos_long:431,0.15,hallucination,False
memos_long:432,0.05,correct,False
memos_long:433,0.1,omission,False
memos_long:434,0.4,correct,False
memos_long:437,0.4,correct,False
memos_long:438,0.1,hallucination,False
memos_long:439,0.25,correct,False
memos_long:442,0.15,hallucination,False
memos_long:443,0.1,correct,False
memos_long:444,0.1,correct,False
memos_long:446,0.2,correct,False
memos_long:447,0.25,correct,False
memos_long:448,0.25,correct,False
memos_long:449,0.1,correct,False
memos_long:452,0.18,correct,False
memos_long:453,0.4,hallucination,False
memos_long:455,0.2,hallucination,False
memos_long:461,0.18,correct,False
memos_long:462,0.18,hallucination,False
memos_long:463,0.18,correct,False
memos_long:464,0.18,hallucination,False
memos_long:465,0.1,correct,False
memos_long:467,0.1,correct,False
memos_long:468,0.05,correct,False
memos_long:469,0.25,correct,False
memos_long:470,0.1,correct,False
memos_long:471,0.2,correct,False
memos_long:473,0.15,hallucination,False
memos_long:474,0.85,correct,False
memos_long:475,0.1,correct,False
memos_long:476,0.4,hallucination,False
memos_long:477,0.25,hallucination,False
memos_long:478,0.1,hallucination,False
memos_long:481,0.1,correct,False
memos_long:482,0.25,hallucination,False
memos_long:483,0.4,hallucination,False
memos_long:484,0.2,correct,False
memos_long:485,0.25,correct,False
memos_long:486,0.15,hallucination,False
memos_long:487,0.4,correct,False
memos_long:488,0.4,correct,False
memos_long:490,0.15,correct,False
memos_long:491,0.15,hallucination,False
memos_long:492,0.1,correct,False
memos_long:493,0.15,correct,False
memos_long:494,0.1,correct,False
memos_long:497,0.25,hallucination,False
memos_long:498,0.05,correct,False
memos_long:499,0.1,correct,False
memos_long:500,0.1,correct,False
memos_long:502,0.15,correct,False
memos_long:503,0.15,correct,False
memos_long:505,0.15,correct,False
memos_long:506,0.15,correct,False
memos_long:510,0.15,hallucination,False
memos_long:516,0.15,correct,False
memos_long:517,0.35,correct,False
memos_long:518,0.15,correct,False
memos_long:519,0.4,correct,False
memos_long:521,0.05,correct,False
memos_long:523,0.05,correct,False
memos_long:524,0.2,correct,False
memos_long:527,0.9,correct,False
memos_long:531,0.4,correct,False
memos_long:532,0.05,correct,False
memos_long:533,0.35,correct,False
memos_long:534,0.35,correct,False
memos_long:535,0.45,hallucination,False
memos_long:538,0.15,correct,False
memos_long:539,0.35,hallucination,False
memos_long:540,0.2,hallucination,False
memos_long:541,0.18,correct,False
memos_long:542,0.15,correct,False
memos_long:549,0.4,hallucination,False
memos_long:550,0.1,correct,False
memos_long:551,0.05,correct,False
memos_long:552,0.15,correct,False
memos_long:555,0.15,correct,False
memos_long:557,0.18,correct,False
memos_long:558,0.2,hallucination,False
memos_long:559,0.15,hallucination,False
memos_long:560,0.4,correct,False
memos_long:562,0.4,omission,False
memos_long:563,0.1,correct,False
memos_long:566,0.1,correct,False
memos_long:567,0.15,hallucination,False
memos_long:568,0.25,correct,False
memos_long:569,0.05,correct,False
memos_long:571,0.05,correct,False
memos_long:572,0.15,hallucination,False
memos_long:573,0.1,correct,False
memos_long:574,0.15,correct,False
memos_long:575,0.15,correct,False
memos_long:576,0.15,correct,False
memos_long:577,0.35,hallucination,False
memos_long:579,0.05,correct,False
memos_long:580,0.25,correct,False
memos_long:581,0.1,correct,False
memos_long:582,0.1,correct,False
memos_long:583,0.35,correct,False
memos_long:585,0.05,correct,False
memos_long:587,0.35,omission,False
memos_long:588,0.25,correct,False
memos_long:589,0.35,correct,False
memos_long:590,0.35,hallucination,False
memos_long:591,0.15,correct,False
memos_long:598,0.15,correct,False
memos_long:599,0.2,hallucination,False
memos_long:600,0.45,hallucination,False
memos_long:601,0.15,hallucination,False
memos_long:604,0.15,correct,False
memos_long:606,0.18,hallucination,False
memos_long:607,0.05,correct,False
memos_long:608,0.1,hallucination,False
memos_long:610,0.4,hallucination,False
memos_long:611,0.2,correct,False
memos_long:612,0.25,correct,False
memos_long:615,0.45,correct,False
memos_long:616,0.35,correct,False
memos_long:617,0.4,correct,False
memos_long:618,0.55,hallucination,False
memos_long:619,0.15,correct,False
memos_long:620,0.25,correct,False
memos_long:621,0.05,correct,False
memos_long:623,0.15,correct,False
memos_long:624,0.15,correct,False
memos_long:627,0.1,correct,False
memos_long:628,0.4,correct,False
memos_long:629,0.1,correct,False
memos_long:631,0.18,correct,False
memos_long:632,0.18,correct,False
memos_long:633,0.1,correct,False
memos_long:634,0.05,correct,False
memos_long:637,0.35,correct,False
memos_long:638,0.25,correct,False
memos_long:639,0.35,correct,False
memos_long:642,0.25,correct,False
memos_long:644,0.2,correct,False
memos_long:645,0.05,correct,False
memos_long:647,0.15,correct,False
memos_long:648,0.4,correct,False
memos_long:650,0.35,correct,False
memos_long:651,0.4,correct,False
memos_long:652,0.15,correct,False
memos_long:653,0.25,omission,False
memos_long:654,0.25,correct,False
memos_long:657,0.1,correct,False
memos_long:659,0.15,correct,False
memos_long:661,0.15,hallucination,False
memos_long:664,0.15,correct,False
memos_long:665,0.15,correct,False
memos_long:666,0.1,correct,False
memos_long:667,0.35,hallucination,False
memos_long:668,0.15,hallucination,False
memos_long:669,0.15,correct,False
memos_long:670,0.35,hallucination,False
memos_long:674,0.15,correct,False
memos_long:675,0.1,correct,False
memos_long:676,0.1,correct,False
memos_long:677,0.4,hallucination,False
memos_long:678,0.4,correct,False
memos_long:680,0.25,correct,False
memos_long:681,0.15,hallucination,False
memos_long:684,0.15,correct,False
memos_long:688,0.2,correct,False
memos_long:689,0.1,correct,False
memos_long:690,0.15,correct,False
memos_long:693,0.15,hallucination,False
memos_long:696,0.18,correct,False
memos_long:697,0.35,hallucination,False
memos_long:699,0.35,correct,False
memos_long:702,0.35,correct,False
memos_long:708,0.1,correct,False
memos_long:712,0.1,correct,False
memos_long:713,0.05,correct,False
memos_long:715,0.15,correct,False
memos_long:716,0.35,correct,False
memos_long:717,0.75,correct,False
memos_long:718,0.45,hallucination,False
memos_long:719,0.25,hallucination,False
memos_long:720,0.1,correct,False
memos_long:721,0.45,hallucination,False
memos_long:722,0.1,correct,False
memos_long:723,0.1,correct,False
memos_long:724,0.28,correct,False
memos_long:725,0.25,hallucination,False
memos_long:726,0.35,correct,False
memos_long:729,0.15,correct,False
memos_long:731,0.05,correct,False
memos_long:733,0.1,correct,False
memos_long:734,0.15,correct,False
memos_long:735,0.35,correct,False
memos_long:738,0.15,correct,False
memos_long:739,0.2,correct,False
memos_long:742,0.1,correct,False
memos_long:744,0.1,correct,False
memos_long:745,0.18,correct,False
memos_long:746,0.18,hallucination,False
memos_long:747,0.4,hallucination,False
memos_long:748,0.18,correct,False
memos_long:749,0.1,correct,False
memos_long:750,0.55,hallucination,False
memos_long:751,0.2,correct,False
memos_long:752,0.35,correct,False
memos_long:754,0.15,correct,False
memos_long:756,0.1,correct,False
memos_long:757,0.05,correct,False
memos_long:759,0.18,correct,False
memos_long:760,0.1,correct,False
memos_long:763,0.15,correct,False
memos_long:765,0.35,hallucination,False
memos_long:766,0.18,correct,False
memos_long:768,0.55,hallucination,False
memos_long:771,0.55,correct,False
memos_long:772,0.2,omission,False
memos_long:773,0.15,correct,False
memos_long:774,0.1,correct,False
memos_long:775,0.0,correct,False
memos_long:778,0.1,correct,False
memos_long:779,0.2,correct,False
memos_long:782,0.1,omission,False
memos_long:784,0.35,correct,False
memos_long:786,0.25,correct,False
memos_long:788,0.15,correct,False
memos_long:789,0.35,hallucination,False
memos_long:790,0.35,omission,False
memos_long:791,0.15,correct,False
memos_long:792,0.15,correct,False
memos_long:794,0.05,correct,False
memos_long:798,0.15,correct,False
memos_long:799,0.1,correct,False
memos_long:801,0.4,correct,False
memos_long:802,0.15,correct,False
memos_long:803,0.2,correct,False
memos_long:804,0.25,correct,False
memos_long:806,0.2,hallucination,False
memos_long:807,0.45,omission,False
memos_long:808,0.15,omission,False
memos_long:809,0.4,correct,False
memos_long:812,0.1,correct,False
memos_long:813,0.25,correct,False
memos_long:817,0.2,correct,False
memos_long:819,0.0,omission,False
memos_long:822,0.15,correct,False
memos_long:824,0.15,correct,False
memos_long:825,0.05,correct,False
memos_long:828,0.25,hallucination,False
memos_long:829,0.15,hallucination,False
memos_long:830,0.15,correct,False
memos_long:831,0.15,correct,False
memos_long:834,0.35,hallucination,False
memos_long:835,0.2,correct,False
memos_long:837,0.1,correct,False
memos_long:838,0.15,correct,False
memos_long:839,0.4,hallucination,False
memos_long:842,0.25,correct,False
memos_long:843,0.1,correct,False
memos_long:844,0.15,correct,False
memos_long:845,0.35,correct,False
memos_long:847,0.35,correct,False
memos_long:852,0.15,correct,False
memos_long:853,0.15,correct,False
memos_long:855,0.4,correct,False
memos_long:859,0.1,correct,False
memos_long:860,0.1,correct,False
memos_long:861,0.2,correct,False
memos_long:862,0.15,hallucination,False
memos_long:863,0.35,correct,False
memos_long:864,0.18,correct,False
memos_long:865,0.2,correct,False
memos_long:866,0.2,correct,False
memos_long:867,0.1,correct,False
memos_long:868,0.15,correct,False
memos_long:869,0.15,correct,False
memos_long:870,0.18,hallucination,False
memos_long:871,0.15,hallucination,False
memos_long:872,0.15,correct,False
memos_long:873,0.15,hallucination,False
memos_long:876,0.35,correct,False
memos_long:878,0.15,correct,False
memos_long:879,0.15,correct,False
memos_long:880,0.2,correct,False
memos_long:887,0.0,correct,False
memos_long:888,0.05,correct,False
memos_long:891,0.45,hallucination,False
memos_long:892,0.15,correct,False
memos_long:894,0.1,correct,False
memos_long:896,0.15,correct,False
memos_long:897,0.1,correct,False
memos_long:898,0.1,correct,False
memos_long:899,0.1,correct,False
memos_long:900,0.4,correct,False
memos_long:901,0.05,correct,False
memos_long:903,0.15,correct,False
memos_long:904,0.1,correct,False
memos_long:905,0.05,correct,False
memos_long:906,0.1,correct,False
memos_long:907,0.1,correct,False
memos_long:908,0.85,hallucination,False
memos_long:910,0.35,hallucination,False
memos_long:912,0.45,correct,False
memos_long:913,0.25,hallucination,False
memos_long:914,0.18,hallucination,False
memos_long:916,0.18,correct,False
memos_long:917,0.4,correct,False
memos_long:919,0.2,hallucination,False
memos_long:922,0.4,omission,False
memos_long:923,0.15,correct,False
memos_long:924,0.18,correct,False
memos_long:926,0.15,correct,False
memos_long:933,0.15,correct,False
memos_long:934,0.4,correct,False
memos_long:938,0.1,correct,False
memos_long:940,0.15,hallucination,False
memos_long:941,0.15,correct,False
memos_long:942,0.35,correct,False
memos_long:943,0.15,correct,False
memos_long:944,0.05,correct,False
memos_long:945,0.2,correct,False
memos_long:947,0.15,correct,False
memos_long:948,0.35,correct,False
memos_long:956,0.15,correct,False
memos_long:958,0.15,hallucination,False
memos_long:959,0.1,correct,False
memos_long:960,0.2,correct,False
memos_long:961,0.15,hallucination,False
memos_long:962,0.35,correct,False
memos_long:964,0.35,hallucination,False
memos_long:965,0.05,correct,False
memos_long:967,0.15,correct,False
memos_long:968,0.85,hallucination,False
memos_long:969,0.35,correct,False
memos_long:970,0.1,correct,False
memos_long:971,0.2,correct,False
memos_long:972,0.15,correct,False
memos_long:973,0.4,correct,False
memos_long:974,0.15,correct,False
memos_long:975,0.15,hallucination,False
memos_long:979,0.18,correct,False
memos_long:981,0.35,correct,False
memos_long:986,0.2,correct,False
memos_long:988,0.15,correct,False
memos_long:989,0.1,correct,False
memos_long:991,0.18,correct,False
memos_long:992,0.15,correct,False
memos_long:994,0.35,hallucination,False
memos_long:995,0.35,hallucination,False
memos_long:1001,0.05,correct,False
memos_long:1003,0.15,correct,False
memos_long:1004,0.15,hallucination,False
memos_long:1005,0.15,correct,False
memos_long:1006,0.15,correct,False
memos_long:1007,0.85,correct,False
memos_long:1010,0.1,hallucination,False
memos_long:1013,0.9,omission,False
memos_long:1015,0.05,hallucination,False
memos_long:1019,0.15,hallucination,False
memos_long:1024,0.15,hallucination,False
memos_long:1026,0.05,correct,False
memos_long:1027,0.1,correct,False
memos_long:1028,0.18,hallucination,False
memos_long:1030,0.25,hallucination,False
memos_long:1032,0.15,correct,False
memos_long:1033,0.15,correct,False
memos_long:1035,0.15,correct,False
memos_long:1036,0.15,correct,False
memos_long:1037,0.18,correct,False
memos_long:1038,0.1,correct,False
memos_long:1039,0.25,correct,False
memos_long:1040,0.2,correct,False
memos_long:1041,0.35,correct,False
memos_long:1045,0.05,correct,False
memos_long:1050,0.05,correct,False
memos_long:1053,0.05,correct,False
memos_long:1056,0.1,correct,False
memos_long:1058,0.15,correct,False
memos_long:1060,0.4,correct,False
memos_long:1061,0.15,correct,False
memos_long:1063,0.25,correct,False
memos_long:1064,0.05,correct,False
memos_long:1065,0.1,correct,False
memos_long:1070,0.15,correct,False
memos_long:1071,0.45,correct,False
memos_long:1083,0.6,hallucination,False
memos_long:1084,0.4,correct,False
memos_long:1085,0.4,omission,False
memos_long:1086,0.1,correct,False
memos_long:1087,0.1,correct,False
memos_long:1088,0.25,correct,False
memos_long:1092,0.1,correct,False
memos_long:1093,0.15,correct,False
memos_long:1094,0.2,correct,False
memos_long:1098,0.1,correct,False
memos_long:1099,0.15,correct,False
memos_long:1102,0.15,correct,False
memos_long:1104,0.15,correct,False
memos_long:1105,0.55,correct,False
memos_long:1108,0.15,hallucination,False
memos_long:1109,0.18,correct,False
memos_long:1110,0.15,correct,False
memos_long:1111,0.45,hallucination,False
memos_long:1112,0.15,correct,False
memos_long:1113,0.15,correct,False
memos_long:1115,0.15,correct,False
memos_long:1116,0.15,correct,False
memos_long:1118,0.2,hallucination,False
memos_long:1123,0.35,hallucination,False
memos_long:1125,0.1,correct,False
memos_long:1126,0.1,correct,False
memos_long:1129,0.1,correct,False
memos_long:1133,0.15,correct,False
memos_long:1134,0.4,correct,False
memos_long:1136,0.1,correct,False
memos_long:1137,0.15,hallucination,False
memos_long:1139,0.25,correct,False
memos_long:1141,0.15,correct,False
memos_long:1144,0.45,correct,False
memos_long:1147,0.18,omission,False
memos_long:1149,0.55,hallucination,False
memos_long:1150,0.45,hallucination,False
memos_long:1151,0.4,hallucination,False
memos_long:1153,0.15,correct,False
memos_long:1154,0.35,correct,False
memos_long:1156,0.05,correct,False
memos_long:1159,0.25,correct,False
memos_long:1160,0.15,correct,False
memos_long:1161,0.15,correct,False
memos_long:1170,0.2,hallucination,False
memos_long:1172,0.15,correct,False
memos_long:1173,0.25,correct,False
memos_long:1174,0.15,correct,False
memos_long:1175,0.18,hallucination,False
memos_long:1176,0.35,hallucination,False
memos_long:1178,0.0,hallucination,False
memos_long:1183,0.1,correct,False
memos_long:1184,0.1,correct,False
memos_long:1185,0.15,hallucination,False
memos_long:1191,0.55,hallucination,False
memos_long:1192,0.1,correct,False
memos_long:1193,0.18,correct,False
memos_long:1194,0.05,correct,False
memos_long:1196,0.15,correct,False
memos_long:1197,0.1,correct,False
memos_long:1202,0.15,hallucination,False
memos_long:1212,0.35,hallucination,False
memos_long:1213,0.25,correct,False
memos_long:1215,0.15,hallucination,False
memos_long:1217,0.15,correct,False
memos_long:1219,0.4,hallucination,False
memos_long:1220,0.1,correct,False
memos_long:1221,0.1,correct,False
memos_long:1222,0.15,hallucination,False
memos_long:1226,0.25,correct,False
memos_long:1231,0.2,hallucination,False
memos_long:1232,0.25,hallucination,False
memos_long:1233,0.15,correct,False
memos_long:1236,0.05,correct,False
memos_long:1237,0.15,hallucination,False
memos_long:1238,0.35,correct,False
memos_long:1243,0.15,correct,False
memos_long:1245,0.7,hallucination,False
memos_long:1246,0.2,correct,False
memos_long:1248,0.4,hallucination,False
memos_long:1249,0.75,hallucination,False
memos_long:1257,0.35,hallucination,False
memos_long:1258,0.05,correct,False
memos_long:1260,0.15,correct,False
memos_long:1262,0.4,hallucination,False
memos_long:1264,0.25,omission,False
memos_long:1266,0.2,omission,False
memos_long:1267,0.4,correct,False
memos_long:1269,0.1,correct,False
memos_long:1270,0.1,correct,False
memos_long:1271,0.4,hallucination,False
memos_long:1272,0.45,correct,False
memos_long:1273,0.2,correct,False
memos_long:1275,0.18,hallucination,False
memos_long:1276,0.15,hallucination,False
memos_long:1277,0.25,correct,False
memos_long:1278,0.15,correct,False
memos_long:1279,0.15,correct,False
memos_long:1280,0.4,hallucination,False
memos_long:1281,0.15,correct,False
memos_long:1282,0.15,hallucination,False
memos_long:1286,0.15,correct,False
memos_long:1287,0.35,correct,False
memos_long:1288,0.4,hallucination,False
memos_long:1289,0.35,correct,False
memos_long:1290,0.1,correct,False
memos_long:1292,0.2,correct,False
memos_long:1294,0.35,correct,False
memos_long:1295,0.1,correct,False
memos_long:1296,0.05,correct,False
memos_long:1297,0.15,correct,False
memos_long:1298,0.35,hallucination,False
memos_long:1304,0.25,hallucination,False
memos_long:1306,0.15,correct,False
memos_long:1307,0.1,correct,False
memos_long:1309,0.1,correct,False
memos_long:1310,0.05,correct,False
memos_long:1311,0.1,correct,False
memos_long:1313,0.35,hallucination,False
memos_long:1314,0.2,correct,False
memos_long:1315,0.15,correct,False
memos_long:1316,0.15,hallucination,False
memos_long:1318,0.15,correct,False
memos_long:1319,0.2,hallucination,False
memos_long:1323,0.1,correct,False
memos_long:1324,0.35,hallucination,False
memos_long:1325,0.15,correct,False
memos_long:1326,0.1,correct,False
memos_long:1327,0.45,correct,False
memos_long:1328,0.4,correct,False
memos_long:1329,0.1,correct,False
memos_long:1330,0.05,correct,False
memos_long:1332,0.35,correct,False
memos_long:1334,0.25,correct,False
memos_long:1337,0.1,correct,False
memos_long:1338,0.1,correct,False
memos_long:1340,0.15,correct,False
memos_long:1341,0.2,correct,False
memos_long:1342,0.05,correct,False
memos_long:1343,0.18,hallucination,False
memos_long:1346,0.15,correct,False
memos_long:1348,0.15,hallucination,False
memos_long:1350,0.1,hallucination,False
memos_long:1353,0.1,correct,False
memos_long:1357,0.9,correct,False
memos_long:1358,0.15,correct,False
memos_long:1360,0.15,hallucination,False
memos_long:1361,0.25,hallucination,False
memos_long:1362,0.15,correct,False
memos_long:1364,0.25,correct,False
memos_long:1365,0.25,hallucination,False
memos_long:1368,0.25,correct,False
memos_long:1370,0.25,hallucination,False
memos_long:1371,0.05,correct,False
memos_long:1373,0.25,hallucination,False
memos_long:1374,0.15,hallucination,False
memos_long:1378,0.35,correct,False
memos_long:1379,0.15,correct,False
memos_long:1380,0.15,hallucination,False
memos_long:1381,0.1,correct,False
memos_long:1385,0.15,correct,False
memos_long:1386,0.15,correct,False
memos_long:1390,0.35,hallucination,False
memos_long:1395,0.35,hallucination,False
memos_long:1397,0.15,correct,False
memos_long:1398,0.18,correct,False
memos_long:1401,0.2,hallucination,False
memos_long:1402,0.1,correct,False
memos_long:1403,0.05,correct,False
memos_long:1404,0.0,hallucination,False
memos_long:1405,0.1,omission,False
memos_long:1406,0.4,omission,False
memos_long:1407,0.35,hallucination,False
memos_long:1409,0.4,omission,False
memos_long:1410,0.05,correct,False
memos_long:1412,0.2,correct,False
memos_long:1414,0.15,correct,False
memos_long:1416,0.1,hallucination,False
memos_long:1417,0.15,correct,False
memos_long:1419,0.55,correct,False
memos_long:1420,0.15,hallucination,False
memos_long:1421,0.05,correct,False
memos_long:1422,0.35,hallucination,False
memos_long:1425,0.4,hallucination,False
memos_long:1426,0.4,correct,False
memos_long:1427,0.25,correct,False
memos_long:1428,0.18,hallucination,False
memos_long:1429,0.18,hallucination,False
memos_long:1430,0.2,correct,False
memos_long:1434,0.1,correct,False
memos_long:1435,0.1,correct,False
memos_long:1436,0.1,correct,False
memos_long:1437,0.15,correct,False
memos_long:1438,0.15,correct,False
memos_long:1440,0.05,correct,False
memos_long:1444,0.15,omission,False
memos_long:1446,0.25,hallucination,False
memos_long:1447,0.15,correct,False
memos_long:1451,0.35,omission,False
memos_long:1452,0.1,correct,False
memos_long:1454,0.05,correct,False
memos_long:1455,0.05,hallucination,False
memos_long:1456,0.05,correct,False
memos_long:1458,0.1,correct,False
memos_long:1459,0.45,hallucination,False
memos_long:1461,0.1,correct,False
memos_long:1462,0.1,correct,False
memos_long:1463,0.35,hallucination,False
memos_long:1464,0.1,correct,False
memos_long:1465,0.35,correct,False
memos_long:1466,0.2,correct,False
memos_long:1468,0.25,hallucination,False
memos_long:1469,0.65,correct,False
memos_long:1470,0.15,hallucination,False
memos_long:1471,0.35,hallucination,False
memos_long:1472,0.15,hallucination,False
memos_long:1473,0.2,correct,False
memos_long:1474,0.2,correct,False
memos_long:1475,0.2,correct,False
memos_long:1477,0.35,correct,False
memos_long:1479,0.15,correct,False
memos_long:1480,0.15,correct,False
memos_long:1484,0.1,omission,False
memos_long:1485,0.1,hallucination,False
memos_long:1487,0.15,correct,False
memos_long:1488,0.4,correct,False
memos_long:1489,0.15,correct,False
memos_long:1494,0.85,omission,False
memos_long:1496,0.35,correct,False
memos_long:1499,0.1,correct,False
memos_long:1500,0.15,correct,False
memos_long:1501,0.18,correct,False
memos_long:1502,0.35,hallucination,False
memos_long:1503,0.18,correct,False
memos_long:1505,0.05,correct,False
memos_long:1506,0.35,correct,False
memos_long:1507,0.1,correct,False
memos_long:1508,0.05,correct,False
memos_long:1511,0.15,omission,False
memos_long:1512,0.4,hallucination,False
memos_long:1515,0.4,correct,False
memos_long:1516,0.25,correct,False
memos_long:1518,0.05,correct,False
memos_long:1519,0.05,correct,False
memos_long:1520,0.15,hallucination,False
memos_long:1521,0.25,correct,False
memos_long:1523,0.15,correct,False
memos_long:1525,0.18,correct,False
memos_long:1526,0.15,correct,False
memos_long:1528,0.35,hallucination,False
memos_long:1530,0.1,hallucination,False
memos_long:1531,0.35,hallucination,False
memos_long:1532,0.05,correct,False
memos_long:1533,0.05,correct,False
memos_long:1535,0.1,correct,False
memos_long:1536,0.05,correct,False
memos_long:1538,0.15,correct,False
memos_long:1540,0.35,omission,False
memos_long:1541,0.15,correct,False
memos_long:1546,0.35,omission,False
memos_long:1547,0.25,hallucination,False
memos_long:1548,0.4,correct,False
memos_long:1549,0.15,correct,False
memos_long:1550,0.4,correct,False
memos_long:1551,0.15,correct,False
memos_long:1552,0.1,correct,False
memos_long:1553,0.15,correct,False
memos_long:1554,0.05,correct,False
memos_long:1555,0.15,correct,False
memos_long:1556,0.1,correct,False
memos_long:1557,0.1,correct,False
memos_long:1559,0.1,correct,False
memos_long:1561,0.15,correct,False
memos_long:1562,0.15,correct,False
memos_long:1568,0.2,correct,False
memos_long:1569,0.1,correct,False
memos_long:1571,0.15,correct,False
memos_long:1572,0.15,correct,False
memos_long:1573,0.18,correct,False
memos_long:1574,0.15,hallucination,False
memos_long:1575,0.15,hallucination,False
memos_long:1577,0.15,correct,False
memos_long:1580,0.05,correct,False
memos_long:1584,0.05,correct,False
memos_long:1586,0.1,omission,False
memos_long:1587,0.1,correct,False
memos_long:1588,0.15,correct,False
memos_long:1590,0.15,hallucination,False
memos_long:1591,0.15,correct,False
memos_long:1593,0.85,correct,False
memos_long:1594,0.75,omission,False
memos_long:1595,0.15,hallucination,False
memos_long:1597,0.15,correct,False
memos_long:1598,0.35,correct,False
memos_long:1599,0.15,correct,False
memos_long:1602,0.4,correct,False
memos_long:1604,0.25,correct,False
memos_long:1605,0.1,hallucination,False
memos_long:1607,0.15,correct,False
memos_long:1608,0.15,hallucination,False
memos_long:1611,0.35,hallucination,False
memos_long:1619,0.4,correct,False
memos_long:1620,0.2,correct,False
memos_long:1621,0.25,correct,False
memos_long:1622,0.15,hallucination,False
memos_long:1624,0.15,correct,False
memos_long:1625,0.2,hallucination,False
memos_long:1626,0.4,correct,False
memos_long:1628,0.05,correct,False
memos_long:1629,0.2,hallucination,False
memos_long:1630,0.15,correct,False
memos_long:1631,0.15,correct,False
memos_long:1632,0.15,correct,False
memos_long:1633,0.15,correct,False
memos_long:1641,0.15,omission,False
memos_long:1642,0.1,correct,False
memos_long:1643,0.18,correct,False
memos_long:1645,0.15,correct,False
memos_long:1646,0.9,correct,False
memos_long:1647,0.1,correct,False
memos_long:1649,0.15,hallucination,False
memos_long:1650,0.4,correct,False
memos_long:1651,0.1,correct,False
memos_long:1652,0.05,correct,False
memos_long:1654,0.45,hallucination,False
memos_long:1655,0.25,correct,False
memos_long:1659,0.0,correct,False
memos_long:1662,0.45,correct,False
memos_long:1664,0.85,hallucination,False
memos_long:1665,0.4,correct,False
memos_long:1667,0.1,correct,False
memos_long:1668,0.1,correct,False
memos_long:1669,0.1,correct,False
memos_long:1670,0.25,correct,False
memos_long:1671,0.1,correct,False
memos_long:1672,0.1,correct,False
memos_long:1674,0.2,hallucination,False
memos_long:1675,0.15,correct,False
memos_long:1676,0.1,correct,False
memos_long:1682,0.05,correct,False
memos_long:1683,0.35,hallucination,False
memos_long:1685,0.4,omission,False
memos_long:1686,0.25,correct,False
memos_long:1688,0.1,correct,False
memos_long:1689,0.2,correct,False
memos_long:1693,0.15,hallucination,False
memos_long:1695,0.1,hallucination,False
memos_long:1699,0.2,hallucination,False
memos_long:1701,0.15,correct,False
memos_long:1702,0.15,correct,False
memos_long:1703,0.15,correct,False
memos_long:1704,0.15,hallucination,False
memos_long:1706,0.4,correct,False
memos_long:1707,0.1,correct,False
memos_long:1708,0.15,hallucination,False
memos_long:1709,0.4,correct,False
memos_long:1710,0.45,hallucination,False
memos_long:1712,0.15,correct,False
memos_long:1713,0.35,hallucination,False
memos_long:1716,0.1,correct,False
memos_long:1718,0.1,correct,False
memos_long:1719,0.05,correct,False
memos_long:1721,0.1,hallucination,False
memos_long:1722,0.05,correct,False
memos_long:1723,0.15,correct,False
memos_long:1725,0.05,hallucination,False
memos_long:1726,0.1,correct,False
memos_long:1727,0.1,correct,False
memos_long:1728,0.85,hallucination,False
memos_long:1730,0.1,correct,False
memos_long:1732,0.15,correct,False
memos_long:1733,0.35,hallucination,False
memos_long:1734,0.35,hallucination,False
memos_long:1735,0.15,correct,False
memos_long:1736,0.2,correct,False
memos_long:1742,0.2,omission,False
memos_long:1743,0.35,correct,False
memos_long:1745,0.25,correct,False
memos_long:1746,0.1,correct,False
memos_long:1747,0.2,hallucination,False
memos_long:1748,0.25,correct,False
memos_long:1752,0.25,hallucination,False
memos_long:1753,0.15,correct,False
memos_long:1754,0.05,correct,False
memos_long:1756,0.18,hallucination,False
memos_long:1757,0.15,omission,False
memos_long:1758,0.1,correct,False
memos_long:1759,0.1,correct,False
memos_long:1760,0.15,correct,False
memos_long:1761,0.15,hallucination,False
memos_long:1762,0.35,hallucination,False
memos_long:1763,0.1,correct,False
memos_long:1765,0.1,correct,False
memos_long:1766,0.1,correct,False
memos_long:1770,0.15,hallucination,False
memos_long:1772,0.15,correct,False
memos_long:1773,0.15,hallucination,False
memos_long:1775,0.15,correct,False
memos_long:1776,0.15,correct,False
memos_long:1777,0.45,correct,False
memos_long:1778,0.15,correct,False
memos_long:1779,0.1,correct,False
memos_long:1783,0.15,correct,False
memos_long:1784,0.25,correct,False
memos_long:1786,0.2,hallucination,False
memos_long:1787,0.15,correct,False
memos_long:1789,0.15,correct,False
memos_long:1790,0.15,correct,False
memos_long:1791,0.1,correct,False
memos_long:1793,0.15,hallucination,False
memos_long:1795,0.0,omission,False
memos_long:1796,0.4,correct,False
memos_long:1797,0.1,correct,False
memos_long:1798,0.2,correct,False
memos_long:1801,0.05,correct,False
memos_long:1802,0.1,correct,False
memos_long:1803,0.18,hallucination,False
memos_long:1804,0.35,correct,False
memos_long:1805,0.35,correct,False
memos_long:1806,0.2,hallucination,False
memos_long:1807,0.05,correct,False
memos_long:1810,0.15,correct,False
memos_long:1811,0.15,hallucination,False
memos_long:1812,0.35,hallucination,False
memos_long:1815,0.18,hallucination,False
memos_long:1817,0.2,correct,False
memos_long:1820,0.35,hallucination,False
memos_long:1823,0.1,correct,False
memos_long:1824,0.15,correct,False
memos_long:1827,0.15,correct,False
memos_long:1828,0.15,correct,False
memos_long:1829,0.15,correct,False
memos_long:1831,0.15,correct,False
memos_long:1832,0.35,correct,False
memos_long:1833,0.2,hallucination,False
memos_long:1834,0.15,correct,False
memos_long:1835,0.1,correct,False
memos_long:1837,0.1,correct,False
memos_long:1839,0.25,correct,False
memos_long:1842,0.15,correct,False
memos_long:1843,0.15,correct,False
memos_long:1847,0.15,correct,False
memos_long:1848,0.1,correct,False
memos_long:1850,0.1,correct,False
memos_long:1851,0.15,correct,False
memos_long:1852,0.25,hallucination,False
memos_long:1854,0.15,correct,False
memos_long:1855,0.15,correct,False
memos_long:1857,0.1,correct,False
memos_long:1858,0.1,correct,False
memos_long:1859,0.2,hallucination,False
memos_long:1861,0.15,correct,False
memos_long:1865,0.18,omission,False
memos_long:1866,0.1,omission,False
memos_long:1867,0.05,correct,False
memos_long:1868,0.15,correct,False
memos_long:1869,0.15,correct,False
memos_long:1872,0.25,correct,False
memos_long:1873,0.15,correct,False
memos_long:1874,0.15,correct,False
memos_long:1875,0.18,hallucination,False
memos_long:1878,0.35,omission,False
memos_long:1879,0.15,hallucination,False
memos_long:1880,0.45,hallucination,False
memos_long:1881,0.18,correct,False
memos_long:1882,0.35,hallucination,False
memos_long:1883,0.4,hallucination,False
memos_long:1886,0.1,correct,False
memos_long:1887,0.05,correct,False
memos_long:1889,0.15,correct,False
memos_long:1891,0.25,hallucination,False
memos_long:1892,0.05,correct,False
memos_long:1893,0.15,omission,False
memos_long:1894,0.4,correct,False
memos_long:1895,0.18,hallucination,False
memos_long:1896,0.35,omission,False
memos_long:1897,0.2,correct,False
memos_long:1902,0.1,correct,False
memos_long:1905,0.1,omission,False
memos_long:1910,0.18,hallucination,False
memos_long:1911,0.35,correct,False
memos_long:1912,0.1,correct,False
memos_long:1913,0.2,hallucination,False
memos_long:1914,0.35,hallucination,False
memos_long:1915,0.2,correct,False
memos_long:1920,0.35,omission,False
memos_long:1921,0.1,correct,False
memos_long:1922,0.15,correct,False
memos_long:1923,0.05,correct,False
memos_long:1924,0.1,correct,False
memos_long:1925,0.1,correct,False
memos_long:1926,0.4,correct,False
memos_long:1927,0.15,correct,False
memos_long:1928,0.1,correct,False
memos_long:1929,0.55,omission,False
memos_long:1930,0.18,correct,False
memos_long:1931,0.15,correct,False
memos_long:1932,0.45,omission,False
memos_long:1933,0.25,correct,False
memos_long:1934,0.25,hallucination,False
memos_long:1935,0.25,correct,False
memos_long:1938,0.15,hallucination,False
memos_long:1939,0.1,correct,False
memos_long:1940,0.1,correct,False
memos_long:1942,0.2,hallucination,False
memos_long:1943,0.05,correct,False
memos_long:1945,0.15,correct,False
memos_long:1946,0.2,hallucination,False
memos_long:1947,0.35,correct,False
memos_long:1949,0.85,omission,False
memos_long:1952,0.1,correct,False
memos_long:1955,0.4,correct,False
memos_long:1956,0.1,correct,False
memos_long:1958,0.1,correct,False
memos_long:1960,0.4,correct,False
memos_long:1963,0.35,hallucination,False
memos_long:1964,0.15,hallucination,False
memos_long:1965,0.1,correct,False
memos_long:1966,0.1,correct,False
memos_long:1967,0.05,correct,False
memos_long:1968,0.2,correct,False
memos_long:1969,0.15,correct,False
memos_long:1970,0.15,omission,False
memos_long:1971,0.18,correct,False
memos_long:1972,0.2,correct,False
memos_long:1974,0.25,correct,False
memos_long:1975,0.25,correct,False
memos_long:1976,0.15,hallucination,False
memos_long:1977,0.15,correct,False
memos_long:1980,0.18,hallucination,False
memos_long:1981,0.2,correct,False
memos_long:1982,0.15,correct,False
memos_long:1983,0.05,correct,False
memos_long:1984,0.18,omission,False
memos_long:1985,0.25,hallucination,False
memos_long:1986,0.2,correct,False
memos_long:1987,0.15,correct,False
memos_long:1997,0.25,omission,False
memos_long:1998,0.15,omission,False
memos_long:2000,0.1,omission,False
memos_long:2002,0.45,omission,False
memos_long:2003,0.18,correct,False
memos_long:2004,0.18,omission,False
memos_long:2007,0.35,correct,False
memos_long:2008,0.35,correct,False
memos_long:2009,0.2,hallucination,False
memos_long:2010,0.15,correct,False
memos_long:2014,0.4,correct,False
memos_long:2015,0.15,correct,False
memos_long:2016,0.1,correct,False
memos_long:2017,0.45,hallucination,False
memos_long:2019,0.1,correct,False
memos_long:2021,0.18,hallucination,False
memos_long:2022,0.1,correct,False
memos_long:2023,0.15,hallucination,False
memos_long:2024,0.45,correct,False
memos_long:2025,0.2,correct,False
memos_long:2027,0.15,correct,False
memos_long:2028,0.1,correct,False
memos_long:2032,0.15,correct,False
memos_long:2033,0.1,correct,False
memos_long:2036,0.05,correct,False
memos_long:2037,0.1,correct,False
memos_long:2038,0.35,correct,False
memos_long:2039,0.55,correct,False
memos_long:2047,0.15,hallucination,False
memos_long:2048,0.25,correct,False
memos_long:2049,0.25,correct,False
memos_long:2050,0.2,correct,False
memos_long:2053,0.4,correct,False
memos_long:2054,0.4,hallucination,False
memos_long:2056,0.4,omission,False
memos_long:2057,0.15,hallucination,False
memos_long:2061,0.05,correct,False
memos_long:2062,0.1,correct,False
memos_long:2063,0.15,correct,False
memos_long:2066,0.1,correct,False
memos_long:2067,0.05,correct,False
memos_long:2068,0.15,correct,False
memos_long:2070,0.35,hallucination,False
memos_long:2071,0.4,correct,False
memos_long:2074,0.15,correct,False
memos_long:2076,0.18,correct,False
memos_long:2079,0.05,correct,False
memos_long:2086,0.1,correct,False
memos_long:2090,0.35,hallucination,False
memos_long:2091,0.25,correct,False
memos_long:2093,0.15,correct,False
memos_long:2094,0.15,hallucination,False
memos_long:2095,0.4,correct,False
memos_long:2098,0.15,correct,False
memos_long:2102,0.1,correct,False
memos_long:2104,0.15,correct,False
memos_long:2106,0.25,hallucination,False
memos_long:2107,0.05,correct,False
memos_long:2108,0.15,correct,False
memos_long:2110,0.15,correct,False
memos_long:2111,0.15,hallucination,False
memos_long:2113,0.15,hallucination,False
memos_long:2115,0.35,correct,False
memos_long:2116,0.1,correct,False
memos_long:2117,0.1,correct,False
memos_long:2118,0.25,hallucination,False
memos_long:2119,0.18,omission,False
memos_long:2120,0.15,hallucination,False
memos_long:2121,0.18,correct,False
memos_long:2122,0.15,hallucination,False
memos_long:2126,0.4,hallucination,False
memos_long:2127,0.35,hallucination,False
memos_long:2128,0.2,hallucination,False
memos_long:2130,0.1,correct,False
memos_long:2131,0.15,omission,False
memos_long:2133,0.25,hallucination,False
memos_long:2134,0.45,correct,False
memos_long:2136,0.25,correct,False
memos_long:2138,0.05,correct,False
memos_long:2139,0.15,correct,False
memos_long:2143,0.55,hallucination,False
memos_long:2144,0.15,correct,False
memos_long:2146,0.15,correct,False
memos_long:2148,0.15,correct,False
memos_long:2151,0.35,correct,False
memos_long:2152,0.45,hallucination,False
memos_long:2153,0.35,hallucination,False
memos_long:2154,0.0,omission,False
memos_long:2156,0.7,hallucination,False
memos_long:2157,0.15,correct,False
memos_long:2158,0.15,correct,False
memos_long:2160,0.15,correct,False
memos_long:2163,0.05,correct,False
memos_long:2164,0.1,correct,False
memos_long:2166,0.1,correct,False
memos_long:2167,0.15,correct,False
memos_long:2169,0.15,hallucination,False
memos_long:2172,0.25,correct,False
memos_long:2173,0.18,omission,False
memos_long:2174,0.15,hallucination,False
memos_long:2176,0.0,hallucination,False
memos_long:2177,0.1,correct,False
memos_long:2179,0.45,hallucination,False
memos_long:2181,0.05,correct,False
memos_long:2182,0.1,correct,False
memos_long:2183,0.9,omission,False
memos_long:2184,0.05,correct,False
memos_long:2189,0.18,hallucination,False
memos_long:2190,0.25,correct,False
memos_long:2194,0.25,hallucination,False
memos_long:2196,0.2,hallucination,False
memos_long:2197,0.15,correct,False
memos_long:2201,0.1,correct,False
memos_long:2202,0.35,hallucination,False
memos_long:2203,0.2,correct,False
memos_long:2204,0.1,correct,False
memos_long:2205,0.4,correct,False
memos_long:2206,0.15,hallucination,False
memos_long:2207,0.35,correct,False
memos_long:2208,0.35,correct,False
memos_long:2209,0.3,hallucination,False
memos_long:2210,0.1,correct,False
memos_long:2211,0.35,correct,False
memos_long:2212,0.2,hallucination,False
memos_long:2217,0.35,hallucination,False
memos_long:2218,0.2,correct,False
memos_long:2220,0.05,correct,False
memos_long:2223,0.15,correct,False
memos_long:2224,0.4,correct,False
memos_long:2226,0.2,hallucination,False
memos_long:2230,0.1,correct,False
memos_long:2231,0.1,correct,False
memos_long:2232,0.1,correct,False
memos_long:2233,0.1,correct,False
memos_long:2235,0.2,hallucination,False
memos_long:2241,0.0,correct,False
memos_long:2242,0.9,correct,False
memos_long:2245,0.35,correct,False
memos_long:2246,0.15,correct,False
memos_long:2247,0.1,correct,False
memos_long:2249,0.15,hallucination,False
memos_long:2250,0.25,correct,False
memos_long:2251,0.1,correct,False
memos_long:2252,0.15,correct,False
memos_long:2254,0.1,correct,False
memos_long:2255,0.2,correct,False
memos_long:2256,0.35,correct,False
memos_long:2257,0.35,correct,False
memos_long:2258,0.35,correct,False
memos_long:2259,0.35,correct,False
memos_long:2260,0.4,correct,False
memos_long:2263,0.25,correct,False
memos_long:2264,0.35,correct,False
memos_long:2266,0.2,correct,False
memos_long:2267,0.25,correct,False
memos_long:2268,0.1,correct,False
memos_long:2269,0.15,hallucination,False
memos_long:2271,0.15,correct,False
memos_long:2273,0.25,correct,False
memos_long:2274,0.25,correct,False
memos_long:2276,0.25,correct,False
memos_long:2277,0.35,hallucination,False
memos_long:2278,0.25,correct,False
memos_long:2279,0.0,correct,False
memos_long:2282,0.1,correct,False
memos_long:2283,0.15,correct,False
memos_long:2288,0.05,correct,False
memos_long:2289,0.4,correct,False
memos_long:2291,0.15,correct,False
memos_long:2293,0.1,correct,False
memos_long:2295,0.1,correct,False
memos_long:2297,0.15,hallucination,False
memos_long:2298,0.4,correct,False
memos_long:2303,0.35,omission,False
memos_long:2304,0.35,hallucination,False
memos_long:2309,0.4,correct,False
memos_long:2310,0.1,correct,False
memos_long:2311,0.18,correct,False
memos_long:2313,0.25,correct,False
memos_long:2314,0.18,hallucination,False
memos_long:2315,0.15,correct,False
memos_long:2318,0.7,correct,False
memos_long:2321,0.1,hallucination,False
memos_long:2322,0.1,correct,False
memos_long:2323,0.05,correct,False
memos_long:2327,0.25,omission,False
memos_long:2328,0.15,correct,False
memos_long:2330,0.15,correct,False
memos_long:2331,0.9,correct,False
memos_long:2333,0.15,correct,False
memos_long:2334,0.1,correct,False
memos_long:2335,0.4,hallucination,False
memos_long:2336,0.1,correct,False
memos_long:2337,0.25,correct,False
memos_long:2338,0.18,hallucination,False
memos_long:2339,0.28,hallucination,False
memos_long:2340,0.15,correct,False
memos_long:2341,0.35,omission,False
memos_long:2342,0.1,correct,False
memos_long:2346,0.15,omission,False
memos_long:2347,0.1,correct,False
memos_long:2348,0.15,correct,False
memos_long:2349,0.0,correct,False
memos_long:2351,0.15,correct,False
memos_long:2353,0.15,correct,False
memos_long:2354,0.35,hallucination,False
memos_long:2355,0.1,correct,False
memos_long:2356,0.1,correct,False
memos_long:2357,0.1,hallucination,False
memos_long:2360,0.1,correct,False
memos_long:2361,0.2,correct,False
memos_long:2362,0.0,correct,False
memos_long:2363,0.4,correct,False
memos_long:2365,0.15,hallucination,False
memos_long:2366,0.15,correct,False
memos_long:2367,0.15,correct,False
memos_long:2368,0.15,correct,False
memos_long:2369,0.15,omission,False
memos_long:2370,0.2,correct,False
memos_long:2371,0.15,correct,False
memos_long:2372,0.45,correct,False
memos_long:2373,0.15,hallucination,False
memos_long:2374,0.25,correct,False
memos_long:2375,0.35,hallucination,False
memos_long:2376,0.35,hallucination,False
memos_long:2377,0.1,omission,False
memos_long:2379,0.4,correct,False
memos_long:2380,0.35,correct,False
memos_long:2381,0.35,correct,False
memos_long:2383,0.15,correct,False
memos_long:2384,0.45,hallucination,False
memos_long:2385,0.15,correct,False
memos_long:2387,0.15,hallucination,False
memos_long:2388,0.18,correct,False
memos_long:2389,0.4,hallucination,False
memos_long:2390,0.25,correct,False
memos_long:2391,0.15,correct,False
memos_long:2392,0.15,hallucination,False
memos_long:2393,0.1,correct,False
memos_long:2394,0.1,correct,False
memos_long:2395,0.15,correct,False
memos_long:2401,0.25,correct,False
memos_long:2402,0.15,correct,False
memos_long:2403,0.15,correct,False
memos_long:2404,0.1,correct,False
memos_long:2408,0.15,correct,False
memos_long:2409,0.35,hallucination,False
memos_long:2410,0.18,hallucination,False
memos_long:2412,0.1,correct,False
memos_long:2414,0.1,correct,False
memos_long:2415,0.15,correct,False
memos_long:2416,0.15,hallucination,False
memos_long:2417,0.15,correct,False
memos_long:2422,0.15,hallucination,False
memos_long:2423,0.2,hallucination,False
memos_long:2426,0.15,hallucination,False
memos_long:2428,0.25,correct,False
memos_long:2429,0.05,correct,False
memos_long:2431,0.85,correct,False
memos_long:2436,0.1,correct,False
memos_long:2438,0.35,correct,False
memos_long:2439,0.4,correct,False
memos_long:2446,0.2,correct,False
memos_long:2448,0.05,correct,False
memos_long:2449,0.1,correct,False
memos_long:2452,0.2,correct,False
memos_long:2455,0.15,hallucination,False
memos_long:2456,0.1,correct,False
memos_long:2457,0.05,correct,False
memos_long:2458,0.1,correct,False
memos_long:2459,0.25,hallucination,False
memos_long:2460,0.4,correct,False
memos_long:2461,0.4,correct,False
memos_long:2464,0.15,correct,False
memos_long:2466,0.35,correct,False
memos_long:2467,0.25,hallucination,False
memos_long:2468,0.2,hallucination,False
memos_long:2469,0.1,correct,False
memos_long:2470,0.15,hallucination,False
memos_long:2472,0.15,correct,False
memos_long:2473,0.15,correct,False
memos_long:2474,0.05,correct,False
memos_long:2476,0.0,correct,False
memos_long:2477,0.45,hallucination,False
memos_long:2479,0.2,hallucination,False
memos_long:2480,0.25,correct,False
memos_long:2481,0.05,correct,False
memos_long:2483,0.15,correct,False
memos_long:2485,0.1,correct,False
memos_long:2486,0.25,correct,False
memos_long:2487,0.15,correct,False
memos_long:2490,0.1,hallucination,False
memos_long:2492,0.18,correct,False
memos_long:2494,0.4,hallucination,False
memos_long:2495,0.15,correct,False
memos_long:2496,0.1,correct,False
memos_long:2497,0.4,correct,False
memos_long:2498,0.25,correct,False
memos_long:2501,0.2,correct,False
memos_long:2502,0.25,correct,False
memos_long:2504,0.4,correct,False
memos_long:2505,0.15,correct,False
memos_long:2506,0.1,correct,False
memos_long:2507,0.4,hallucination,False
memos_long:2508,0.15,hallucination,False
memos_long:2510,0.85,hallucination,False
memos_long:2512,0.75,hallucination,False
memos_long:2513,0.25,correct,False
memos_long:2514,0.15,correct,False
memos_long:2520,0.35,correct,False
memos_long:2523,0.35,correct,False
memos_long:2524,0.45,correct,False
memos_long:2526,0.4,hallucination,False
memos_long:2528,0.18,omission,False
memos_long:2533,0.15,correct,False
memos_long:2534,0.45,hallucination,False
memos_long:2535,0.05,correct,False
memos_long:2536,0.35,hallucination,False
memos_long:2537,0.18,hallucination,False
memos_long:2538,0.18,omission,False
memos_long:2539,0.18,hallucination,False
memos_long:2540,0.35,hallucination,False
memos_long:2542,0.45,correct,False
memos_long:2543,0.05,correct,False
memos_long:2544,0.45,hallucination,False
memos_long:2545,0.25,omission,False
memos_long:2547,0.1,correct,False
memos_long:2548,0.15,correct,False
memos_long:2549,0.0,omission,False
memos_long:2552,0.1,correct,False
memos_long:2553,0.15,correct,False
memos_long:2554,0.1,correct,False
memos_long:2556,0.35,correct,False
memos_long:2559,0.35,correct,False
memos_long:2560,0.15,hallucination,False
memos_long:2562,0.15,correct,False
memos_long:2563,0.2,correct,False
memos_long:2564,0.15,correct,False
memos_long:2565,0.4,correct,False
memos_long:2566,0.1,correct,False
memos_long:2567,0.05,correct,False
memos_long:2568,0.15,correct,False
memos_long:2569,0.1,correct,False
memos_long:2570,0.15,correct,False
memos_long:2571,0.05,correct,False
memos_long:2572,0.1,correct,False
memos_long:2575,0.05,correct,False
memos_long:2577,0.15,omission,False
memos_long:2578,0.1,correct,False
memos_long:2580,0.25,correct,False
memos_long:2586,0.0,correct,False
memos_long:2587,0.15,correct,False
memos_long:2591,0.35,correct,False
memos_long:2593,0.05,correct,False
memos_long:2595,0.15,correct,False
memos_long:2597,0.1,correct,False
memos_long:2598,0.4,omission,False
memos_long:2599,0.1,correct,False
memos_long:2600,0.25,correct,False
memos_long:2601,0.4,hallucination,False
memos_long:2605,0.35,correct,False
memos_long:2608,0.35,correct,False
memos_long:2609,0.05,correct,False
memos_long:2610,0.1,correct,False
memos_long:2612,0.1,correct,False
memos_long:2613,0.35,hallucination,False
memos_long:2614,0.25,correct,False
memos_long:2615,0.1,correct,False
memos_long:2616,0.05,correct,False
memos_long:2620,0.2,correct,False
memos_long:2621,0.1,correct,False
memos_long:2622,0.25,hallucination,False
memos_long:2623,0.4,correct,False
memos_long:2624,0.1,omission,False
memos_long:2632,0.55,correct,False
memos_long:2633,0.35,hallucination,False
memos_long:2634,0.15,correct,False
memos_long:2636,0.15,correct,False
memos_long:2638,0.15,correct,False
memos_long:2639,0.05,correct,False
memos_long:2641,0.15,correct,False
memos_long:2642,0.1,correct,False
memos_long:2643,0.4,omission,False
memos_long:2644,0.4,correct,False
memos_long:2645,0.45,correct,False
memos_long:2646,0.25,correct,False
memos_long:2647,0.1,correct,False
memos_long:2648,0.15,correct,False
memos_long:2651,0.1,correct,False
memos_long:2653,0.2,correct,False
memos_long:2655,0.35,hallucination,False
memos_long:2656,0.45,correct,False
memos_long:2657,0.2,correct,False
memos_long:2658,0.35,hallucination,False
memos_long:2659,0.25,hallucination,False
memos_long:2660,0.4,hallucination,False
memos_long:2661,0.25,correct,False
memos_long:2664,0.1,correct,False
memos_long:2665,0.15,correct,False
memos_long:2667,0.15,hallucination,False
memos_long:2669,0.4,hallucination,False
memos_long:2670,0.05,correct,False
memos_long:2671,0.35,correct,False
memos_long:2672,0.18,correct,False
memos_long:2673,0.15,correct,False
memos_long:2674,0.2,hallucination,False
memos_long:2681,0.35,correct,False
memos_long:2683,0.4,correct,False
memos_long:2685,0.15,correct,False
memos_long:2686,0.25,correct,False
memos_long:2687,0.15,correct,False
memos_long:2688,0.35,correct,False
memos_long:2689,0.2,hallucination,False
memos_long:2690,0.15,correct,False
memos_long:2691,0.15,correct,False
memos_long:2692,0.05,correct,False
memos_long:2693,0.4,correct,False
memos_long:2694,0.0,correct,False
memos_long:2699,0.25,correct,False
memos_long:2700,0.35,hallucination,False
memos_long:2701,0.25,hallucination,False
memos_long:2702,0.1,correct,False
memos_long:2703,0.1,hallucination,False
memos_long:2707,0.4,correct,False
memos_long:2709,0.18,correct,False
memos_long:2710,0.05,correct,False
memos_long:2712,0.1,correct,False
memos_long:2716,0.1,correct,False
memos_long:2717,0.05,correct,False
memos_long:2718,0.08,correct,False
memos_long:2725,0.2,correct,False
memos_long:2726,0.15,correct,False
memos_long:2727,0.35,correct,False
memos_long:2730,0.1,correct,False
memos_long:2732,0.15,correct,False
memos_long:2733,0.25,correct,False
memos_long:2734,0.25,correct,False
memos_long:2735,0.2,hallucination,False
memos_long:2736,0.18,correct,False
memos_long:2737,0.0,correct,False
memos_long:2738,0.4,correct,False
memos_long:2752,0.35,hallucination,False
memos_long:2754,0.15,hallucination,False
memos_long:2755,0.18,correct,False
memos_long:2756,0.55,hallucination,False
memos_long:2757,0.15,correct,False
memos_long:2759,0.25,hallucination,False
memos_long:2761,0.4,correct,False
memos_long:2762,0.45,hallucination,False
memos_long:2763,0.1,correct,False
memos_long:2764,0.1,correct,False
memos_long:2765,0.2,correct,False
memos_long:2766,0.1,correct,False
memos_long:2768,0.1,correct,False
memos_long:2769,0.25,correct,False
memos_long:2770,0.1,correct,False
memos_long:2771,0.15,hallucination,False
memos_long:2772,0.15,correct,False
memos_long:2773,0.15,correct,False
memos_long:2774,0.05,correct,False
memos_long:2775,0.35,hallucination,False
memos_long:2780,0.15,hallucination,False
memos_long:2781,0.35,hallucination,False
memos_long:2782,0.4,correct,False
memos_long:2783,0.15,correct,False
memos_long:2784,0.18,omission,False
memos_long:2785,0.1,omission,False
memos_long:2789,0.1,correct,False
memos_long:2790,0.15,correct,False
memos_long:2791,0.05,correct,False
memos_long:2792,0.15,hallucination,False
memos_long:2793,0.15,correct,False
memos_long:2795,0.05,correct,False
memos_long:2796,0.15,correct,False
memos_long:2797,0.05,correct,False
memos_long:2798,0.2,correct,False
memos_long:2800,0.9,correct,False
memos_long:2801,0.1,omission,False
memos_long:2802,0.25,hallucination,False
memos_long:2803,0.1,hallucination,False
memos_long:2804,0.15,correct,False
memos_long:2805,0.1,hallucination,False
memos_long:2808,0.35,correct,False
memos_long:2809,0.35,hallucination,False
memos_long:2810,0.15,correct,False
memos_long:2812,0.15,correct,False
memos_long:2813,0.9,correct,False
memos_long:2814,0.1,correct,False
memos_long:2816,0.0,hallucination,False
memos_long:2817,0.15,correct,False
memos_long:2819,0.2,hallucination,False
memos_long:2822,0.18,hallucination,False
memos_long:2825,0.4,correct,False
memos_long:2826,0.15,correct,False
memos_long:2827,0.2,correct,False
memos_long:2829,0.05,correct,False
memos_long:2831,0.35,hallucination,False
memos_long:2832,0.1,correct,False
memos_long:2833,0.15,correct,False
memos_long:2837,0.15,correct,False
memos_long:2838,0.15,correct,False
memos_long:2839,0.1,correct,False
memos_long:2840,0.4,correct,False
memos_long:2841,0.35,correct,False
memos_long:2845,0.05,correct,False
memos_long:2846,0.4,hallucination,False
memos_long:2847,0.35,omission,False
memos_long:2852,0.15,correct,False
memos_long:2853,0.35,hallucination,False
memos_long:2854,0.05,correct,False
memos_long:2857,0.35,hallucination,False
memos_long:2858,0.15,correct,False
memos_long:2859,0.15,hallucination,False
memos_long:2861,0.28,correct,False
memos_long:2862,0.18,hallucination,False
memos_long:2864,0.25,correct,False
memos_long:2865,0.1,correct,False
memos_long:2866,0.15,correct,False
memos_long:2868,0.1,hallucination,False
memos_long:2869,0.05,correct,False
memos_long:2870,0.1,correct,False
memos_long:2871,0.35,hallucination,False
memos_long:2872,0.9,correct,False
memos_long:2873,0.15,correct,False
memos_long:2875,0.1,correct,False
memos_long:2876,0.25,correct,False
memos_long:2877,0.4,correct,False
memos_long:2878,0.2,correct,False
memos_long:2879,0.25,correct,False
memos_long:2882,0.15,correct,False
memos_long:2883,0.18,correct,False
memos_long:2884,0.15,correct,False
memos_long:2885,0.18,correct,False
memos_long:2886,0.15,correct,False
memos_long:2888,0.25,correct,False
memos_long:2890,0.15,hallucination,False
memos_long:2891,0.05,correct,False
memos_long:2892,0.15,correct,False
memos_long:2894,0.2,hallucination,False
memos_long:2896,0.15,correct,False
memos_long:2899,0.55,hallucination,False
memos_long:2900,0.85,omission,False
memos_long:2901,0.1,correct,False
memos_long:2902,0.05,correct,False
memos_long:2905,0.1,correct,False
memos_long:2906,0.15,hallucination,False
memos_long:2908,0.15,correct,False
memos_long:2910,0.4,correct,False
memos_long:2911,0.15,correct,False
memos_long:2913,0.1,correct,False
memos_long:2914,0.1,hallucination,False
memos_long:2915,0.15,correct,False
memos_long:2917,0.25,omission,False
memos_long:2918,0.35,correct,False
memos_long:2924,0.15,hallucination,False
memos_long:2928,0.1,correct,False
memos_long:2932,0.05,correct,False
memos_long:2933,0.35,correct,False
memos_long:2934,0.4,hallucination,False
memos_long:2935,0.35,correct,False
memos_long:2936,0.18,hallucination,False
memos_long:2937,0.18,correct,False
memos_long:2940,0.4,correct,False
memos_long:2941,0.15,correct,False
memos_long:2942,0.25,hallucination,False
memos_long:2945,0.35,hallucination,False
memos_long:2946,0.45,correct,False
memos_long:2947,0.15,correct,False
memos_long:2948,0.2,correct,False
memos_long:2949,0.15,correct,False
memos_long:2950,0.1,hallucination,False
memos_long:2952,0.15,correct,False
memos_long:2953,0.2,correct,False
memos_long:2955,0.4,correct,False
memos_long:2962,0.15,correct,False
memos_long:2963,0.25,correct,False
memos_long:2964,0.85,hallucination,False
memos_long:2965,0.15,correct,False
memos_long:2968,0.1,hallucination,False
memos_long:2969,0.15,correct,False
memos_long:2971,0.1,correct,False
memos_long:2973,0.15,correct,False
memos_long:2974,0.2,correct,False
memos_long:2975,0.15,correct,False
memos_long:2979,0.25,hallucination,False
memos_long:2980,0.45,omission,False
memos_long:2981,0.2,hallucination,False
memos_long:2985,0.0,correct,False
memos_long:2988,0.1,hallucination,False
memos_long:2989,0.35,correct,False
memos_long:2990,0.15,correct,False
memos_long:2992,0.05,correct,False
memos_long:2993,0.35,hallucination,False
memos_long:2994,0.25,hallucination,False
memos_long:2995,0.15,correct,False
memos_long:2998,0.15,hallucination,False
memos_long:3000,0.15,correct,False
memos_long:3003,0.25,omission,False
memos_long:3004,0.1,correct,False
memos_long:3007,0.25,hallucination,False
memos_long:3008,0.05,correct,False
memos_long:3010,0.15,correct,False
memos_long:3011,0.15,hallucination,False
memos_long:3013,0.35,omission,False
memos_long:3020,0.35,correct,False
memos_long:3022,0.85,correct,False
memos_long:3026,0.2,hallucination,False
memos_long:3027,0.15,correct,False
memos_long:3035,0.85,correct,False
memos_long:3036,0.35,hallucination,False
memos_long:3038,0.15,hallucination,False
memos_long:3040,0.25,hallucination,False
memos_long:3041,0.15,correct,False
memos_long:3043,0.4,correct,False
memos_long:3046,0.1,correct,False
memos_long:3047,0.85,correct,False
memos_long:3048,0.35,hallucination,False
memos_long:3050,0.1,hallucination,False
memos_long:3051,0.15,correct,False
memos_long:3058,0.0,correct,False
memos_long:3059,0.15,correct,False
memos_long:3060,0.25,correct,False
memos_long:3062,0.15,hallucination,False
memos_long:3063,0.05,hallucination,False
memos_long:3065,0.15,hallucination,False
memos_long:3066,0.1,correct,False
memos_long:3067,0.05,correct,False
memos_long:3070,0.4,hallucination,False
memos_long:3071,0.15,omission,False
memos_long:3073,0.18,correct,False
memos_long:3074,0.1,correct,False
memos_long:3075,0.35,omission,False
memos_long:3076,0.18,correct,False
memos_long:3077,0.35,hallucination,False
memos_long:3078,0.18,correct,False
memos_long:3080,0.15,correct,False
memos_long:3081,0.1,correct,False
memos_long:3083,0.25,hallucination,False
memos_long:3085,0.15,correct,False
memos_long:3087,0.25,hallucination,False
memos_long:3088,0.4,hallucination,False
memos_long:3089,0.75,hallucination,False
memos_long:3090,0.4,correct,False
memos_long:3091,0.4,omission,False
memos_long:3092,0.18,correct,False
memos_long:3093,0.15,correct,False
memos_long:3095,0.05,correct,False
memos_long:3097,0.85,correct,False
memos_long:3100,0.1,correct,False
memos_long:3103,0.15,correct,False
memos_long:3104,0.4,correct,False
memos_long:3105,0.1,correct,False
memos_long:3106,0.35,hallucination,False
memos_long:3107,0.4,correct,False
memos_long:3110,0.8,omission,False
memos_long:3111,0.45,hallucination,False
memos_long:3112,0.18,correct,False
memos_long:3113,0.15,correct,False
memos_long:3114,0.2,correct,False
memos_long:3115,0.15,hallucination,False
memos_long:3117,0.35,hallucination,False
memos_long:3118,0.2,correct,False
memos_long:3119,0.2,correct,False
memos_long:3120,0.1,correct,False
memos_long:3121,0.1,correct,False
memos_long:3122,0.7,correct,False
memos_long:3124,0.85,hallucination,False
memos_long:3125,0.15,correct,False
memos_long:3127,0.45,correct,False
memos_long:3128,0.1,correct,False
memos_long:3129,0.15,correct,False
memos_long:3133,0.05,correct,False
memos_long:3135,0.4,correct,False
memos_long:3140,0.35,correct,False
memos_long:3144,0.15,correct,False
memos_long:3146,0.4,correct,False
memos_long:3147,0.35,hallucination,False
memos_long:3151,0.15,hallucination,False
memos_long:3152,0.05,correct,False
memos_long:3153,0.15,correct,False
memos_long:3154,0.15,correct,False
memos_long:3155,0.1,correct,False
memos_long:3156,0.15,correct,False
memos_long:3161,0.15,correct,False
memos_long:3162,0.1,correct,False
memos_long:3168,0.1,correct,False
memos_long:3169,0.15,correct,False
memos_long:3170,0.18,correct,False
memos_long:3171,0.85,hallucination,False
memos_long:3172,0.2,correct,False
memos_long:3173,0.1,correct,False
memos_long:3174,0.1,correct,False
memos_long:3175,0.1,correct,False
memos_long:3176,0.25,correct,False
memos_long:3178,0.4,hallucination,False
memos_long:3181,0.35,correct,False
memos_long:3182,0.1,correct,False
memos_long:3183,0.18,hallucination,False
memos_long:3190,0.1,correct,False
memos_long:3193,0.15,correct,False
memos_long:3194,0.15,correct,False
memos_long:3195,0.1,hallucination,False
memos_long:3196,0.15,correct,False
memos_long:3197,0.15,hallucination,False
memos_long:3199,0.2,correct,False
memos_long:3201,0.15,hallucination,False
memos_long:3203,0.1,correct,False
memos_long:3205,0.35,hallucination,False
memos_long:3207,0.15,hallucination,False
memos_long:3210,0.1,correct,False
memos_long:3212,0.15,correct,False
memos_long:3213,0.15,hallucination,False
memos_long:3215,0.1,correct,False
memos_long:3217,0.15,correct,False
memos_long:3218,0.15,correct,False
memos_long:3219,0.35,omission,False
memos_long:3221,0.25,correct,False
memos_long:3222,0.15,correct,False
memos_long:3224,0.15,correct,False
memos_long:3233,0.1,hallucination,False
memos_long:3234,0.15,correct,False
memos_long:3240,0.15,correct,False
memos_long:3241,0.25,correct,False
memos_long:3242,0.1,correct,False
memos_long:3243,0.15,correct,False
memos_long:3245,0.15,correct,False
memos_long:3248,0.35,correct,False
memos_long:3249,0.1,correct,False
memos_long:3250,0.35,correct,False
memos_long:3251,0.4,correct,False
memos_long:3253,0.15,correct,False
memos_long:3254,0.2,hallucination,False
memos_long:3255,0.55,correct,False
memos_long:3256,0.55,correct,False
memos_long:3257,0.4,omission,False
memos_long:3259,0.15,hallucination,False
memos_long:3261,0.15,correct,False
memos_long:3263,0.25,hallucination,False
memos_long:3264,0.05,correct,False
memos_long:3269,0.4,hallucination,False
memos_long:3270,0.55,hallucination,False
memos_long:3271,0.2,omission,False
memos_long:3272,0.15,correct,False
memos_long:3275,0.1,correct,False
memos_long:3276,0.15,correct,False
memos_long:3278,0.15,omission,False
memos_long:3279,0.25,hallucination,False
memos_long:3282,0.4,correct,False
memos_long:3283,0.1,correct,False
memos_long:3286,0.18,correct,False
memos_long:3287,0.4,omission,False
memos_long:3288,0.35,omission,False
memos_long:3289,0.45,omission,False
memos_long:3293,0.25,correct,False
memos_long:3294,0.85,correct,False
memos_long:3295,0.25,correct,False
memos_long:3296,0.0,correct,False
memos_long:3300,0.25,hallucination,False
memos_long:3304,0.1,omission,False
memos_long:3305,0.15,correct,False
memos_long:3306,0.45,correct,False
memos_long:3308,0.1,correct,False
memos_long:3309,0.1,correct,False
memos_long:3313,0.18,hallucination,False
memos_long:3314,0.18,hallucination,False
memos_long:3315,0.15,correct,False
memos_long:3316,0.2,hallucination,False
memos_long:3317,0.15,hallucination,False
memos_long:3319,0.4,hallucination,False
memos_long:3320,0.15,hallucination,False
memos_long:3321,0.1,correct,False
memos_long:3322,0.4,hallucination,False
memos_long:3323,0.15,correct,False
memos_long:3324,0.15,hallucination,False
memos_long:3326,0.15,correct,False
memos_long:3327,0.2,correct,False
memos_long:3329,0.1,correct,False
memos_long:3330,0.35,hallucination,False
memos_long:3331,0.18,correct,False
memos_long:3332,0.35,correct,False
memos_long:3333,0.15,hallucination,False
memos_long:3337,0.4,correct,False
memos_long:3338,0.05,correct,False
memos_long:3339,0.4,correct,False
memos_long:3344,0.35,omission,False
memos_long:3346,0.35,correct,False
memos_long:3348,0.0,omission,False
memos_long:3353,0.1,correct,False
memos_long:3354,0.1,correct,False
memos_long:3355,0.15,correct,False
memos_long:3356,0.15,correct,False
memos_long:3358,0.15,correct,False
memos_long:3359,0.15,correct,False
memos_long:3362,0.15,correct,False
memos_long:3364,0.15,correct,False
memos_long:3366,0.1,correct,False
memos_long:3368,0.15,correct,False
memos_long:3369,0.1,hallucination,False
memos_long:3370,0.05,correct,False
memos_long:3371,0.15,correct,False
memos_long:3372,0.15,correct,False
memos_long:3376,0.2,correct,False
memos_long:3377,0.4,hallucination,False
memos_long:3379,0.15,correct,False
memos_long:3380,0.2,hallucination,False
memos_long:3381,0.15,correct,False
memos_long:3382,0.1,correct,False
memos_long:3383,0.15,correct,False
memos_long:3384,0.15,correct,False
memos_long:3385,0.15,hallucination,False
memos_long:3386,0.15,hallucination,False
memos_long:3388,0.1,hallucination,False
memos_long:3389,0.15,hallucination,False
memos_long:3390,0.18,correct,False
memos_long:3392,0.2,correct,False
memos_long:3393,0.05,correct,False
memos_long:3394,0.1,correct,False
memos_long:3395,0.2,correct,False
memos_long:3396,0.15,correct,False
memos_long:3397,0.15,correct,False
memos_long:3399,0.45,hallucination,False
memos_long:3401,0.1,correct,False
memos_long:3403,0.75,omission,False
memos_long:3404,0.4,correct,False
memos_long:3405,0.25,correct,False
memos_long:3406,0.15,correct,False
memos_long:3407,0.35,correct,False
memos_long:3410,0.1,correct,False
memos_long:3411,0.45,correct,False
memos_long:3413,0.15,correct,False
memos_long:3416,0.1,correct,False
memos_long:3419,0.1,correct,False
memos_long:3420,0.15,correct,False
memos_long:3421,0.15,correct,False
memos_long:3426,0.4,omission,False
memos_long:3428,0.45,correct,False
memos_long:3432,0.4,hallucination,False
memos_long:3433,0.15,correct,False
memos_long:3434,0.15,correct,False
memos_long:3435,0.18,hallucination,False
memos_long:3436,0.15,hallucination,False
memos_long:3437,0.15,correct,False
memos_long:3438,0.2,correct,False
memos_long:3439,0.1,hallucination,False
memos_long:3441,0.25,hallucination,False
memos_long:3442,0.15,correct,False
memos_long:3445,0.05,correct,False
memos_long:3446,0.1,correct,False
memos_long:3448,0.35,hallucination,False
memos_long:3450,0.2,correct,False
memos_long:3452,0.1,correct,False
memos_long:3453,0.15,correct,False
memos_long:3459,0.18,hallucination,False
memos_long:3460,0.15,correct,False
memos_long:3461,0.18,omission,False
memos_long:3463,0.15,correct,False
memos_long:3464,0.25,correct,False
memos_long:3466,0.1,correct,False
memos_long:3467,0.15,hallucination,False
