case_id,retrieval_failure,serialization_loss,admission_usage_failure,generation_failure,B0_label,A2_label,exclusive_bucket
memos_medium:3,False,False,True,,hallucination,,unresolved_or_missing_evidence
memos_medium:4,False,False,False,,correct,,baseline_correct_residual
memos_medium:6,False,False,False,,correct,,baseline_correct_residual
memos_medium:8,False,False,False,,correct,,baseline_correct_residual
memos_medium:9,False,False,True,,hallucination,,unresolved_or_missing_evidence
memos_medium:10,False,False,False,,correct,,baseline_correct_residual
memos_medium:12,False,False,False,,correct,,baseline_correct_residual
memos_medium:17,False,False,True,,hallucination,,unresolved_or_missing_evidence
memos_medium:18,False,False,True,,omission,,unresolved_or_missing_evidence
memos_medium:19,False,False,False,,correct,,baseline_correct_residual
memos_medium:20,False,False,True,,hallucination,,unresolved_or_missing_evidence
memos_medium:21,False,False,False,,correct,,baseline_correct_residual
memos_medium:22,False,True,False,False,hallucination,,serialization_loss
memos_medium:23,False,False,False,,correct,,baseline_correct_residual
memos_medium:24,False,False,False,,correct,,baseline_correct_residual
memos_medium:25,,,,,correct,,baseline_correct_residual
memos_medium:26,,,,,correct,,baseline_correct_residual
memos_medium:27,,,,,omission,,unresolved_or_missing_evidence
memos_medium:31,False,False,False,,correct,,baseline_correct_residual
memos_medium:32,False,False,False,,correct,,baseline_correct_residual
memos_medium:33,,,,,correct,,baseline_correct_residual
memos_medium:35,,,,,correct,,baseline_correct_residual
memos_medium:36,False,False,True,,hallucination,,unresolved_or_missing_evidence
memos_medium:38,False,False,True,,hallucination,,unresolved_or_missing_evidence
memos_medium:39,,,,,hallucination,,unresolved_or_missing_evidence
memos_medium:40,False,False,False,,correct,,baseline_correct_residual
memos_medium:41,False,False,False,,correct,,baseline_correct_residual
memos_medium:42,False,False,False,,correct,,baseline_correct_residual
memos_medium:44,False,False,False,,correct,,baseline_correct_residual
memos_medium:45,False,False,False,,correct,,baseline_correct_residual
memos_medium:46,False,False,False,,correct,,baseline_correct_residual
memos_medium:47,False,False,False,,correct,,baseline_correct_residual
memos_medium:48,False,True,False,False,correct,,baseline_correct_residual
memos_medium:49,,,,,hallucination,,unresolved_or_missing_evidence
memos_medium:50,False,False,True,,hallucination,,unresolved_or_missing_evidence
memos_medium:51,False,False,True,,omission,,unresolved_or_missing_evidence
memos_medium:52,False,False,False,,correct,,baseline_correct_residual
memos_medium:53,False,False,True,,omission,,unresolved_or_missing_evidence
memos_medium:56,False,False,False,,correct,,baseline_correct_residual
memos_medium:57,False,False,False,,correct,,baseline_correct_residual
memos_medium:58,False,False,True,,hallucination,,unresolved_or_missing_evidence
memos_medium:61,False,False,False,,correct,,baseline_correct_residual
memos_medium:62,False,False,True,,hallucination,,unresolved_or_missing_evidence
memos_medium:63,,,,,hallucination,,unresolved_or_missing_evidence
memos_medium:64,False,True,False,False,hallucination,,serialization_loss
memos_medium:65,False,False,False,,correct,,baseline_correct_residual
memos_medium:66,False,False,False,,correct,,baseline_correct_residual
memos_medium:67,False,False,False,,correct,,baseline_correct_residual
memos_medium:69,False,False,False,,correct,,baseline_correct_residual
memos_medium:70,False,False,False,,correct,,baseline_correct_residual
memos_medium:77,False,False,True,,hallucination,,unresolved_or_missing_evidence
memos_medium:79,False,True,False,False,hallucination,,serialization_loss
memos_medium:80,False,False,False,,correct,,baseline_correct_residual
memos_medium:81,False,False,True,,hallucination,,unresolved_or_missing_evidence
memos_medium:84,False,False,False,,correct,,baseline_correct_residual
memos_medium:85,False,False,False,,correct,,baseline_correct_residual
memos_medium:86,False,False,False,,correct,,baseline_correct_residual
memos_medium:88,,,,,hallucination,,unresolved_or_missing_evidence
memos_medium:89,False,False,False,,correct,,baseline_correct_residual
memos_medium:90,False,False,False,,correct,,baseline_correct_residual
memos_medium:94,False,True,False,False,correct,,baseline_correct_residual
memos_medium:95,False,False,False,,correct,,baseline_correct_residual
memos_medium:97,False,False,False,,correct,,baseline_correct_residual
memos_medium:104,,,,,hallucination,,unresolved_or_missing_evidence
memos_medium:110,False,False,True,,hallucination,,unresolved_or_missing_evidence
memos_medium:111,,,,,omission,,unresolved_or_missing_evidence
memos_medium:112,False,False,False,,correct,,baseline_correct_residual
memos_medium:113,False,False,False,,correct,,baseline_correct_residual
memos_medium:114,False,False,False,,correct,,baseline_correct_residual
memos_medium:115,False,False,True,,hallucination,,unresolved_or_missing_evidence
memos_medium:117,False,False,False,,correct,,baseline_correct_residual
memos_medium:119,False,False,False,,correct,,baseline_correct_residual
memos_medium:120,False,False,True,,omission,,unresolved_or_missing_evidence
memos_medium:121,False,False,False,,correct,,baseline_correct_residual
memos_medium:123,False,False,False,,correct,,baseline_correct_residual
memos_medium:124,False,False,False,,correct,,baseline_correct_residual
memos_medium:125,False,False,False,,correct,,baseline_correct_residual
memos_medium:127,False,False,False,,correct,,baseline_correct_residual
memos_medium:128,,,,,correct,,baseline_correct_residual
memos_medium:129,False,False,False,,correct,,baseline_correct_residual
memos_medium:130,,,,,correct,,baseline_correct_residual
memos_medium:131,False,True,False,False,correct,,baseline_correct_residual
memos_medium:132,False,False,False,,correct,,baseline_correct_residual
memos_medium:133,False,False,False,,correct,,baseline_correct_residual
memos_medium:134,False,False,False,,correct,,baseline_correct_residual
memos_medium:135,False,False,True,,hallucination,,unresolved_or_missing_evidence
memos_medium:136,False,False,False,,correct,,baseline_correct_residual
memos_medium:137,False,False,False,,correct,,baseline_correct_residual
memos_medium:138,False,False,False,,correct,,baseline_correct_residual
memos_medium:141,False,False,False,,correct,,baseline_correct_residual
memos_medium:148,False,False,False,,correct,,baseline_correct_residual
memos_medium:150,,,,,hallucination,,unresolved_or_missing_evidence
memos_medium:151,False,False,False,,correct,,baseline_correct_residual
memos_medium:152,False,False,False,,correct,,baseline_correct_residual
memos_medium:153,False,False,False,,correct,,baseline_correct_residual
memos_medium:155,False,False,False,,correct,,baseline_correct_residual
memos_medium:156,False,False,False,,correct,,baseline_correct_residual
memos_medium:157,False,False,False,,correct,,baseline_correct_residual
memos_medium:160,False,False,False,,correct,,baseline_correct_residual
memos_medium:161,,,,,correct,,baseline_correct_residual
memos_medium:162,False,True,False,False,hallucination,,serialization_loss
memos_medium:163,False,False,True,,omission,,unresolved_or_missing_evidence
memos_medium:165,False,False,False,,correct,,baseline_correct_residual
memos_medium:166,False,False,False,,correct,,baseline_correct_residual
memos_medium:167,False,True,False,False,correct,,baseline_correct_residual
memos_medium:168,False,False,False,,correct,,baseline_correct_residual
memos_medium:169,,,,,hallucination,,unresolved_or_missing_evidence
memos_medium:171,False,False,False,,correct,,baseline_correct_residual
memos_medium:173,False,False,False,,correct,,baseline_correct_residual
memos_medium:174,False,False,False,,correct,,baseline_correct_residual
memos_medium:176,False,False,False,,correct,,baseline_correct_residual
memos_medium:178,False,False,False,,correct,,baseline_correct_residual
memos_medium:179,,,,,omission,,unresolved_or_missing_evidence
memos_medium:180,,,,,hallucination,,unresolved_or_missing_evidence
memos_medium:181,,,,,omission,,unresolved_or_missing_evidence
memos_medium:182,False,False,True,,hallucination,,unresolved_or_missing_evidence
memos_medium:184,False,False,False,,correct,,baseline_correct_residual
memos_medium:185,False,False,True,,hallucination,,unresolved_or_missing_evidence
memos_medium:186,False,False,False,,correct,,baseline_correct_residual
memos_medium:189,False,True,False,False,correct,,baseline_correct_residual
memos_medium:190,False,False,False,,correct,,baseline_correct_residual
memos_medium:193,False,False,False,,correct,,baseline_correct_residual
memos_medium:194,False,True,False,False,hallucination,,serialization_loss
memos_medium:195,False,True,False,False,hallucination,,serialization_loss
memos_medium:197,False,True,False,False,hallucination,,serialization_loss
memos_medium:198,,,,,omission,,unresolved_or_missing_evidence
memos_medium:199,False,False,False,,correct,,baseline_correct_residual
memos_medium:200,False,False,True,,hallucination,,unresolved_or_missing_evidence
memos_medium:201,False,False,True,,hallucination,,unresolved_or_missing_evidence
memos_medium:204,False,False,False,,correct,,baseline_correct_residual
memos_medium:207,,,,,hallucination,,unresolved_or_missing_evidence
memos_medium:208,False,False,True,,omission,,unresolved_or_missing_evidence
memos_medium:209,False,False,False,,correct,,baseline_correct_residual
memos_medium:210,False,False,True,,hallucination,,unresolved_or_missing_evidence
memos_medium:211,,,,,correct,,baseline_correct_residual
memos_medium:214,False,False,False,,correct,,baseline_correct_residual
memos_medium:222,False,False,False,,correct,,baseline_correct_residual
memos_medium:224,,,,,hallucination,,unresolved_or_missing_evidence
memos_medium:226,False,False,False,,correct,,baseline_correct_residual
memos_medium:227,False,False,False,,correct,,baseline_correct_residual
memos_medium:228,False,False,False,,correct,,baseline_correct_residual
memos_medium:229,False,False,False,,correct,,baseline_correct_residual
memos_medium:231,False,False,False,,correct,,baseline_correct_residual
memos_medium:233,False,False,True,,omission,,unresolved_or_missing_evidence
memos_medium:234,False,False,True,,hallucination,,unresolved_or_missing_evidence
memos_medium:235,False,False,False,,correct,,baseline_correct_residual
memos_medium:238,False,False,False,,correct,,baseline_correct_residual
memos_medium:239,False,False,True,,hallucination,,unresolved_or_missing_evidence
memos_medium:240,,,,,correct,,baseline_correct_residual
memos_medium:242,False,False,False,,correct,,baseline_correct_residual
memos_medium:243,False,False,False,,correct,,baseline_correct_residual
memos_medium:244,False,False,False,,correct,,baseline_correct_residual
memos_medium:245,False,False,False,,correct,,baseline_correct_residual
memos_medium:246,False,False,False,,correct,,baseline_correct_residual
memos_medium:248,False,False,False,,correct,,baseline_correct_residual
memos_medium:250,False,False,True,,omission,,unresolved_or_missing_evidence
memos_medium:252,False,False,True,,hallucination,,unresolved_or_missing_evidence
memos_medium:253,False,False,False,,correct,,baseline_correct_residual
memos_medium:254,,,,,omission,,unresolved_or_missing_evidence
memos_medium:255,False,False,False,,correct,,baseline_correct_residual
memos_medium:256,False,False,False,,correct,,baseline_correct_residual
memos_medium:260,False,False,False,,correct,,baseline_correct_residual
memos_medium:262,False,False,False,,correct,,baseline_correct_residual
memos_medium:263,False,False,False,,correct,,baseline_correct_residual
memos_medium:264,False,False,False,,correct,,baseline_correct_residual
memos_medium:265,False,False,False,,correct,,baseline_correct_residual
memos_medium:267,,,,,correct,,baseline_correct_residual
memos_medium:269,False,False,False,,correct,,baseline_correct_residual
memos_medium:270,False,False,False,,correct,,baseline_correct_residual
memos_medium:271,,,,,hallucination,,unresolved_or_missing_evidence
memos_medium:273,False,False,False,,correct,,baseline_correct_residual
memos_medium:274,False,False,False,,correct,,baseline_correct_residual
memos_medium:280,False,False,False,,correct,,baseline_correct_residual
memos_medium:281,False,False,False,,correct,,baseline_correct_residual
memos_medium:282,False,False,False,,correct,,baseline_correct_residual
memos_medium:283,False,False,False,,correct,,baseline_correct_residual
memos_medium:284,False,False,True,,hallucination,,unresolved_or_missing_evidence
memos_medium:285,False,False,True,,hallucination,,unresolved_or_missing_evidence
memos_medium:286,False,False,True,,hallucination,,unresolved_or_missing_evidence
memos_medium:287,False,False,False,,correct,,baseline_correct_residual
memos_medium:288,False,False,False,,correct,,baseline_correct_residual
memos_medium:289,False,False,False,,correct,,baseline_correct_residual
memos_medium:293,False,False,True,,hallucination,,unresolved_or_missing_evidence
memos_medium:295,False,False,False,,correct,,baseline_correct_residual
memos_medium:299,False,False,False,,correct,,baseline_correct_residual
memos_medium:301,False,False,False,,correct,,baseline_correct_residual
memos_medium:303,False,False,False,,correct,,baseline_correct_residual
memos_medium:307,False,False,False,,correct,,baseline_correct_residual
memos_medium:308,False,False,False,,correct,,baseline_correct_residual
memos_medium:309,False,False,False,,correct,,baseline_correct_residual
memos_medium:310,False,False,True,,hallucination,,unresolved_or_missing_evidence
memos_medium:311,False,False,False,,correct,,baseline_correct_residual
memos_medium:312,,,,,correct,,baseline_correct_residual
memos_medium:313,False,False,False,,correct,,baseline_correct_residual
memos_medium:314,False,False,False,,correct,,baseline_correct_residual
memos_medium:316,False,False,False,,correct,,baseline_correct_residual
memos_medium:317,False,False,False,,correct,,baseline_correct_residual
memos_medium:319,False,False,True,,hallucination,,unresolved_or_missing_evidence
memos_medium:320,False,False,False,,correct,,baseline_correct_residual
memos_medium:321,,,,,correct,,baseline_correct_residual
memos_medium:324,False,False,False,,correct,,baseline_correct_residual
memos_medium:325,,,,,hallucination,,unresolved_or_missing_evidence
memos_medium:331,False,False,False,,correct,,baseline_correct_residual
memos_medium:332,False,False,True,,hallucination,,unresolved_or_missing_evidence
memos_medium:333,,,,,hallucination,,unresolved_or_missing_evidence
memos_medium:335,False,False,False,,correct,,baseline_correct_residual
memos_medium:336,False,False,False,,correct,,baseline_correct_residual
memos_medium:337,False,False,False,,correct,,baseline_correct_residual
memos_medium:339,False,False,False,,correct,,baseline_correct_residual
memos_medium:341,False,False,False,,correct,,baseline_correct_residual
memos_medium:342,False,False,False,,correct,,baseline_correct_residual
memos_medium:344,False,False,False,,correct,,baseline_correct_residual
memos_medium:345,False,False,False,,correct,,baseline_correct_residual
memos_medium:348,False,False,False,,correct,,baseline_correct_residual
memos_medium:351,,,,,hallucination,,unresolved_or_missing_evidence
memos_medium:352,,,,,hallucination,,unresolved_or_missing_evidence
memos_medium:353,False,False,False,,correct,,baseline_correct_residual
memos_medium:355,False,False,False,,correct,,baseline_correct_residual
memos_medium:357,False,False,False,,correct,,baseline_correct_residual
memos_medium:359,False,True,False,False,hallucination,,serialization_loss
memos_medium:360,False,False,True,,omission,,unresolved_or_missing_evidence
memos_medium:362,,,,,correct,,baseline_correct_residual
memos_medium:363,False,True,False,False,hallucination,,serialization_loss
memos_medium:365,False,True,False,False,hallucination,,serialization_loss
memos_medium:366,False,False,False,,correct,,baseline_correct_residual
memos_medium:367,False,False,False,,correct,,baseline_correct_residual
memos_medium:368,,,,,correct,,baseline_correct_residual
memos_medium:369,False,False,False,,correct,,baseline_correct_residual
memos_medium:370,False,False,False,,correct,,baseline_correct_residual
memos_medium:371,False,False,False,,correct,,baseline_correct_residual
memos_medium:373,False,False,False,,correct,,baseline_correct_residual
memos_medium:375,,,,,omission,,unresolved_or_missing_evidence
memos_medium:378,False,False,False,,correct,,baseline_correct_residual
memos_medium:379,False,False,False,,correct,,baseline_correct_residual
memos_medium:381,False,False,False,,correct,,baseline_correct_residual
memos_medium:383,False,False,False,,correct,,baseline_correct_residual
memos_medium:386,False,False,False,,correct,,baseline_correct_residual
memos_medium:388,False,False,False,,correct,,baseline_correct_residual
memos_medium:389,False,False,False,,correct,,baseline_correct_residual
memos_medium:390,False,False,True,,omission,,unresolved_or_missing_evidence
memos_medium:392,False,False,False,,correct,,baseline_correct_residual
memos_medium:393,,,,,correct,,baseline_correct_residual
memos_medium:394,,,,,hallucination,,unresolved_or_missing_evidence
memos_medium:395,False,False,False,,correct,,baseline_correct_residual
memos_medium:397,False,False,False,,correct,,baseline_correct_residual
memos_medium:398,False,False,True,,hallucination,,unresolved_or_missing_evidence
memos_medium:399,,,,,correct,,baseline_correct_residual
memos_medium:401,False,False,True,,hallucination,,unresolved_or_missing_evidence
memos_medium:402,,,,,correct,,baseline_correct_residual
memos_medium:403,False,False,False,,correct,,baseline_correct_residual
memos_medium:407,False,False,False,,correct,,baseline_correct_residual
memos_medium:408,,,,,hallucination,,unresolved_or_missing_evidence
memos_medium:409,False,False,False,,correct,,baseline_correct_residual
memos_medium:410,False,False,False,,correct,,baseline_correct_residual
memos_medium:412,False,False,False,,correct,,baseline_correct_residual
memos_medium:413,,,,,correct,,baseline_correct_residual
memos_medium:414,False,False,False,,correct,,baseline_correct_residual
memos_medium:418,False,True,False,False,correct,,baseline_correct_residual
memos_medium:420,False,False,False,,correct,,baseline_correct_residual
memos_medium:423,False,False,False,,correct,,baseline_correct_residual
memos_medium:424,False,False,False,,correct,,baseline_correct_residual
memos_medium:425,False,False,False,,correct,,baseline_correct_residual
memos_medium:426,False,False,False,,correct,,baseline_correct_residual
memos_medium:427,False,False,False,,correct,,baseline_correct_residual
memos_medium:431,False,False,True,,hallucination,,unresolved_or_missing_evidence
memos_medium:432,False,False,False,,correct,,baseline_correct_residual
memos_medium:433,False,False,True,,omission,,unresolved_or_missing_evidence
memos_medium:434,False,True,False,False,omission,,serialization_loss
memos_medium:437,False,False,True,,hallucination,,unresolved_or_missing_evidence
memos_medium:438,False,True,False,False,correct,,baseline_correct_residual
memos_medium:439,False,True,False,False,hallucination,,serialization_loss
memos_medium:442,False,False,False,,correct,,baseline_correct_residual
memos_medium:443,False,False,False,,correct,,baseline_correct_residual
memos_medium:444,False,False,False,,correct,,baseline_correct_residual
memos_medium:446,False,False,False,,correct,,baseline_correct_residual
memos_medium:447,False,False,False,,correct,,baseline_correct_residual
memos_medium:448,,,,,hallucination,,unresolved_or_missing_evidence
memos_medium:449,False,False,False,,correct,,baseline_correct_residual
memos_medium:452,False,False,True,,hallucination,,unresolved_or_missing_evidence
memos_medium:455,False,False,True,,hallucination,,unresolved_or_missing_evidence
memos_medium:462,False,False,True,,hallucination,,unresolved_or_missing_evidence
memos_medium:463,False,False,False,,correct,,baseline_correct_residual
memos_medium:464,False,False,False,,correct,,baseline_correct_residual
memos_medium:465,False,False,False,,correct,,baseline_correct_residual
memos_medium:467,False,False,False,,correct,,baseline_correct_residual
memos_medium:468,False,False,False,,correct,,baseline_correct_residual
memos_medium:469,False,False,False,,correct,,baseline_correct_residual
memos_medium:470,,,,,hallucination,,unresolved_or_missing_evidence
memos_medium:471,False,False,False,,correct,,baseline_correct_residual
memos_medium:472,False,False,True,,hallucination,,unresolved_or_missing_evidence
memos_medium:473,False,False,False,,correct,,baseline_correct_residual
memos_medium:474,,,,,correct,,baseline_correct_residual
memos_medium:475,False,False,False,,correct,,baseline_correct_residual
memos_medium:476,False,False,True,,hallucination,,unresolved_or_missing_evidence
memos_medium:477,False,False,False,,correct,,baseline_correct_residual
memos_medium:478,False,False,False,,correct,,baseline_correct_residual
memos_medium:481,False,False,False,,correct,,baseline_correct_residual
memos_medium:482,False,False,True,,hallucination,,unresolved_or_missing_evidence
memos_medium:483,False,False,True,,hallucination,,unresolved_or_missing_evidence
memos_medium:484,False,False,False,,correct,,baseline_correct_residual
memos_medium:485,,,,,hallucination,,unresolved_or_missing_evidence
memos_medium:486,False,False,False,,correct,,baseline_correct_residual
memos_medium:487,False,False,True,,hallucination,,unresolved_or_missing_evidence
memos_medium:489,False,False,False,,correct,,baseline_correct_residual
memos_medium:494,,,,,hallucination,,unresolved_or_missing_evidence
memos_medium:495,False,False,False,,correct,,baseline_correct_residual
memos_medium:497,,,,,hallucination,,unresolved_or_missing_evidence
memos_medium:498,,,,,hallucination,,unresolved_or_missing_evidence
memos_medium:499,False,False,True,,hallucination,,unresolved_or_missing_evidence
memos_medium:500,False,False,False,,correct,,baseline_correct_residual
memos_medium:502,False,False,False,,correct,,baseline_correct_residual
memos_medium:503,False,False,False,,correct,,baseline_correct_residual
memos_medium:505,False,False,True,,hallucination,,unresolved_or_missing_evidence
memos_medium:506,False,False,False,,correct,,baseline_correct_residual
memos_medium:508,,,,,hallucination,,unresolved_or_missing_evidence
memos_medium:510,,,,,correct,,baseline_correct_residual
memos_medium:511,,,,,correct,,baseline_correct_residual
memos_medium:514,False,False,False,,correct,,baseline_correct_residual
memos_medium:516,,,,,omission,,unresolved_or_missing_evidence
memos_medium:517,False,False,False,,correct,,baseline_correct_residual
memos_medium:518,False,False,True,,omission,,unresolved_or_missing_evidence
memos_medium:520,,,,,omission,,unresolved_or_missing_evidence
memos_medium:522,False,False,False,,correct,,baseline_correct_residual
memos_medium:523,False,False,False,,correct,,baseline_correct_residual
memos_medium:527,False,False,False,,correct,,baseline_correct_residual
memos_medium:531,False,False,False,,correct,,baseline_correct_residual
memos_medium:532,False,False,False,,correct,,baseline_correct_residual
memos_medium:533,False,False,False,,correct,,baseline_correct_residual
memos_medium:534,,,,,correct,,baseline_correct_residual
memos_medium:538,False,False,False,,correct,,baseline_correct_residual
memos_medium:539,False,False,True,,hallucination,,unresolved_or_missing_evidence
memos_medium:540,False,True,False,False,hallucination,,serialization_loss
memos_medium:541,False,False,True,,hallucination,,unresolved_or_missing_evidence
memos_medium:542,False,False,False,,correct,,baseline_correct_residual
memos_medium:549,,,,,hallucination,,unresolved_or_missing_evidence
memos_medium:550,False,False,True,,hallucination,,unresolved_or_missing_evidence
memos_medium:551,False,False,False,,correct,,baseline_correct_residual
memos_medium:552,False,False,False,,correct,,baseline_correct_residual
memos_medium:555,False,False,False,,correct,,baseline_correct_residual
memos_medium:556,False,False,True,,hallucination,,unresolved_or_missing_evidence
memos_medium:557,False,False,True,,hallucination,,unresolved_or_missing_evidence
memos_medium:558,False,False,True,,hallucination,,unresolved_or_missing_evidence
memos_medium:559,False,False,True,,hallucination,,unresolved_or_missing_evidence
memos_medium:560,False,False,True,,hallucination,,unresolved_or_missing_evidence
memos_medium:562,False,False,False,,correct,,baseline_correct_residual
memos_medium:563,False,False,False,,correct,,baseline_correct_residual
memos_medium:564,,,,,correct,,baseline_correct_residual
memos_medium:566,False,False,False,,correct,,baseline_correct_residual
memos_medium:567,False,False,True,,hallucination,,unresolved_or_missing_evidence
memos_medium:568,False,False,False,,correct,,baseline_correct_residual
memos_medium:569,False,False,False,,correct,,baseline_correct_residual
memos_medium:571,False,False,False,,correct,,baseline_correct_residual
memos_medium:572,False,False,True,,hallucination,,unresolved_or_missing_evidence
memos_medium:573,False,False,False,,correct,,baseline_correct_residual
memos_medium:574,False,False,False,,correct,,baseline_correct_residual
memos_medium:575,False,False,False,,correct,,baseline_correct_residual
memos_medium:576,False,False,True,,omission,,unresolved_or_missing_evidence
memos_medium:577,False,False,True,,hallucination,,unresolved_or_missing_evidence
memos_medium:580,False,False,False,,correct,,baseline_correct_residual
memos_medium:581,False,False,False,,correct,,baseline_correct_residual
memos_medium:582,False,False,False,,correct,,baseline_correct_residual
memos_medium:583,False,False,False,,correct,,baseline_correct_residual
memos_medium:584,,,,,hallucination,,unresolved_or_missing_evidence
memos_medium:585,False,False,False,,correct,,baseline_correct_residual
memos_medium:587,False,False,False,,correct,,baseline_correct_residual
memos_medium:588,,,,,correct,,baseline_correct_residual
memos_medium:589,False,False,True,,omission,,unresolved_or_missing_evidence
memos_medium:590,False,False,False,,correct,,baseline_correct_residual
memos_medium:591,False,False,False,,correct,,baseline_correct_residual
memos_medium:592,,,,,hallucination,,unresolved_or_missing_evidence
memos_medium:598,False,False,False,,correct,,baseline_correct_residual
memos_medium:599,,,,,correct,,baseline_correct_residual
memos_medium:601,False,False,False,,correct,,baseline_correct_residual
memos_medium:603,False,False,True,,hallucination,,unresolved_or_missing_evidence
memos_medium:604,False,False,True,,hallucination,,unresolved_or_missing_evidence
memos_medium:606,,,,,hallucination,,unresolved_or_missing_evidence
memos_medium:607,False,False,False,,correct,,baseline_correct_residual
memos_medium:608,,,,,hallucination,,unresolved_or_missing_evidence
memos_medium:610,False,False,True,,hallucination,,unresolved_or_missing_evidence
memos_medium:611,False,False,False,,correct,,baseline_correct_residual
memos_medium:612,False,False,False,,correct,,baseline_correct_residual
memos_medium:616,False,False,False,,correct,,baseline_correct_residual
memos_medium:617,,,,,correct,,baseline_correct_residual
memos_medium:619,False,True,False,False,correct,,baseline_correct_residual
memos_medium:620,,,,,correct,,baseline_correct_residual
memos_medium:621,False,False,False,,correct,,baseline_correct_residual
memos_medium:623,False,False,False,,correct,,baseline_correct_residual
memos_medium:624,False,False,False,,correct,,baseline_correct_residual
memos_medium:627,False,False,False,,correct,,baseline_correct_residual
memos_medium:628,False,True,False,False,hallucination,,serialization_loss
memos_medium:629,,,,,hallucination,,unresolved_or_missing_evidence
memos_medium:631,False,False,False,,correct,,baseline_correct_residual
memos_medium:632,False,False,False,,correct,,baseline_correct_residual
memos_medium:633,False,False,False,,correct,,baseline_correct_residual
memos_medium:634,False,False,False,,correct,,baseline_correct_residual
memos_medium:637,,,,,correct,,baseline_correct_residual
memos_medium:639,,,,,correct,,baseline_correct_residual
memos_medium:640,False,False,False,,correct,,baseline_correct_residual
memos_medium:642,False,False,False,,correct,,baseline_correct_residual
memos_medium:644,,,,,correct,,baseline_correct_residual
memos_medium:645,False,False,False,,correct,,baseline_correct_residual
memos_medium:647,False,False,False,,correct,,baseline_correct_residual
memos_medium:649,False,False,False,,correct,,baseline_correct_residual
memos_medium:650,False,False,False,,correct,,baseline_correct_residual
memos_medium:651,False,False,False,,correct,,baseline_correct_residual
memos_medium:652,False,False,False,,correct,,baseline_correct_residual
memos_medium:653,False,True,False,False,correct,,baseline_correct_residual
memos_medium:654,False,False,False,,correct,,baseline_correct_residual
memos_medium:655,False,True,False,False,hallucination,,serialization_loss
memos_medium:656,,,,,hallucination,,unresolved_or_missing_evidence
memos_medium:659,False,False,False,,correct,,baseline_correct_residual
memos_medium:661,False,False,True,,hallucination,,unresolved_or_missing_evidence
memos_medium:664,False,False,False,,correct,,baseline_correct_residual
memos_medium:665,False,False,False,,correct,,baseline_correct_residual
memos_medium:666,False,False,False,,correct,,baseline_correct_residual
memos_medium:667,False,False,False,,correct,,baseline_correct_residual
memos_medium:668,False,False,True,,hallucination,,unresolved_or_missing_evidence
memos_medium:669,False,False,False,,correct,,baseline_correct_residual
memos_medium:670,False,False,True,,hallucination,,unresolved_or_missing_evidence
memos_medium:671,False,False,False,,correct,,baseline_correct_residual
memos_medium:674,False,False,False,,correct,,baseline_correct_residual
memos_medium:675,False,False,False,,correct,,baseline_correct_residual
memos_medium:676,False,False,False,,correct,,baseline_correct_residual
memos_medium:677,False,False,False,,correct,,baseline_correct_residual
memos_medium:678,False,False,False,,correct,,baseline_correct_residual
memos_medium:680,False,False,True,,hallucination,,unresolved_or_missing_evidence
memos_medium:681,False,False,False,,correct,,baseline_correct_residual
memos_medium:682,False,False,True,,hallucination,,unresolved_or_missing_evidence
memos_medium:683,,,,,hallucination,,unresolved_or_missing_evidence
memos_medium:684,False,False,False,,correct,,baseline_correct_residual
memos_medium:685,,,,,correct,,baseline_correct_residual
memos_medium:688,False,False,True,,hallucination,,unresolved_or_missing_evidence
memos_medium:689,False,False,False,,correct,,baseline_correct_residual
memos_medium:690,False,True,False,False,hallucination,,serialization_loss
memos_medium:693,False,False,True,,hallucination,,unresolved_or_missing_evidence
memos_medium:694,False,False,True,,hallucination,,unresolved_or_missing_evidence
memos_medium:695,False,False,False,,correct,,baseline_correct_residual
memos_medium:696,False,False,True,,hallucination,,unresolved_or_missing_evidence
memos_medium:697,False,False,True,,hallucination,,unresolved_or_missing_evidence
memos_medium:699,False,False,False,,correct,,baseline_correct_residual
memos_medium:701,False,False,True,,hallucination,,unresolved_or_missing_evidence
memos_medium:702,,,,,correct,,baseline_correct_residual
memos_medium:712,False,False,False,,correct,,baseline_correct_residual
memos_medium:713,False,True,False,False,correct,,baseline_correct_residual
memos_medium:715,,,,,hallucination,,unresolved_or_missing_evidence
memos_medium:716,,,,,omission,,unresolved_or_missing_evidence
memos_medium:717,False,False,False,,correct,,baseline_correct_residual
memos_medium:719,,,,,omission,,unresolved_or_missing_evidence
memos_medium:721,False,False,True,,hallucination,,unresolved_or_missing_evidence
memos_medium:722,False,False,False,,correct,,baseline_correct_residual
memos_medium:724,False,False,True,,omission,,unresolved_or_missing_evidence
memos_medium:725,False,False,True,,omission,,unresolved_or_missing_evidence
memos_medium:726,False,False,False,,correct,,baseline_correct_residual
memos_medium:728,False,False,False,,correct,,baseline_correct_residual
memos_medium:729,False,False,False,,correct,,baseline_correct_residual
memos_medium:731,False,False,False,,correct,,baseline_correct_residual
memos_medium:733,False,False,False,,correct,,baseline_correct_residual
memos_medium:734,False,False,False,,correct,,baseline_correct_residual
memos_medium:735,False,False,False,,correct,,baseline_correct_residual
memos_medium:736,,,,,hallucination,,unresolved_or_missing_evidence
memos_medium:738,False,False,False,,correct,,baseline_correct_residual
memos_medium:739,False,False,True,,omission,,unresolved_or_missing_evidence
memos_medium:742,False,False,False,,correct,,baseline_correct_residual
memos_medium:744,False,False,False,,correct,,baseline_correct_residual
memos_medium:745,False,False,True,,omission,,unresolved_or_missing_evidence
memos_medium:746,False,False,False,,correct,,baseline_correct_residual
memos_medium:747,,,,,hallucination,,unresolved_or_missing_evidence
memos_medium:748,,,,,correct,,baseline_correct_residual
memos_medium:749,False,False,False,,correct,,baseline_correct_residual
memos_medium:750,,,,,hallucination,,unresolved_or_missing_evidence
memos_medium:751,False,False,False,,correct,,baseline_correct_residual
memos_medium:754,False,False,False,,correct,,baseline_correct_residual
memos_medium:756,False,False,False,,correct,,baseline_correct_residual
memos_medium:757,False,False,False,,correct,,baseline_correct_residual
memos_medium:759,False,False,True,,hallucination,,unresolved_or_missing_evidence
memos_medium:760,False,False,False,,correct,,baseline_correct_residual
memos_medium:765,False,False,True,,hallucination,,unresolved_or_missing_evidence
memos_medium:766,False,False,False,,correct,,baseline_correct_residual
memos_medium:767,False,False,False,,correct,,baseline_correct_residual
memos_medium:768,,,,,correct,,baseline_correct_residual
memos_medium:770,False,False,False,,correct,,baseline_correct_residual
memos_medium:771,False,False,False,,correct,,baseline_correct_residual
memos_medium:772,False,False,True,,hallucination,,unresolved_or_missing_evidence
memos_medium:773,False,False,False,,correct,,baseline_correct_residual
memos_medium:774,False,False,False,,correct,,baseline_correct_residual
memos_medium:775,False,False,True,,hallucination,,unresolved_or_missing_evidence
memos_medium:776,False,False,False,,correct,,baseline_correct_residual
memos_medium:778,False,False,False,,correct,,baseline_correct_residual
memos_medium:779,,,,,correct,,baseline_correct_residual
memos_medium:782,False,False,False,,correct,,baseline_correct_residual
memos_medium:784,False,False,False,,correct,,baseline_correct_residual
memos_medium:785,False,False,False,,correct,,baseline_correct_residual
memos_medium:786,False,False,False,,correct,,baseline_correct_residual
memos_medium:788,False,False,False,,correct,,baseline_correct_residual
memos_medium:789,False,False,True,,hallucination,,unresolved_or_missing_evidence
memos_medium:791,False,False,False,,correct,,baseline_correct_residual
memos_medium:795,,,,,hallucination,,unresolved_or_missing_evidence
memos_medium:797,False,False,True,,hallucination,,unresolved_or_missing_evidence
memos_medium:798,False,False,False,,correct,,baseline_correct_residual
memos_medium:799,False,False,True,,hallucination,,unresolved_or_missing_evidence
memos_medium:801,False,False,False,,correct,,baseline_correct_residual
memos_medium:802,False,False,False,,correct,,baseline_correct_residual
memos_medium:803,False,False,False,,correct,,baseline_correct_residual
memos_medium:804,False,False,False,,correct,,baseline_correct_residual
memos_medium:806,False,False,False,,correct,,baseline_correct_residual
memos_medium:807,,,,,correct,,baseline_correct_residual
memos_medium:808,False,False,True,,hallucination,,unresolved_or_missing_evidence
memos_medium:812,False,False,False,,correct,,baseline_correct_residual
memos_medium:813,False,False,False,,correct,,baseline_correct_residual
memos_medium:817,,,,,hallucination,,unresolved_or_missing_evidence
memos_medium:819,,,,,hallucination,,unresolved_or_missing_evidence
memos_medium:822,False,False,False,,correct,,baseline_correct_residual
memos_medium:824,False,False,False,,correct,,baseline_correct_residual
memos_medium:825,False,False,False,,correct,,baseline_correct_residual
memos_medium:828,False,False,False,,correct,,baseline_correct_residual
memos_medium:829,False,False,False,,correct,,baseline_correct_residual
memos_medium:830,False,False,False,,correct,,baseline_correct_residual
memos_medium:831,False,False,False,,correct,,baseline_correct_residual
memos_medium:832,,,,,hallucination,,unresolved_or_missing_evidence
memos_medium:834,False,False,True,,hallucination,,unresolved_or_missing_evidence
memos_medium:835,False,False,False,,correct,,baseline_correct_residual
memos_medium:837,,,,,hallucination,,unresolved_or_missing_evidence
memos_medium:838,False,False,True,,omission,,unresolved_or_missing_evidence
memos_medium:839,False,False,False,,correct,,baseline_correct_residual
memos_medium:842,False,False,False,,correct,,baseline_correct_residual
memos_medium:843,False,False,False,,correct,,baseline_correct_residual
memos_medium:844,False,False,False,,correct,,baseline_correct_residual
memos_medium:852,False,True,False,False,hallucination,,serialization_loss
memos_medium:853,False,False,False,,correct,,baseline_correct_residual
memos_medium:855,,,,,hallucination,,unresolved_or_missing_evidence
memos_medium:860,False,False,True,,hallucination,,unresolved_or_missing_evidence
memos_medium:861,False,False,False,,correct,,baseline_correct_residual
memos_medium:862,,,,,hallucination,,unresolved_or_missing_evidence
memos_medium:863,False,False,False,,correct,,baseline_correct_residual
memos_medium:864,,,,,hallucination,,unresolved_or_missing_evidence
memos_medium:866,False,False,False,,correct,,baseline_correct_residual
memos_medium:867,False,False,False,,correct,,baseline_correct_residual
memos_medium:868,False,False,False,,correct,,baseline_correct_residual
memos_medium:869,False,False,False,,correct,,baseline_correct_residual
memos_medium:870,False,False,False,,correct,,baseline_correct_residual
memos_medium:871,False,False,False,,correct,,baseline_correct_residual
memos_medium:872,False,False,False,,correct,,baseline_correct_residual
memos_medium:873,False,False,True,,hallucination,,unresolved_or_missing_evidence
memos_medium:876,,,,,hallucination,,unresolved_or_missing_evidence
memos_medium:877,False,False,False,,correct,,baseline_correct_residual
memos_medium:878,False,False,True,,hallucination,,unresolved_or_missing_evidence
memos_medium:879,False,False,False,,correct,,baseline_correct_residual
memos_medium:880,False,False,False,,correct,,baseline_correct_residual
memos_medium:887,False,False,False,,correct,,baseline_correct_residual
memos_medium:891,,,,,hallucination,,unresolved_or_missing_evidence
memos_medium:892,False,False,False,,correct,,baseline_correct_residual
memos_medium:894,False,False,False,,correct,,baseline_correct_residual
memos_medium:895,False,False,False,,correct,,baseline_correct_residual
memos_medium:896,False,False,False,,correct,,baseline_correct_residual
memos_medium:897,False,False,True,,hallucination,,unresolved_or_missing_evidence
memos_medium:899,False,False,False,,correct,,baseline_correct_residual
memos_medium:901,False,False,False,,correct,,baseline_correct_residual
memos_medium:903,False,False,False,,correct,,baseline_correct_residual
memos_medium:904,,,,,correct,,baseline_correct_residual
memos_medium:905,False,False,False,,correct,,baseline_correct_residual
memos_medium:906,False,False,False,,correct,,baseline_correct_residual
memos_medium:907,False,False,False,,correct,,baseline_correct_residual
memos_medium:908,False,False,False,,correct,,baseline_correct_residual
memos_medium:909,,,,,hallucination,,unresolved_or_missing_evidence
memos_medium:912,False,False,False,,correct,,baseline_correct_residual
memos_medium:913,,,,,hallucination,,unresolved_or_missing_evidence
memos_medium:914,False,False,True,,hallucination,,unresolved_or_missing_evidence
memos_medium:916,False,False,True,,hallucination,,unresolved_or_missing_evidence
memos_medium:917,False,False,False,,correct,,baseline_correct_residual
memos_medium:919,False,False,True,,hallucination,,unresolved_or_missing_evidence
memos_medium:920,False,False,True,,hallucination,,unresolved_or_missing_evidence
memos_medium:922,False,False,False,,correct,,baseline_correct_residual
memos_medium:923,False,False,True,,hallucination,,unresolved_or_missing_evidence
memos_medium:924,False,True,False,False,omission,,serialization_loss
memos_medium:934,,,,,correct,,baseline_correct_residual
memos_medium:938,False,False,False,,correct,,baseline_correct_residual
memos_medium:939,False,False,True,,hallucination,,unresolved_or_missing_evidence
memos_medium:940,False,False,False,,correct,,baseline_correct_residual
memos_medium:941,False,False,False,,correct,,baseline_correct_residual
memos_medium:942,False,False,True,,hallucination,,unresolved_or_missing_evidence
memos_medium:943,False,False,False,,correct,,baseline_correct_residual
memos_medium:944,False,False,False,,correct,,baseline_correct_residual
memos_medium:945,False,True,False,False,omission,,serialization_loss
memos_medium:948,False,True,False,False,hallucination,,serialization_loss
memos_medium:956,False,False,True,,hallucination,,unresolved_or_missing_evidence
memos_medium:958,False,False,False,,correct,,baseline_correct_residual
memos_medium:960,False,False,False,,correct,,baseline_correct_residual
memos_medium:962,False,True,False,False,correct,,baseline_correct_residual
memos_medium:964,,,,,correct,,baseline_correct_residual
memos_medium:965,False,False,False,,correct,,baseline_correct_residual
memos_medium:967,False,False,False,,correct,,baseline_correct_residual
memos_medium:969,False,False,True,,hallucination,,unresolved_or_missing_evidence
memos_medium:970,False,False,False,,correct,,baseline_correct_residual
memos_medium:971,False,False,False,,correct,,baseline_correct_residual
memos_medium:972,False,False,False,,correct,,baseline_correct_residual
memos_medium:973,False,False,False,,correct,,baseline_correct_residual
memos_medium:974,False,False,False,,correct,,baseline_correct_residual
memos_medium:975,False,False,True,,hallucination,,unresolved_or_missing_evidence
memos_medium:979,False,False,False,,correct,,baseline_correct_residual
memos_medium:980,False,True,False,False,hallucination,,serialization_loss
memos_medium:981,False,False,False,,correct,,baseline_correct_residual
memos_medium:982,False,False,False,,correct,,baseline_correct_residual
memos_medium:984,False,False,True,,hallucination,,unresolved_or_missing_evidence
memos_medium:985,False,False,False,,correct,,baseline_correct_residual
memos_medium:986,False,False,False,,correct,,baseline_correct_residual
memos_medium:988,False,False,False,,correct,,baseline_correct_residual
memos_medium:989,False,False,False,,correct,,baseline_correct_residual
memos_medium:991,False,False,False,,correct,,baseline_correct_residual
memos_medium:992,False,False,False,,correct,,baseline_correct_residual
memos_medium:995,False,True,False,False,hallucination,,serialization_loss
memos_medium:1001,False,False,False,,correct,,baseline_correct_residual
memos_medium:1002,False,False,False,,correct,,baseline_correct_residual
memos_medium:1003,False,False,False,,correct,,baseline_correct_residual
memos_medium:1004,False,False,False,,correct,,baseline_correct_residual
memos_medium:1005,False,False,False,,correct,,baseline_correct_residual
memos_medium:1006,False,False,False,,correct,,baseline_correct_residual
memos_medium:1007,False,False,True,,hallucination,,unresolved_or_missing_evidence
memos_medium:1010,False,False,True,,hallucination,,unresolved_or_missing_evidence
memos_medium:1015,False,False,True,,hallucination,,unresolved_or_missing_evidence
memos_medium:1018,False,True,False,False,omission,,serialization_loss
memos_medium:1019,False,True,False,False,hallucination,,serialization_loss
memos_medium:1024,False,False,False,,correct,,baseline_correct_residual
memos_medium:1026,False,False,False,,correct,,baseline_correct_residual
memos_medium:1027,,,,,correct,,baseline_correct_residual
memos_medium:1028,False,False,True,,hallucination,,unresolved_or_missing_evidence
memos_medium:1032,False,True,False,False,correct,,baseline_correct_residual
memos_medium:1033,False,False,False,,correct,,baseline_correct_residual
memos_medium:1035,False,False,False,,correct,,baseline_correct_residual
memos_medium:1036,False,False,True,,hallucination,,unresolved_or_missing_evidence
memos_medium:1037,False,False,False,,correct,,baseline_correct_residual
memos_medium:1038,,,,,correct,,baseline_correct_residual
memos_medium:1039,False,False,False,,correct,,baseline_correct_residual
memos_medium:1040,False,False,False,,correct,,baseline_correct_residual
memos_medium:1041,False,False,False,,correct,,baseline_correct_residual
memos_medium:1042,False,False,False,,correct,,baseline_correct_residual
memos_medium:1045,False,False,False,,correct,,baseline_correct_residual
memos_medium:1046,False,False,False,,correct,,baseline_correct_residual
memos_medium:1054,False,False,False,,correct,,baseline_correct_residual
memos_medium:1055,False,False,False,,correct,,baseline_correct_residual
memos_medium:1056,False,False,False,,correct,,baseline_correct_residual
memos_medium:1057,False,False,False,,correct,,baseline_correct_residual
memos_medium:1059,False,False,False,,correct,,baseline_correct_residual
memos_medium:1060,False,False,False,,correct,,baseline_correct_residual
memos_medium:1061,False,False,False,,correct,,baseline_correct_residual
memos_medium:1062,False,False,False,,correct,,baseline_correct_residual
memos_medium:1064,False,False,False,,correct,,baseline_correct_residual
memos_medium:1065,False,False,False,,correct,,baseline_correct_residual
memos_medium:1066,False,False,False,,correct,,baseline_correct_residual
memos_medium:1071,,,,,hallucination,,unresolved_or_missing_evidence
memos_medium:1072,False,False,False,,correct,,baseline_correct_residual
memos_medium:1075,False,False,False,,correct,,baseline_correct_residual
memos_medium:1080,,,,,correct,,baseline_correct_residual
memos_medium:1085,False,False,False,,correct,,baseline_correct_residual
memos_medium:1086,False,False,False,,correct,,baseline_correct_residual
memos_medium:1087,False,False,False,,correct,,baseline_correct_residual
memos_medium:1088,False,False,False,,correct,,baseline_correct_residual
memos_medium:1089,False,False,False,,correct,,baseline_correct_residual
memos_medium:1093,False,False,False,,correct,,baseline_correct_residual
memos_medium:1094,False,False,False,,correct,,baseline_correct_residual
memos_medium:1095,,,,,omission,,unresolved_or_missing_evidence
memos_medium:1098,,,,,hallucination,,unresolved_or_missing_evidence
memos_medium:1099,False,False,False,,correct,,baseline_correct_residual
memos_medium:1100,False,False,True,,hallucination,,unresolved_or_missing_evidence
memos_medium:1102,,,,,hallucination,,unresolved_or_missing_evidence
memos_medium:1103,False,False,True,,hallucination,,unresolved_or_missing_evidence
memos_medium:1105,False,False,False,,correct,,baseline_correct_residual
memos_medium:1106,False,False,False,,correct,,baseline_correct_residual
memos_medium:1107,False,False,False,,correct,,baseline_correct_residual
memos_medium:1109,False,False,False,,correct,,baseline_correct_residual
memos_medium:1110,False,False,False,,correct,,baseline_correct_residual
memos_medium:1111,False,False,False,,correct,,baseline_correct_residual
memos_medium:1112,False,False,False,,correct,,baseline_correct_residual
memos_medium:1113,False,False,False,,correct,,baseline_correct_residual
memos_medium:1114,False,False,False,,correct,,baseline_correct_residual
memos_medium:1116,False,False,False,,correct,,baseline_correct_residual
memos_medium:1117,False,True,False,False,correct,,baseline_correct_residual
memos_medium:1119,False,False,True,,hallucination,,unresolved_or_missing_evidence
memos_medium:1124,False,False,False,,correct,,baseline_correct_residual
memos_medium:1125,,,,,correct,,baseline_correct_residual
memos_medium:1130,,,,,correct,,baseline_correct_residual
memos_medium:1134,False,True,False,False,correct,,baseline_correct_residual
memos_medium:1135,False,True,False,False,correct,,baseline_correct_residual
memos_medium:1137,False,False,False,,correct,,baseline_correct_residual
memos_medium:1138,False,False,False,,correct,,baseline_correct_residual
memos_medium:1140,False,False,False,,correct,,baseline_correct_residual
memos_medium:1142,False,False,False,,correct,,baseline_correct_residual
memos_medium:1145,False,False,False,,correct,,baseline_correct_residual
memos_medium:1147,False,False,False,,correct,,baseline_correct_residual
memos_medium:1148,False,False,False,,correct,,baseline_correct_residual
memos_medium:1150,False,False,False,,correct,,baseline_correct_residual
memos_medium:1151,False,False,False,,correct,,baseline_correct_residual
memos_medium:1152,False,False,False,,correct,,baseline_correct_residual
memos_medium:1154,,,,,hallucination,,unresolved_or_missing_evidence
memos_medium:1157,False,False,False,,correct,,baseline_correct_residual
memos_medium:1158,False,False,True,,hallucination,,unresolved_or_missing_evidence
memos_medium:1160,False,False,False,,correct,,baseline_correct_residual
memos_medium:1161,False,False,False,,correct,,baseline_correct_residual
memos_medium:1162,False,False,False,,correct,,baseline_correct_residual
memos_medium:1171,False,False,False,,correct,,baseline_correct_residual
memos_medium:1173,False,False,True,,hallucination,,unresolved_or_missing_evidence
memos_medium:1174,False,False,True,,hallucination,,unresolved_or_missing_evidence
memos_medium:1175,False,False,False,,correct,,baseline_correct_residual
memos_medium:1177,False,False,True,,hallucination,,unresolved_or_missing_evidence
memos_medium:1178,False,False,True,,hallucination,,unresolved_or_missing_evidence
memos_medium:1179,False,False,False,,correct,,baseline_correct_residual
memos_medium:1180,,,,,correct,,baseline_correct_residual
memos_medium:1184,False,False,False,,correct,,baseline_correct_residual
memos_medium:1185,False,False,False,,correct,,baseline_correct_residual
memos_medium:1186,False,False,False,,correct,,baseline_correct_residual
memos_medium:1191,,,,,omission,,unresolved_or_missing_evidence
memos_medium:1192,False,False,False,,correct,,baseline_correct_residual
memos_medium:1193,False,False,False,,correct,,baseline_correct_residual
memos_medium:1194,False,False,False,,correct,,baseline_correct_residual
memos_medium:1195,False,False,False,,correct,,baseline_correct_residual
memos_medium:1197,False,False,False,,correct,,baseline_correct_residual
memos_medium:1198,False,False,False,,correct,,baseline_correct_residual
memos_medium:1199,False,False,True,,hallucination,,unresolved_or_missing_evidence
memos_medium:1201,,,,,correct,,baseline_correct_residual
memos_medium:1202,False,False,False,,correct,,baseline_correct_residual
memos_medium:1203,False,False,False,,correct,,baseline_correct_residual
memos_medium:1204,,,,,hallucination,,unresolved_or_missing_evidence
memos_medium:1206,False,False,True,,hallucination,,unresolved_or_missing_evidence
memos_medium:1207,False,False,False,,correct,,baseline_correct_residual
memos_medium:1212,,,,,hallucination,,unresolved_or_missing_evidence
memos_medium:1213,,,,,hallucination,,unresolved_or_missing_evidence
memos_medium:1214,False,False,True,,hallucination,,unresolved_or_missing_evidence
memos_medium:1216,False,False,True,,hallucination,,unresolved_or_missing_evidence
memos_medium:1218,False,False,False,,correct,,baseline_correct_residual
memos_medium:1221,False,False,False,,correct,,baseline_correct_residual
memos_medium:1222,False,False,False,,correct,,baseline_correct_residual
memos_medium:1223,False,True,False,False,hallucination,,serialization_loss
memos_medium:1225,False,False,False,,correct,,baseline_correct_residual
memos_medium:1227,False,False,False,,correct,,baseline_correct_residual
memos_medium:1232,False,False,True,,hallucination,,unresolved_or_missing_evidence
memos_medium:1234,False,False,False,,correct,,baseline_correct_residual
memos_medium:1237,False,False,False,,correct,,baseline_correct_residual
memos_medium:1238,False,False,True,,hallucination,,unresolved_or_missing_evidence
memos_medium:1239,False,False,True,,hallucination,,unresolved_or_missing_evidence
memos_medium:1244,False,False,False,,correct,,baseline_correct_residual
memos_medium:1245,False,False,True,,hallucination,,unresolved_or_missing_evidence
memos_medium:1246,False,False,False,,correct,,baseline_correct_residual
memos_medium:1249,False,False,True,,hallucination,,unresolved_or_missing_evidence
memos_medium:1250,False,False,False,,correct,,baseline_correct_residual
memos_medium:1251,False,False,False,,correct,,baseline_correct_residual
memos_medium:1252,False,False,False,,correct,,baseline_correct_residual
memos_medium:1258,False,False,False,,correct,,baseline_correct_residual
memos_medium:1259,False,False,False,,correct,,baseline_correct_residual
memos_medium:1261,False,False,False,,correct,,baseline_correct_residual
memos_medium:1262,,,,,correct,,baseline_correct_residual
memos_medium:1263,False,False,False,,correct,,baseline_correct_residual
memos_medium:1264,False,False,False,,correct,,baseline_correct_residual
memos_medium:1265,False,False,True,,hallucination,,unresolved_or_missing_evidence
memos_medium:1267,,,,,correct,,baseline_correct_residual
memos_medium:1268,,,,,correct,,baseline_correct_residual
memos_medium:1269,False,False,False,,correct,,baseline_correct_residual
memos_medium:1270,False,False,False,,correct,,baseline_correct_residual
memos_medium:1271,,,,,correct,,baseline_correct_residual
memos_medium:1272,False,False,False,,correct,,baseline_correct_residual
memos_medium:1273,False,False,False,,correct,,baseline_correct_residual
memos_medium:1274,False,False,True,,hallucination,,unresolved_or_missing_evidence
memos_medium:1276,False,False,True,,hallucination,,unresolved_or_missing_evidence
memos_medium:1277,False,False,True,,hallucination,,unresolved_or_missing_evidence
memos_medium:1278,False,False,True,,hallucination,,unresolved_or_missing_evidence
memos_medium:1279,False,False,False,,correct,,baseline_correct_residual
memos_medium:1280,False,False,False,,correct,,baseline_correct_residual
memos_medium:1281,False,False,True,,hallucination,,unresolved_or_missing_evidence
memos_medium:1282,False,False,False,,correct,,baseline_correct_residual
memos_medium:1283,False,False,False,,correct,,baseline_correct_residual
memos_medium:1284,False,False,False,,correct,,baseline_correct_residual
memos_medium:1286,False,False,False,,correct,,baseline_correct_residual
memos_medium:1287,False,False,False,,correct,,baseline_correct_residual
memos_medium:1288,False,False,True,,hallucination,,unresolved_or_missing_evidence
memos_medium:1289,False,True,False,False,hallucination,,serialization_loss
memos_medium:1290,False,False,True,,hallucination,,unresolved_or_missing_evidence
memos_medium:1292,False,False,False,,correct,,baseline_correct_residual
memos_medium:1295,,,,,hallucination,,unresolved_or_missing_evidence
memos_medium:1296,False,False,False,,correct,,baseline_correct_residual
memos_medium:1297,False,False,False,,correct,,baseline_correct_residual
memos_medium:1298,False,False,True,,hallucination,,unresolved_or_missing_evidence
memos_medium:1304,False,False,True,,hallucination,,unresolved_or_missing_evidence
memos_medium:1305,,,,,hallucination,,unresolved_or_missing_evidence
memos_medium:1306,False,False,False,,correct,,baseline_correct_residual
memos_medium:1307,False,False,False,,correct,,baseline_correct_residual
memos_medium:1309,False,False,False,,correct,,baseline_correct_residual
memos_medium:1310,False,False,False,,correct,,baseline_correct_residual
memos_medium:1311,False,False,False,,correct,,baseline_correct_residual
memos_medium:1314,False,False,False,,correct,,baseline_correct_residual
memos_medium:1315,False,False,False,,correct,,baseline_correct_residual
memos_medium:1316,False,False,True,,hallucination,,unresolved_or_missing_evidence
memos_medium:1318,False,False,False,,correct,,baseline_correct_residual
memos_medium:1319,False,False,True,,hallucination,,unresolved_or_missing_evidence
memos_medium:1323,False,False,False,,correct,,baseline_correct_residual
memos_medium:1324,False,False,False,,correct,,baseline_correct_residual
memos_medium:1325,False,True,False,False,hallucination,,serialization_loss
memos_medium:1326,False,False,False,,correct,,baseline_correct_residual
memos_medium:1327,False,False,False,,correct,,baseline_correct_residual
memos_medium:1328,,,,,correct,,baseline_correct_residual
memos_medium:1329,False,False,False,,correct,,baseline_correct_residual
memos_medium:1330,False,False,False,,correct,,baseline_correct_residual
memos_medium:1332,False,False,True,,hallucination,,unresolved_or_missing_evidence
memos_medium:1333,False,False,True,,omission,,unresolved_or_missing_evidence
memos_medium:1334,False,False,False,,correct,,baseline_correct_residual
memos_medium:1336,False,False,False,,correct,,baseline_correct_residual
memos_medium:1337,False,False,False,,correct,,baseline_correct_residual
memos_medium:1338,False,False,False,,correct,,baseline_correct_residual
memos_medium:1340,False,False,False,,correct,,baseline_correct_residual
memos_medium:1341,False,False,False,,correct,,baseline_correct_residual
memos_medium:1342,False,False,False,,correct,,baseline_correct_residual
memos_medium:1343,False,False,False,,correct,,baseline_correct_residual
memos_medium:1346,False,False,False,,correct,,baseline_correct_residual
memos_medium:1347,,,,,correct,,baseline_correct_residual
memos_medium:1348,,,,,hallucination,,unresolved_or_missing_evidence
memos_medium:1350,False,False,True,,hallucination,,unresolved_or_missing_evidence
memos_medium:1353,False,False,False,,correct,,baseline_correct_residual
memos_medium:1357,False,False,False,,correct,,baseline_correct_residual
memos_medium:1358,False,False,True,,hallucination,,unresolved_or_missing_evidence
memos_medium:1360,False,False,True,,hallucination,,unresolved_or_missing_evidence
memos_medium:1361,False,False,True,,hallucination,,unresolved_or_missing_evidence
memos_medium:1362,False,False,True,,omission,,unresolved_or_missing_evidence
memos_medium:1364,False,False,False,,correct,,baseline_correct_residual
memos_medium:1365,False,False,False,,correct,,baseline_correct_residual
memos_medium:1370,False,False,True,,hallucination,,unresolved_or_missing_evidence
memos_medium:1371,False,False,False,,correct,,baseline_correct_residual
memos_medium:1376,False,False,False,,correct,,baseline_correct_residual
memos_medium:1379,False,False,False,,correct,,baseline_correct_residual
memos_medium:1380,False,False,False,,correct,,baseline_correct_residual
memos_medium:1381,False,False,False,,correct,,baseline_correct_residual
memos_medium:1382,False,False,False,,correct,,baseline_correct_residual
memos_medium:1386,False,False,False,,correct,,baseline_correct_residual
memos_medium:1387,False,False,False,,correct,,baseline_correct_residual
memos_medium:1388,False,False,False,,correct,,baseline_correct_residual
memos_medium:1389,False,False,False,,correct,,baseline_correct_residual
memos_medium:1391,False,True,False,False,correct,,baseline_correct_residual
memos_medium:1396,,,,,hallucination,,unresolved_or_missing_evidence
memos_medium:1398,False,False,False,,correct,,baseline_correct_residual
memos_medium:1403,False,False,False,,correct,,baseline_correct_residual
memos_medium:1404,False,False,True,,hallucination,,unresolved_or_missing_evidence
memos_medium:1405,False,False,True,,hallucination,,unresolved_or_missing_evidence
memos_medium:1407,,,,,correct,,baseline_correct_residual
memos_medium:1408,False,False,True,,omission,,unresolved_or_missing_evidence
memos_medium:1410,,,,,omission,,unresolved_or_missing_evidence
memos_medium:1411,False,False,True,,omission,,unresolved_or_missing_evidence
memos_medium:1413,False,False,False,,correct,,baseline_correct_residual
memos_medium:1414,False,True,False,False,hallucination,,serialization_loss
memos_medium:1415,False,False,False,,correct,,baseline_correct_residual
memos_medium:1417,False,False,True,,hallucination,,unresolved_or_missing_evidence
memos_medium:1418,False,False,False,,correct,,baseline_correct_residual
memos_medium:1420,False,False,False,,correct,,baseline_correct_residual
memos_medium:1421,False,False,False,,correct,,baseline_correct_residual
memos_medium:1422,False,False,False,,correct,,baseline_correct_residual
memos_medium:1423,False,False,True,,hallucination,,unresolved_or_missing_evidence
memos_medium:1424,False,False,True,,hallucination,,unresolved_or_missing_evidence
memos_medium:1426,False,False,False,,correct,,baseline_correct_residual
memos_medium:1427,False,False,False,,correct,,baseline_correct_residual
memos_medium:1428,False,False,False,,correct,,baseline_correct_residual
memos_medium:1429,False,False,False,,correct,,baseline_correct_residual
memos_medium:1430,False,False,False,,correct,,baseline_correct_residual
memos_medium:1431,False,False,True,,hallucination,,unresolved_or_missing_evidence
memos_medium:1436,False,False,False,,correct,,baseline_correct_residual
memos_medium:1437,False,False,False,,correct,,baseline_correct_residual
memos_medium:1439,False,False,False,,correct,,baseline_correct_residual
memos_medium:1440,False,False,False,,correct,,baseline_correct_residual
memos_medium:1441,False,False,False,,correct,,baseline_correct_residual
memos_medium:1444,False,False,True,,hallucination,,unresolved_or_missing_evidence
memos_medium:1445,False,False,True,,omission,,unresolved_or_missing_evidence
memos_medium:1447,False,False,True,,hallucination,,unresolved_or_missing_evidence
memos_medium:1448,False,False,False,,correct,,baseline_correct_residual
memos_medium:1453,False,False,False,,correct,,baseline_correct_residual
memos_medium:1455,False,False,False,,correct,,baseline_correct_residual
memos_medium:1456,,,,,hallucination,,unresolved_or_missing_evidence
memos_medium:1457,False,False,False,,correct,,baseline_correct_residual
memos_medium:1459,False,False,False,,correct,,baseline_correct_residual
memos_medium:1462,False,False,False,,correct,,baseline_correct_residual
memos_medium:1463,False,False,True,,hallucination,,unresolved_or_missing_evidence
memos_medium:1465,False,False,False,,correct,,baseline_correct_residual
memos_medium:1466,False,False,True,,hallucination,,unresolved_or_missing_evidence
memos_medium:1467,False,False,False,,correct,,baseline_correct_residual
memos_medium:1469,False,False,True,,hallucination,,unresolved_or_missing_evidence
memos_medium:1470,False,False,True,,omission,,unresolved_or_missing_evidence
memos_medium:1471,False,False,False,,correct,,baseline_correct_residual
memos_medium:1473,,,,,hallucination,,unresolved_or_missing_evidence
memos_medium:1474,False,False,True,,hallucination,,unresolved_or_missing_evidence
memos_medium:1475,False,False,True,,hallucination,,unresolved_or_missing_evidence
memos_medium:1477,,,,,hallucination,,unresolved_or_missing_evidence
memos_medium:1478,False,False,True,,hallucination,,unresolved_or_missing_evidence
memos_medium:1480,False,False,True,,hallucination,,unresolved_or_missing_evidence
memos_medium:1481,False,False,False,,correct,,baseline_correct_residual
memos_medium:1485,False,False,False,,correct,,baseline_correct_residual
memos_medium:1486,False,False,False,,correct,,baseline_correct_residual
memos_medium:1488,,,,,hallucination,,unresolved_or_missing_evidence
memos_medium:1489,False,False,False,,correct,,baseline_correct_residual
memos_medium:1490,False,False,False,,correct,,baseline_correct_residual
memos_medium:1497,False,False,True,,hallucination,,unresolved_or_missing_evidence
memos_medium:1501,False,False,False,,correct,,baseline_correct_residual
memos_medium:1502,,,,,omission,,unresolved_or_missing_evidence
memos_medium:1503,False,False,True,,hallucination,,unresolved_or_missing_evidence
memos_medium:1504,,,,,correct,,baseline_correct_residual
memos_medium:1505,False,True,False,False,hallucination,,serialization_loss
memos_medium:1506,False,False,False,,correct,,baseline_correct_residual
memos_medium:1507,False,False,False,,correct,,baseline_correct_residual
memos_medium:1508,False,False,False,,correct,,baseline_correct_residual
memos_medium:1509,False,False,False,,correct,,baseline_correct_residual
memos_medium:1511,False,False,False,,correct,,baseline_correct_residual
memos_medium:1512,False,False,False,,correct,,baseline_correct_residual
memos_medium:1513,False,False,True,,hallucination,,unresolved_or_missing_evidence
memos_medium:1516,False,False,False,,correct,,baseline_correct_residual
memos_medium:1517,False,False,False,,correct,,baseline_correct_residual
memos_medium:1519,False,False,False,,correct,,baseline_correct_residual
memos_medium:1520,False,False,False,,correct,,baseline_correct_residual
memos_medium:1521,False,False,True,,hallucination,,unresolved_or_missing_evidence
memos_medium:1522,False,False,False,,correct,,baseline_correct_residual
memos_medium:1524,,,,,correct,,baseline_correct_residual
memos_medium:1526,False,True,False,False,hallucination,,serialization_loss
memos_medium:1527,False,True,False,False,correct,,baseline_correct_residual
memos_medium:1529,False,False,True,,hallucination,,unresolved_or_missing_evidence
memos_medium:1530,False,False,True,,hallucination,,unresolved_or_missing_evidence
memos_medium:1531,False,False,False,,correct,,baseline_correct_residual
memos_medium:1532,False,False,True,,hallucination,,unresolved_or_missing_evidence
memos_medium:1533,False,False,False,,correct,,baseline_correct_residual
memos_medium:1534,False,False,False,,correct,,baseline_correct_residual
memos_medium:1536,False,False,False,,correct,,baseline_correct_residual
memos_medium:1537,,,,,correct,,baseline_correct_residual
memos_medium:1538,False,False,False,,correct,,baseline_correct_residual
memos_medium:1539,False,False,False,,correct,,baseline_correct_residual
memos_medium:1541,False,False,False,,correct,,baseline_correct_residual
memos_medium:1542,False,False,False,,correct,,baseline_correct_residual
memos_medium:1547,,,,,correct,,baseline_correct_residual
memos_medium:1548,False,False,True,,hallucination,,unresolved_or_missing_evidence
memos_medium:1549,False,False,False,,correct,,baseline_correct_residual
memos_medium:1550,False,False,False,,correct,,baseline_correct_residual
memos_medium:1551,False,False,False,,correct,,baseline_correct_residual
memos_medium:1552,False,False,False,,correct,,baseline_correct_residual
memos_medium:1553,,,,,correct,,baseline_correct_residual
memos_medium:1554,False,False,False,,correct,,baseline_correct_residual
memos_medium:1555,False,False,False,,correct,,baseline_correct_residual
memos_medium:1556,False,False,False,,correct,,baseline_correct_residual
memos_medium:1557,False,False,False,,correct,,baseline_correct_residual
memos_medium:1558,,,,,correct,,baseline_correct_residual
memos_medium:1560,False,False,False,,correct,,baseline_correct_residual
memos_medium:1562,False,False,False,,correct,,baseline_correct_residual
memos_medium:1563,False,False,False,,correct,,baseline_correct_residual
memos_medium:1565,False,False,True,,hallucination,,unresolved_or_missing_evidence
memos_medium:1566,,,,,correct,,baseline_correct_residual
memos_medium:1569,False,False,False,,correct,,baseline_correct_residual
memos_medium:1570,False,False,False,,correct,,baseline_correct_residual
memos_medium:1572,,,,,correct,,baseline_correct_residual
memos_medium:1573,False,False,False,,correct,,baseline_correct_residual
memos_medium:1574,,,,,hallucination,,unresolved_or_missing_evidence
memos_medium:1575,,,,,hallucination,,unresolved_or_missing_evidence
memos_medium:1577,False,False,False,,correct,,baseline_correct_residual
memos_medium:1580,False,False,False,,correct,,baseline_correct_residual
memos_medium:1581,False,False,False,,correct,,baseline_correct_residual
memos_medium:1585,False,True,False,False,correct,,baseline_correct_residual
memos_medium:1587,False,True,False,False,hallucination,,serialization_loss
memos_medium:1588,False,False,False,,correct,,baseline_correct_residual
memos_medium:1589,False,False,False,,correct,,baseline_correct_residual
memos_medium:1591,False,True,False,False,hallucination,,serialization_loss
memos_medium:1592,False,False,False,,correct,,baseline_correct_residual
memos_medium:1594,False,False,False,,correct,,baseline_correct_residual
memos_medium:1595,,,,,correct,,baseline_correct_residual
memos_medium:1596,False,False,True,,hallucination,,unresolved_or_missing_evidence
memos_medium:1598,False,False,False,,correct,,baseline_correct_residual
memos_medium:1600,False,False,False,,correct,,baseline_correct_residual
memos_medium:1603,False,False,False,,correct,,baseline_correct_residual
memos_medium:1604,False,False,False,,correct,,baseline_correct_residual
memos_medium:1605,False,False,False,,correct,,baseline_correct_residual
memos_medium:1606,False,False,False,,correct,,baseline_correct_residual
memos_medium:1608,False,True,False,False,hallucination,,serialization_loss
memos_medium:1609,False,False,True,,hallucination,,unresolved_or_missing_evidence
memos_medium:1610,False,False,False,,correct,,baseline_correct_residual
memos_medium:1620,False,True,False,False,hallucination,,serialization_loss
memos_medium:1621,False,False,False,,correct,,baseline_correct_residual
memos_medium:1622,,,,,correct,,baseline_correct_residual
memos_medium:1623,False,False,False,,correct,,baseline_correct_residual
memos_medium:1625,False,False,False,,correct,,baseline_correct_residual
memos_medium:1627,False,True,False,False,correct,,baseline_correct_residual
memos_medium:1629,False,False,False,,correct,,baseline_correct_residual
memos_medium:1630,False,False,True,,hallucination,,unresolved_or_missing_evidence
memos_medium:1631,False,False,False,,correct,,baseline_correct_residual
memos_medium:1632,,,,,hallucination,,unresolved_or_missing_evidence
memos_medium:1633,,,,,correct,,baseline_correct_residual
memos_medium:1634,False,False,True,,hallucination,,unresolved_or_missing_evidence
memos_medium:1635,False,False,True,,hallucination,,unresolved_or_missing_evidence
memos_medium:1636,False,False,True,,hallucination,,unresolved_or_missing_evidence
memos_medium:1642,False,False,False,,correct,,baseline_correct_residual
memos_medium:1643,False,False,False,,correct,,baseline_correct_residual
memos_medium:1644,False,False,False,,correct,,baseline_correct_residual
memos_medium:1646,False,False,False,,correct,,baseline_correct_residual
memos_medium:1647,False,False,False,,correct,,baseline_correct_residual
memos_medium:1648,False,False,False,,correct,,baseline_correct_residual
memos_medium:1650,False,False,False,,correct,,baseline_correct_residual
memos_medium:1651,False,False,False,,correct,,baseline_correct_residual
memos_medium:1652,False,False,False,,correct,,baseline_correct_residual
memos_medium:1653,,,,,correct,,baseline_correct_residual
memos_medium:1655,False,False,False,,correct,,baseline_correct_residual
memos_medium:1656,False,False,False,,correct,,baseline_correct_residual
memos_medium:1659,False,False,False,,correct,,baseline_correct_residual
memos_medium:1660,False,False,True,,hallucination,,unresolved_or_missing_evidence
memos_medium:1661,False,False,False,,correct,,baseline_correct_residual
memos_medium:1662,False,False,False,,correct,,baseline_correct_residual
memos_medium:1663,False,False,True,,hallucination,,unresolved_or_missing_evidence
memos_medium:1664,,,,,omission,,unresolved_or_missing_evidence
memos_medium:1666,,,,,correct,,baseline_correct_residual
memos_medium:1668,False,False,False,,correct,,baseline_correct_residual
memos_medium:1669,False,False,False,,correct,,baseline_correct_residual
memos_medium:1670,False,False,False,,correct,,baseline_correct_residual
memos_medium:1672,False,False,False,,correct,,baseline_correct_residual
memos_medium:1673,False,False,False,,correct,,baseline_correct_residual
memos_medium:1674,,,,,hallucination,,unresolved_or_missing_evidence
memos_medium:1675,False,False,True,,hallucination,,unresolved_or_missing_evidence
memos_medium:1676,False,False,True,,hallucination,,unresolved_or_missing_evidence
memos_medium:1677,False,False,False,,correct,,baseline_correct_residual
memos_medium:1683,False,False,False,,correct,,baseline_correct_residual
memos_medium:1687,False,False,False,,correct,,baseline_correct_residual
memos_medium:1689,False,False,False,,correct,,baseline_correct_residual
memos_medium:1690,False,False,False,,correct,,baseline_correct_residual
memos_medium:1692,False,False,False,,correct,,baseline_correct_residual
memos_medium:1693,,,,,hallucination,,unresolved_or_missing_evidence
memos_medium:1694,False,False,False,,correct,,baseline_correct_residual
memos_medium:1695,False,False,False,,correct,,baseline_correct_residual
memos_medium:1696,False,False,True,,hallucination,,unresolved_or_missing_evidence
memos_medium:1698,False,False,False,,correct,,baseline_correct_residual
memos_medium:1700,False,False,False,,correct,,baseline_correct_residual
memos_medium:1702,False,False,False,,correct,,baseline_correct_residual
memos_medium:1703,False,False,True,,hallucination,,unresolved_or_missing_evidence
memos_medium:1704,False,False,False,,correct,,baseline_correct_residual
memos_medium:1705,False,False,True,,hallucination,,unresolved_or_missing_evidence
memos_medium:1707,False,False,False,,correct,,baseline_correct_residual
memos_medium:1708,False,False,False,,correct,,baseline_correct_residual
memos_medium:1710,False,False,False,,correct,,baseline_correct_residual
memos_medium:1711,,,,,hallucination,,unresolved_or_missing_evidence
memos_medium:1712,False,False,True,,hallucination,,unresolved_or_missing_evidence
memos_medium:1713,False,False,False,,correct,,baseline_correct_residual
memos_medium:1714,False,False,False,,correct,,baseline_correct_residual
memos_medium:1717,False,False,True,,hallucination,,unresolved_or_missing_evidence
memos_medium:1719,False,False,False,,correct,,baseline_correct_residual
memos_medium:1722,False,False,False,,correct,,baseline_correct_residual
memos_medium:1723,False,False,False,,correct,,baseline_correct_residual
memos_medium:1724,False,False,False,,correct,,baseline_correct_residual
memos_medium:1726,False,False,True,,hallucination,,unresolved_or_missing_evidence
memos_medium:1727,False,False,False,,correct,,baseline_correct_residual
memos_medium:1728,False,False,False,,correct,,baseline_correct_residual
memos_medium:1730,,,,,correct,,baseline_correct_residual
memos_medium:1731,False,False,False,,correct,,baseline_correct_residual
memos_medium:1732,False,False,False,,correct,,baseline_correct_residual
memos_medium:1733,False,False,False,,correct,,baseline_correct_residual
memos_medium:1734,False,False,False,,correct,,baseline_correct_residual
memos_medium:1735,False,False,True,,hallucination,,unresolved_or_missing_evidence
memos_medium:1736,False,False,False,,correct,,baseline_correct_residual
memos_medium:1737,False,False,False,,correct,,baseline_correct_residual
memos_medium:1743,False,False,False,,correct,,baseline_correct_residual
memos_medium:1744,False,False,False,,correct,,baseline_correct_residual
memos_medium:1746,False,False,False,,correct,,baseline_correct_residual
memos_medium:1747,False,False,False,,correct,,baseline_correct_residual
memos_medium:1748,False,False,True,,hallucination,,unresolved_or_missing_evidence
memos_medium:1749,False,False,False,,correct,,baseline_correct_residual
memos_medium:1753,False,False,False,,correct,,baseline_correct_residual
memos_medium:1754,False,False,False,,correct,,baseline_correct_residual
memos_medium:1755,False,False,False,,correct,,baseline_correct_residual
memos_medium:1757,False,False,True,,hallucination,,unresolved_or_missing_evidence
memos_medium:1758,False,False,True,,hallucination,,unresolved_or_missing_evidence
memos_medium:1759,False,False,False,,correct,,baseline_correct_residual
memos_medium:1760,False,False,False,,correct,,baseline_correct_residual
memos_medium:1761,False,False,False,,correct,,baseline_correct_residual
memos_medium:1762,,,,,hallucination,,unresolved_or_missing_evidence
memos_medium:1764,,,,,correct,,baseline_correct_residual
memos_medium:1766,False,False,False,,correct,,baseline_correct_residual
memos_medium:1767,False,False,False,,correct,,baseline_correct_residual
memos_medium:1773,False,True,False,False,correct,,baseline_correct_residual
memos_medium:1774,False,False,False,,correct,,baseline_correct_residual
memos_medium:1776,False,False,False,,correct,,baseline_correct_residual
memos_medium:1777,False,False,False,,correct,,baseline_correct_residual
memos_medium:1778,False,False,False,,correct,,baseline_correct_residual
memos_medium:1779,False,False,False,,correct,,baseline_correct_residual
memos_medium:1784,False,False,False,,correct,,baseline_correct_residual
memos_medium:1785,,,,,omission,,unresolved_or_missing_evidence
memos_medium:1787,,,,,hallucination,,unresolved_or_missing_evidence
memos_medium:1788,False,False,False,,correct,,baseline_correct_residual
memos_medium:1790,False,False,False,,correct,,baseline_correct_residual
memos_medium:1791,False,False,False,,correct,,baseline_correct_residual
memos_medium:1792,,,,,correct,,baseline_correct_residual
memos_medium:1794,,,,,hallucination,,unresolved_or_missing_evidence
memos_medium:1795,False,False,False,,correct,,baseline_correct_residual
memos_medium:1796,,,,,omission,,unresolved_or_missing_evidence
memos_medium:1797,False,False,False,,correct,,baseline_correct_residual
memos_medium:1798,False,False,True,,hallucination,,unresolved_or_missing_evidence
memos_medium:1799,False,False,False,,correct,,baseline_correct_residual
memos_medium:1802,False,False,False,,correct,,baseline_correct_residual
memos_medium:1803,False,False,False,,correct,,baseline_correct_residual
memos_medium:1804,False,False,False,,correct,,baseline_correct_residual
memos_medium:1805,,,,,omission,,unresolved_or_missing_evidence
memos_medium:1806,,,,,hallucination,,unresolved_or_missing_evidence
memos_medium:1807,False,False,True,,hallucination,,unresolved_or_missing_evidence
memos_medium:1808,False,False,False,,correct,,baseline_correct_residual
memos_medium:1811,False,False,True,,hallucination,,unresolved_or_missing_evidence
memos_medium:1815,False,False,False,,correct,,baseline_correct_residual
memos_medium:1816,False,False,False,,correct,,baseline_correct_residual
memos_medium:1818,False,False,False,,correct,,baseline_correct_residual
memos_medium:1824,False,False,False,,correct,,baseline_correct_residual
memos_medium:1825,,,,,omission,,unresolved_or_missing_evidence
memos_medium:1828,False,False,False,,correct,,baseline_correct_residual
memos_medium:1829,False,False,True,,hallucination,,unresolved_or_missing_evidence
memos_medium:1830,False,False,False,,correct,,baseline_correct_residual
memos_medium:1832,False,False,False,,correct,,baseline_correct_residual
memos_medium:1834,False,False,True,,hallucination,,unresolved_or_missing_evidence
memos_medium:1835,False,False,False,,correct,,baseline_correct_residual
memos_medium:1838,False,False,False,,correct,,baseline_correct_residual
memos_medium:1840,False,False,False,,correct,,baseline_correct_residual
memos_medium:1842,False,False,False,,correct,,baseline_correct_residual
memos_medium:1843,False,False,False,,correct,,baseline_correct_residual
memos_medium:1844,False,False,False,,correct,,baseline_correct_residual
memos_medium:1845,,,,,correct,,baseline_correct_residual
memos_medium:1846,,,,,hallucination,,unresolved_or_missing_evidence
memos_medium:1848,False,False,True,,hallucination,,unresolved_or_missing_evidence
memos_medium:1849,False,False,False,,correct,,baseline_correct_residual
memos_medium:1851,False,False,False,,correct,,baseline_correct_residual
memos_medium:1852,False,False,False,,correct,,baseline_correct_residual
memos_medium:1853,False,False,True,,hallucination,,unresolved_or_missing_evidence
memos_medium:1855,False,False,False,,correct,,baseline_correct_residual
memos_medium:1856,False,False,False,,correct,,baseline_correct_residual
memos_medium:1858,False,False,False,,correct,,baseline_correct_residual
memos_medium:1859,False,False,False,,correct,,baseline_correct_residual
memos_medium:1860,False,False,False,,correct,,baseline_correct_residual
memos_medium:1862,False,False,False,,correct,,baseline_correct_residual
memos_medium:1866,False,False,False,,correct,,baseline_correct_residual
memos_medium:1867,False,False,True,,omission,,unresolved_or_missing_evidence
memos_medium:1868,False,False,False,,correct,,baseline_correct_residual
memos_medium:1869,False,False,False,,correct,,baseline_correct_residual
memos_medium:1870,False,False,False,,correct,,baseline_correct_residual
memos_medium:1873,False,False,True,,hallucination,,unresolved_or_missing_evidence
memos_medium:1874,False,False,False,,correct,,baseline_correct_residual
memos_medium:1875,False,False,False,,correct,,baseline_correct_residual
memos_medium:1876,False,False,True,,hallucination,,unresolved_or_missing_evidence
memos_medium:1880,False,False,True,,hallucination,,unresolved_or_missing_evidence
memos_medium:1881,False,False,True,,hallucination,,unresolved_or_missing_evidence
memos_medium:1882,False,False,False,,correct,,baseline_correct_residual
memos_medium:1883,False,False,False,,correct,,baseline_correct_residual
memos_medium:1884,,,,,correct,,baseline_correct_residual
memos_medium:1885,False,False,False,,correct,,baseline_correct_residual
memos_medium:1887,False,False,False,,correct,,baseline_correct_residual
memos_medium:1888,False,False,False,,correct,,baseline_correct_residual
memos_medium:1890,False,False,False,,correct,,baseline_correct_residual
memos_medium:1892,False,False,True,,hallucination,,unresolved_or_missing_evidence
memos_medium:1893,False,False,False,,correct,,baseline_correct_residual
memos_medium:1897,False,False,True,,omission,,unresolved_or_missing_evidence
memos_medium:1898,False,False,False,,correct,,baseline_correct_residual
memos_medium:1899,,,,,correct,,baseline_correct_residual
memos_medium:1901,,,,,hallucination,,unresolved_or_missing_evidence
memos_medium:1902,False,False,False,,correct,,baseline_correct_residual
memos_medium:1903,False,False,False,,correct,,baseline_correct_residual
memos_medium:1906,False,False,True,,hallucination,,unresolved_or_missing_evidence
memos_medium:1909,False,True,False,False,hallucination,,serialization_loss
memos_medium:1911,False,False,False,,correct,,baseline_correct_residual
memos_medium:1912,False,False,False,,correct,,baseline_correct_residual
memos_medium:1913,False,False,False,,correct,,baseline_correct_residual
memos_medium:1914,False,False,False,,correct,,baseline_correct_residual
memos_medium:1915,,,,,hallucination,,unresolved_or_missing_evidence
memos_medium:1916,False,False,False,,correct,,baseline_correct_residual
memos_medium:1917,,,,,omission,,unresolved_or_missing_evidence
memos_medium:1922,False,False,False,,correct,,baseline_correct_residual
memos_medium:1923,False,False,False,,correct,,baseline_correct_residual
memos_medium:1924,False,False,False,,correct,,baseline_correct_residual
memos_medium:1925,False,False,False,,correct,,baseline_correct_residual
memos_medium:1926,False,False,False,,correct,,baseline_correct_residual
memos_medium:1927,False,False,False,,correct,,baseline_correct_residual
memos_medium:1928,False,False,False,,correct,,baseline_correct_residual
memos_medium:1929,False,False,False,,correct,,baseline_correct_residual
memos_medium:1930,False,False,False,,correct,,baseline_correct_residual
memos_medium:1931,False,False,False,,correct,,baseline_correct_residual
memos_medium:1932,False,False,False,,correct,,baseline_correct_residual
memos_medium:1934,False,False,False,,correct,,baseline_correct_residual
memos_medium:1936,False,False,True,,hallucination,,unresolved_or_missing_evidence
memos_medium:1939,False,False,True,,hallucination,,unresolved_or_missing_evidence
memos_medium:1940,False,False,False,,correct,,baseline_correct_residual
memos_medium:1941,False,False,False,,correct,,baseline_correct_residual
memos_medium:1943,False,False,False,,correct,,baseline_correct_residual
memos_medium:1944,False,False,False,,correct,,baseline_correct_residual
memos_medium:1946,False,False,False,,correct,,baseline_correct_residual
memos_medium:1947,False,False,False,,correct,,baseline_correct_residual
memos_medium:1948,,,,,correct,,baseline_correct_residual
memos_medium:1949,False,False,True,,hallucination,,unresolved_or_missing_evidence
memos_medium:1950,False,False,False,,correct,,baseline_correct_residual
memos_medium:1954,,,,,correct,,baseline_correct_residual
memos_medium:1955,False,False,False,,correct,,baseline_correct_residual
memos_medium:1959,False,False,False,,correct,,baseline_correct_residual
memos_medium:1960,False,False,False,,correct,,baseline_correct_residual
memos_medium:1963,False,False,False,,correct,,baseline_correct_residual
memos_medium:1964,False,False,False,,correct,,baseline_correct_residual
memos_medium:1965,,,,,hallucination,,unresolved_or_missing_evidence
memos_medium:1967,False,False,False,,correct,,baseline_correct_residual
memos_medium:1968,False,False,False,,correct,,baseline_correct_residual
memos_medium:1969,False,False,False,,correct,,baseline_correct_residual
memos_medium:1970,False,False,False,,correct,,baseline_correct_residual
memos_medium:1971,False,False,False,,correct,,baseline_correct_residual
memos_medium:1972,False,False,False,,correct,,baseline_correct_residual
memos_medium:1973,False,False,True,,hallucination,,unresolved_or_missing_evidence
memos_medium:1975,,,,,correct,,baseline_correct_residual
memos_medium:1977,False,False,False,,correct,,baseline_correct_residual
memos_medium:1978,False,False,False,,correct,,baseline_correct_residual
memos_medium:1981,False,False,True,,hallucination,,unresolved_or_missing_evidence
memos_medium:1982,False,False,False,,correct,,baseline_correct_residual
memos_medium:1983,False,False,True,,hallucination,,unresolved_or_missing_evidence
memos_medium:1984,False,False,False,,correct,,baseline_correct_residual
memos_medium:1985,False,False,True,,hallucination,,unresolved_or_missing_evidence
memos_medium:1986,False,False,True,,hallucination,,unresolved_or_missing_evidence
memos_medium:1987,False,False,True,,hallucination,,unresolved_or_missing_evidence
memos_medium:1988,,,,,correct,,baseline_correct_residual
memos_medium:1994,,,,,hallucination,,unresolved_or_missing_evidence
memos_medium:1998,False,False,True,,omission,,unresolved_or_missing_evidence
memos_medium:1999,False,False,True,,hallucination,,unresolved_or_missing_evidence
memos_medium:2001,False,False,False,,correct,,baseline_correct_residual
memos_medium:2003,,,,,hallucination,,unresolved_or_missing_evidence
memos_medium:2004,False,False,False,,correct,,baseline_correct_residual
memos_medium:2005,False,False,False,,correct,,baseline_correct_residual
memos_medium:2006,False,False,True,,hallucination,,unresolved_or_missing_evidence
memos_medium:2008,False,False,True,,hallucination,,unresolved_or_missing_evidence
memos_medium:2010,,,,,hallucination,,unresolved_or_missing_evidence
memos_medium:2011,,,,,correct,,baseline_correct_residual
memos_medium:2013,False,False,False,,correct,,baseline_correct_residual
memos_medium:2015,False,False,False,,correct,,baseline_correct_residual
memos_medium:2016,False,False,True,,omission,,unresolved_or_missing_evidence
memos_medium:2017,False,False,False,,correct,,baseline_correct_residual
memos_medium:2018,False,False,False,,correct,,baseline_correct_residual
memos_medium:2020,False,False,False,,correct,,baseline_correct_residual
memos_medium:2021,False,True,False,False,hallucination,,serialization_loss
memos_medium:2022,False,False,False,,correct,,baseline_correct_residual
memos_medium:2023,False,False,False,,correct,,baseline_correct_residual
memos_medium:2024,False,True,False,False,hallucination,,serialization_loss
memos_medium:2025,False,False,False,,correct,,baseline_correct_residual
memos_medium:2026,False,False,False,,correct,,baseline_correct_residual
memos_medium:2028,False,False,False,,correct,,baseline_correct_residual
memos_medium:2032,False,False,False,,correct,,baseline_correct_residual
memos_medium:2033,False,False,False,,correct,,baseline_correct_residual
memos_medium:2034,False,False,False,,correct,,baseline_correct_residual
memos_medium:2035,False,False,False,,correct,,baseline_correct_residual
memos_medium:2037,False,False,False,,correct,,baseline_correct_residual
memos_medium:2040,False,False,False,,correct,,baseline_correct_residual
memos_medium:2048,False,False,True,,hallucination,,unresolved_or_missing_evidence
memos_medium:2049,False,False,False,,correct,,baseline_correct_residual
memos_medium:2050,False,False,False,,correct,,baseline_correct_residual
memos_medium:2051,False,False,False,,correct,,baseline_correct_residual
memos_medium:2052,False,False,True,,hallucination,,unresolved_or_missing_evidence
memos_medium:2055,False,False,False,,correct,,baseline_correct_residual
memos_medium:2057,False,False,False,,correct,,baseline_correct_residual
memos_medium:2058,False,False,False,,correct,,baseline_correct_residual
memos_medium:2062,False,True,False,False,correct,,baseline_correct_residual
memos_medium:2064,False,False,False,,correct,,baseline_correct_residual
memos_medium:2067,False,False,False,,correct,,baseline_correct_residual
memos_medium:2068,False,False,False,,correct,,baseline_correct_residual
memos_medium:2069,False,False,False,,correct,,baseline_correct_residual
memos_medium:2072,False,True,False,False,hallucination,,serialization_loss
memos_medium:2077,,,,,hallucination,,unresolved_or_missing_evidence
memos_medium:2080,False,False,False,,correct,,baseline_correct_residual
memos_medium:2087,False,False,True,,omission,,unresolved_or_missing_evidence
memos_medium:2091,False,False,False,,correct,,baseline_correct_residual
memos_medium:2092,False,False,False,,correct,,baseline_correct_residual
memos_medium:2094,,,,,hallucination,,unresolved_or_missing_evidence
memos_medium:2095,,,,,correct,,baseline_correct_residual
memos_medium:2096,False,False,False,,correct,,baseline_correct_residual
memos_medium:2099,False,False,False,,correct,,baseline_correct_residual
memos_medium:2101,False,False,False,,correct,,baseline_correct_residual
memos_medium:2102,False,False,False,,correct,,baseline_correct_residual
memos_medium:2103,False,False,True,,hallucination,,unresolved_or_missing_evidence
memos_medium:2105,False,False,False,,correct,,baseline_correct_residual
memos_medium:2108,False,False,False,,correct,,baseline_correct_residual
memos_medium:2109,False,False,False,,correct,,baseline_correct_residual
memos_medium:2111,False,False,False,,correct,,baseline_correct_residual
memos_medium:2114,,,,,correct,,baseline_correct_residual
memos_medium:2116,False,False,False,,correct,,baseline_correct_residual
memos_medium:2117,False,False,False,,correct,,baseline_correct_residual
memos_medium:2118,False,False,False,,correct,,baseline_correct_residual
memos_medium:2119,False,False,True,,hallucination,,unresolved_or_missing_evidence
memos_medium:2120,False,False,False,,correct,,baseline_correct_residual
memos_medium:2121,False,False,False,,correct,,baseline_correct_residual
memos_medium:2122,False,False,True,,hallucination,,unresolved_or_missing_evidence
memos_medium:2123,False,False,True,,hallucination,,unresolved_or_missing_evidence
memos_medium:2127,False,False,False,,correct,,baseline_correct_residual
memos_medium:2128,False,False,True,,hallucination,,unresolved_or_missing_evidence
memos_medium:2129,False,False,False,,correct,,baseline_correct_residual
memos_medium:2132,,,,,correct,,baseline_correct_residual
memos_medium:2134,False,False,True,,hallucination,,unresolved_or_missing_evidence
memos_medium:2135,False,False,False,,correct,,baseline_correct_residual
memos_medium:2137,False,False,True,,omission,,unresolved_or_missing_evidence
memos_medium:2139,False,False,False,,correct,,baseline_correct_residual
memos_medium:2140,False,False,False,,correct,,baseline_correct_residual
memos_medium:2143,False,False,False,,correct,,baseline_correct_residual
memos_medium:2144,False,False,False,,correct,,baseline_correct_residual
memos_medium:2145,False,False,False,,correct,,baseline_correct_residual
memos_medium:2147,False,True,False,False,correct,,baseline_correct_residual
memos_medium:2149,False,True,False,False,correct,,baseline_correct_residual
memos_medium:2150,False,False,True,,hallucination,,unresolved_or_missing_evidence
memos_medium:2152,False,False,False,,correct,,baseline_correct_residual
memos_medium:2154,False,False,False,,correct,,baseline_correct_residual
memos_medium:2155,False,False,True,,hallucination,,unresolved_or_missing_evidence
memos_medium:2156,False,False,False,,correct,,baseline_correct_residual
memos_medium:2158,False,False,False,,correct,,baseline_correct_residual
memos_medium:2159,False,False,False,,correct,,baseline_correct_residual
memos_medium:2161,False,False,False,,correct,,baseline_correct_residual
memos_medium:2164,False,False,False,,correct,,baseline_correct_residual
memos_medium:2165,False,False,False,,correct,,baseline_correct_residual
memos_medium:2167,False,False,False,,correct,,baseline_correct_residual
memos_medium:2168,False,False,True,,hallucination,,unresolved_or_missing_evidence
memos_medium:2170,False,False,True,,hallucination,,unresolved_or_missing_evidence
memos_medium:2172,False,False,False,,correct,,baseline_correct_residual
memos_medium:2173,,,,,omission,,unresolved_or_missing_evidence
memos_medium:2175,False,True,False,False,omission,,serialization_loss
memos_medium:2182,False,False,False,,correct,,baseline_correct_residual
memos_medium:2183,False,False,False,,correct,,baseline_correct_residual
memos_medium:2184,False,False,False,,correct,,baseline_correct_residual
memos_medium:2185,False,False,False,,correct,,baseline_correct_residual
memos_medium:2190,False,False,True,,hallucination,,unresolved_or_missing_evidence
memos_medium:2194,False,False,False,,correct,,baseline_correct_residual
memos_medium:2195,False,False,False,,correct,,baseline_correct_residual
memos_medium:2198,False,False,False,,correct,,baseline_correct_residual
memos_medium:2202,False,False,False,,correct,,baseline_correct_residual
memos_medium:2205,,,,,omission,,unresolved_or_missing_evidence
memos_medium:2207,False,False,False,,correct,,baseline_correct_residual
memos_medium:2208,,,,,correct,,baseline_correct_residual
memos_medium:2209,False,False,False,,correct,,baseline_correct_residual
memos_medium:2210,,,,,hallucination,,unresolved_or_missing_evidence
memos_medium:2212,False,True,False,False,hallucination,,serialization_loss
memos_medium:2213,False,True,False,False,correct,,baseline_correct_residual
memos_medium:2216,False,False,True,,hallucination,,unresolved_or_missing_evidence
memos_medium:2217,,,,,correct,,baseline_correct_residual
memos_medium:2218,False,False,True,,hallucination,,unresolved_or_missing_evidence
memos_medium:2219,False,False,False,,correct,,baseline_correct_residual
memos_medium:2220,False,False,False,,correct,,baseline_correct_residual
memos_medium:2221,False,False,False,,correct,,baseline_correct_residual
memos_medium:2223,False,True,False,False,hallucination,,serialization_loss
memos_medium:2227,False,False,True,,hallucination,,unresolved_or_missing_evidence
memos_medium:2231,,,,,correct,,baseline_correct_residual
memos_medium:2232,False,False,False,,correct,,baseline_correct_residual
memos_medium:2236,False,False,True,,hallucination,,unresolved_or_missing_evidence
memos_medium:2240,False,False,True,,hallucination,,unresolved_or_missing_evidence
memos_medium:2242,False,False,False,,correct,,baseline_correct_residual
memos_medium:2243,False,False,False,,correct,,baseline_correct_residual
memos_medium:2246,False,False,False,,correct,,baseline_correct_residual
memos_medium:2247,False,False,False,,correct,,baseline_correct_residual
memos_medium:2250,False,False,True,,hallucination,,unresolved_or_missing_evidence
memos_medium:2251,False,False,True,,hallucination,,unresolved_or_missing_evidence
memos_medium:2252,False,False,False,,correct,,baseline_correct_residual
memos_medium:2255,False,False,False,,correct,,baseline_correct_residual
memos_medium:2256,False,False,True,,hallucination,,unresolved_or_missing_evidence
memos_medium:2257,False,False,False,,correct,,baseline_correct_residual
memos_medium:2258,,,,,hallucination,,unresolved_or_missing_evidence
memos_medium:2259,False,False,False,,correct,,baseline_correct_residual
memos_medium:2260,False,True,False,False,hallucination,,serialization_loss
memos_medium:2261,False,False,False,,correct,,baseline_correct_residual
memos_medium:2264,False,False,False,,correct,,baseline_correct_residual
memos_medium:2265,False,False,False,,correct,,baseline_correct_residual
memos_medium:2268,False,False,False,,correct,,baseline_correct_residual
memos_medium:2269,False,False,False,,correct,,baseline_correct_residual
memos_medium:2270,False,False,True,,hallucination,,unresolved_or_missing_evidence
memos_medium:2272,False,False,False,,correct,,baseline_correct_residual
memos_medium:2274,False,False,False,,correct,,baseline_correct_residual
memos_medium:2275,False,True,False,False,correct,,baseline_correct_residual
memos_medium:2277,False,False,False,,correct,,baseline_correct_residual
memos_medium:2278,False,False,True,,hallucination,,unresolved_or_missing_evidence
memos_medium:2279,,,,,correct,,baseline_correct_residual
memos_medium:2283,False,False,False,,correct,,baseline_correct_residual
memos_medium:2284,,,,,hallucination,,unresolved_or_missing_evidence
memos_medium:2285,False,False,False,,correct,,baseline_correct_residual
memos_medium:2286,False,False,True,,hallucination,,unresolved_or_missing_evidence
memos_medium:2287,False,False,False,,correct,,baseline_correct_residual
memos_medium:2289,False,False,False,,correct,,baseline_correct_residual
memos_medium:2290,False,False,False,,correct,,baseline_correct_residual
memos_medium:2292,False,False,False,,correct,,baseline_correct_residual
memos_medium:2293,False,False,True,,hallucination,,unresolved_or_missing_evidence
memos_medium:2296,False,True,False,False,omission,,serialization_loss
memos_medium:2299,False,False,True,,hallucination,,unresolved_or_missing_evidence
memos_medium:2304,False,False,True,,hallucination,,unresolved_or_missing_evidence
memos_medium:2305,False,False,True,,hallucination,,unresolved_or_missing_evidence
memos_medium:2306,False,False,True,,hallucination,,unresolved_or_missing_evidence
memos_medium:2307,False,False,False,,correct,,baseline_correct_residual
memos_medium:2310,False,False,False,,correct,,baseline_correct_residual
memos_medium:2311,False,False,False,,correct,,baseline_correct_residual
memos_medium:2312,False,False,False,,correct,,baseline_correct_residual
memos_medium:2314,False,False,False,,correct,,baseline_correct_residual
memos_medium:2315,False,False,True,,hallucination,,unresolved_or_missing_evidence
memos_medium:2316,False,False,False,,correct,,baseline_correct_residual
memos_medium:2318,False,False,False,,correct,,baseline_correct_residual
memos_medium:2322,False,False,True,,hallucination,,unresolved_or_missing_evidence
memos_medium:2323,False,False,False,,correct,,baseline_correct_residual
memos_medium:2324,False,False,False,,correct,,baseline_correct_residual
memos_medium:2328,False,False,False,,correct,,baseline_correct_residual
memos_medium:2329,False,False,False,,correct,,baseline_correct_residual
memos_medium:2331,False,False,False,,correct,,baseline_correct_residual
memos_medium:2332,False,False,False,,correct,,baseline_correct_residual
memos_medium:2336,False,False,True,,hallucination,,unresolved_or_missing_evidence
memos_medium:2338,False,False,False,,correct,,baseline_correct_residual
memos_medium:2339,False,False,True,,hallucination,,unresolved_or_missing_evidence
memos_medium:2340,False,True,False,False,correct,,baseline_correct_residual
memos_medium:2341,False,False,False,,correct,,baseline_correct_residual
memos_medium:2342,False,False,False,,correct,,baseline_correct_residual
memos_medium:2343,False,False,False,,correct,,baseline_correct_residual
memos_medium:2347,,,,,omission,,unresolved_or_missing_evidence
memos_medium:2348,False,False,False,,correct,,baseline_correct_residual
memos_medium:2349,False,False,True,,hallucination,,unresolved_or_missing_evidence
memos_medium:2352,False,False,False,,correct,,baseline_correct_residual
memos_medium:2353,False,False,False,,correct,,baseline_correct_residual
memos_medium:2354,False,False,False,,correct,,baseline_correct_residual
memos_medium:2355,False,True,False,False,hallucination,,serialization_loss
memos_medium:2356,False,False,False,,correct,,baseline_correct_residual
memos_medium:2357,False,False,False,,correct,,baseline_correct_residual
memos_medium:2358,False,False,True,,hallucination,,unresolved_or_missing_evidence
memos_medium:2361,False,False,False,,correct,,baseline_correct_residual
memos_medium:2362,,,,,hallucination,,unresolved_or_missing_evidence
memos_medium:2364,,,,,correct,,baseline_correct_residual
memos_medium:2365,,,,,hallucination,,unresolved_or_missing_evidence
memos_medium:2367,False,False,False,,correct,,baseline_correct_residual
memos_medium:2368,False,False,False,,correct,,baseline_correct_residual
memos_medium:2369,,,,,omission,,unresolved_or_missing_evidence
memos_medium:2370,False,False,True,,hallucination,,unresolved_or_missing_evidence
memos_medium:2371,False,False,False,,correct,,baseline_correct_residual
memos_medium:2372,False,False,False,,correct,,baseline_correct_residual
memos_medium:2373,False,False,False,,correct,,baseline_correct_residual
memos_medium:2374,False,False,False,,correct,,baseline_correct_residual
memos_medium:2375,False,False,False,,correct,,baseline_correct_residual
memos_medium:2376,False,False,True,,hallucination,,unresolved_or_missing_evidence
memos_medium:2377,False,False,False,,correct,,baseline_correct_residual
memos_medium:2380,,,,,correct,,baseline_correct_residual
memos_medium:2381,False,False,True,,omission,,unresolved_or_missing_evidence
memos_medium:2384,False,False,False,,correct,,baseline_correct_residual
memos_medium:2385,False,False,True,,hallucination,,unresolved_or_missing_evidence
memos_medium:2386,False,False,False,,correct,,baseline_correct_residual
memos_medium:2388,False,False,False,,correct,,baseline_correct_residual
memos_medium:2389,False,False,False,,correct,,baseline_correct_residual
memos_medium:2390,False,False,False,,correct,,baseline_correct_residual
memos_medium:2391,False,True,False,False,hallucination,,serialization_loss
memos_medium:2392,False,True,False,False,correct,,baseline_correct_residual
memos_medium:2393,False,True,False,False,omission,,serialization_loss
memos_medium:2395,False,False,False,,correct,,baseline_correct_residual
memos_medium:2396,False,False,False,,correct,,baseline_correct_residual
memos_medium:2402,False,False,False,,correct,,baseline_correct_residual
memos_medium:2403,False,False,False,,correct,,baseline_correct_residual
memos_medium:2404,False,False,True,,hallucination,,unresolved_or_missing_evidence
memos_medium:2405,False,False,False,,correct,,baseline_correct_residual
memos_medium:2407,False,False,True,,omission,,unresolved_or_missing_evidence
memos_medium:2410,False,False,False,,correct,,baseline_correct_residual
memos_medium:2411,False,False,True,,hallucination,,unresolved_or_missing_evidence
memos_medium:2413,,,,,correct,,baseline_correct_residual
memos_medium:2414,,,,,omission,,unresolved_or_missing_evidence
memos_medium:2415,False,False,False,,correct,,baseline_correct_residual
memos_medium:2416,False,False,False,,correct,,baseline_correct_residual
memos_medium:2417,False,False,True,,hallucination,,unresolved_or_missing_evidence
memos_medium:2420,False,False,False,,correct,,baseline_correct_residual
memos_medium:2422,False,False,False,,correct,,baseline_correct_residual
memos_medium:2423,False,False,True,,hallucination,,unresolved_or_missing_evidence
memos_medium:2424,False,False,False,,correct,,baseline_correct_residual
memos_medium:2427,,,,,hallucination,,unresolved_or_missing_evidence
memos_medium:2429,False,False,False,,correct,,baseline_correct_residual
memos_medium:2436,False,False,False,,correct,,baseline_correct_residual
memos_medium:2437,False,False,False,,correct,,baseline_correct_residual
memos_medium:2439,False,False,False,,correct,,baseline_correct_residual
memos_medium:2440,,,,,correct,,baseline_correct_residual
memos_medium:2442,,,,,hallucination,,unresolved_or_missing_evidence
memos_medium:2447,False,False,False,,correct,,baseline_correct_residual
memos_medium:2448,,,,,hallucination,,unresolved_or_missing_evidence
memos_medium:2449,False,False,False,,correct,,baseline_correct_residual
memos_medium:2450,False,True,False,False,correct,,baseline_correct_residual
memos_medium:2451,False,False,False,,correct,,baseline_correct_residual
memos_medium:2456,False,False,False,,correct,,baseline_correct_residual
memos_medium:2457,False,False,False,,correct,,baseline_correct_residual
memos_medium:2458,False,False,False,,correct,,baseline_correct_residual
memos_medium:2459,False,False,False,,correct,,baseline_correct_residual
memos_medium:2460,False,True,False,False,hallucination,,serialization_loss
memos_medium:2461,,,,,correct,,baseline_correct_residual
memos_medium:2465,False,False,True,,hallucination,,unresolved_or_missing_evidence
memos_medium:2466,False,False,False,,correct,,baseline_correct_residual
memos_medium:2468,False,False,True,,hallucination,,unresolved_or_missing_evidence
memos_medium:2469,False,False,False,,correct,,baseline_correct_residual
memos_medium:2470,False,False,False,,correct,,baseline_correct_residual
memos_medium:2471,False,False,True,,hallucination,,unresolved_or_missing_evidence
memos_medium:2473,False,False,False,,correct,,baseline_correct_residual
memos_medium:2474,False,False,False,,correct,,baseline_correct_residual
memos_medium:2476,False,False,False,,correct,,baseline_correct_residual
memos_medium:2477,False,False,False,,correct,,baseline_correct_residual
memos_medium:2478,False,False,True,,hallucination,,unresolved_or_missing_evidence
memos_medium:2480,False,False,True,,omission,,unresolved_or_missing_evidence
memos_medium:2481,False,False,False,,correct,,baseline_correct_residual
memos_medium:2482,False,False,False,,correct,,baseline_correct_residual
memos_medium:2484,False,False,False,,correct,,baseline_correct_residual
memos_medium:2485,False,False,False,,correct,,baseline_correct_residual
memos_medium:2486,False,False,False,,correct,,baseline_correct_residual
memos_medium:2487,False,False,False,,correct,,baseline_correct_residual
memos_medium:2488,,,,,correct,,baseline_correct_residual
memos_medium:2490,False,False,True,,hallucination,,unresolved_or_missing_evidence
memos_medium:2491,False,False,False,,correct,,baseline_correct_residual
memos_medium:2493,False,False,False,,correct,,baseline_correct_residual
memos_medium:2494,False,False,False,,correct,,baseline_correct_residual
memos_medium:2495,,,,,hallucination,,unresolved_or_missing_evidence
memos_medium:2496,False,False,False,,correct,,baseline_correct_residual
memos_medium:2497,False,False,False,,correct,,baseline_correct_residual
memos_medium:2498,False,False,False,,correct,,baseline_correct_residual
memos_medium:2499,False,False,False,,correct,,baseline_correct_residual
memos_medium:2503,False,False,False,,correct,,baseline_correct_residual
memos_medium:2505,False,False,False,,correct,,baseline_correct_residual
memos_medium:2506,False,False,False,,correct,,baseline_correct_residual
memos_medium:2507,False,False,False,,correct,,baseline_correct_residual
memos_medium:2508,False,False,True,,hallucination,,unresolved_or_missing_evidence
memos_medium:2509,,,,,hallucination,,unresolved_or_missing_evidence
memos_medium:2511,False,True,False,False,omission,,serialization_loss
memos_medium:2513,False,True,False,False,hallucination,,serialization_loss
memos_medium:2514,,,,,correct,,baseline_correct_residual
memos_medium:2515,False,False,False,,correct,,baseline_correct_residual
memos_medium:2527,False,False,True,,hallucination,,unresolved_or_missing_evidence
memos_medium:2529,False,False,False,,correct,,baseline_correct_residual
memos_medium:2531,False,False,False,,correct,,baseline_correct_residual
memos_medium:2532,False,False,False,,correct,,baseline_correct_residual
memos_medium:2534,False,False,True,,omission,,unresolved_or_missing_evidence
memos_medium:2535,False,False,True,,hallucination,,unresolved_or_missing_evidence
memos_medium:2536,False,False,False,,correct,,baseline_correct_residual
memos_medium:2537,False,False,True,,hallucination,,unresolved_or_missing_evidence
memos_medium:2538,,,,,hallucination,,unresolved_or_missing_evidence
memos_medium:2539,False,False,False,,correct,,baseline_correct_residual
memos_medium:2540,False,True,False,False,hallucination,,serialization_loss
memos_medium:2541,False,True,False,False,hallucination,,serialization_loss
memos_medium:2544,False,False,False,,correct,,baseline_correct_residual
memos_medium:2545,False,True,False,False,correct,,baseline_correct_residual
memos_medium:2546,False,False,True,,hallucination,,unresolved_or_missing_evidence
memos_medium:2548,False,False,False,,correct,,baseline_correct_residual
memos_medium:2549,False,False,False,,correct,,baseline_correct_residual
memos_medium:2550,False,False,False,,correct,,baseline_correct_residual
memos_medium:2553,False,False,False,,correct,,baseline_correct_residual
memos_medium:2554,False,False,False,,correct,,baseline_correct_residual
memos_medium:2555,False,False,False,,correct,,baseline_correct_residual
memos_medium:2557,False,False,True,,hallucination,,unresolved_or_missing_evidence
memos_medium:2559,False,False,False,,correct,,baseline_correct_residual
memos_medium:2560,False,False,False,,correct,,baseline_correct_residual
memos_medium:2561,False,False,False,,correct,,baseline_correct_residual
memos_medium:2563,False,False,False,,correct,,baseline_correct_residual
memos_medium:2565,False,True,False,False,hallucination,,serialization_loss
memos_medium:2566,,,,,hallucination,,unresolved_or_missing_evidence
memos_medium:2567,,,,,hallucination,,unresolved_or_missing_evidence
memos_medium:2568,False,False,False,,correct,,baseline_correct_residual
memos_medium:2569,False,False,False,,correct,,baseline_correct_residual
memos_medium:2570,False,False,False,,correct,,baseline_correct_residual
memos_medium:2571,False,False,False,,correct,,baseline_correct_residual
memos_medium:2572,False,False,False,,correct,,baseline_correct_residual
memos_medium:2573,False,False,False,,correct,,baseline_correct_residual
memos_medium:2575,False,False,True,,hallucination,,unresolved_or_missing_evidence
memos_medium:2576,False,False,False,,correct,,baseline_correct_residual
memos_medium:2577,,,,,omission,,unresolved_or_missing_evidence
memos_medium:2578,False,False,False,,correct,,baseline_correct_residual
memos_medium:2581,False,True,False,False,correct,,baseline_correct_residual
memos_medium:2588,False,True,False,False,correct,,baseline_correct_residual
memos_medium:2592,False,False,False,,correct,,baseline_correct_residual
memos_medium:2593,False,False,False,,correct,,baseline_correct_residual
memos_medium:2594,False,False,False,,correct,,baseline_correct_residual
memos_medium:2596,False,False,False,,correct,,baseline_correct_residual
memos_medium:2598,False,False,True,,hallucination,,unresolved_or_missing_evidence
memos_medium:2599,False,False,True,,hallucination,,unresolved_or_missing_evidence
memos_medium:2600,False,False,False,,correct,,baseline_correct_residual
memos_medium:2606,,,,,hallucination,,unresolved_or_missing_evidence
memos_medium:2609,False,False,False,,correct,,baseline_correct_residual
memos_medium:2610,False,False,False,,correct,,baseline_correct_residual
memos_medium:2611,False,False,False,,correct,,baseline_correct_residual
memos_medium:2612,False,False,False,,correct,,baseline_correct_residual
memos_medium:2613,False,False,False,,correct,,baseline_correct_residual
memos_medium:2614,False,False,False,,correct,,baseline_correct_residual
memos_medium:2615,False,False,False,,correct,,baseline_correct_residual
memos_medium:2616,False,False,False,,correct,,baseline_correct_residual
memos_medium:2617,False,False,False,,correct,,baseline_correct_residual
memos_medium:2619,False,False,False,,correct,,baseline_correct_residual
memos_medium:2620,,,,,correct,,baseline_correct_residual
memos_medium:2621,False,True,False,False,hallucination,,serialization_loss
memos_medium:2622,False,True,False,False,correct,,baseline_correct_residual
memos_medium:2623,False,False,True,,hallucination,,unresolved_or_missing_evidence
memos_medium:2624,False,False,False,,correct,,baseline_correct_residual
memos_medium:2625,,,,,omission,,unresolved_or_missing_evidence
memos_medium:2634,False,False,True,,hallucination,,unresolved_or_missing_evidence
memos_medium:2635,False,False,False,,correct,,baseline_correct_residual
memos_medium:2636,False,False,True,,hallucination,,unresolved_or_missing_evidence
memos_medium:2637,False,False,False,,correct,,baseline_correct_residual
memos_medium:2639,False,False,False,,correct,,baseline_correct_residual
memos_medium:2645,,,,,omission,,unresolved_or_missing_evidence
memos_medium:2646,False,False,False,,correct,,baseline_correct_residual
memos_medium:2647,False,False,True,,hallucination,,unresolved_or_missing_evidence
memos_medium:2648,False,False,False,,correct,,baseline_correct_residual
memos_medium:2649,False,False,False,,correct,,baseline_correct_residual
memos_medium:2652,False,False,False,,correct,,baseline_correct_residual
memos_medium:2654,False,False,False,,correct,,baseline_correct_residual
memos_medium:2655,False,False,False,,correct,,baseline_correct_residual
memos_medium:2656,False,False,False,,correct,,baseline_correct_residual
memos_medium:2657,False,False,True,,hallucination,,unresolved_or_missing_evidence
memos_medium:2658,,,,,correct,,baseline_correct_residual
memos_medium:2659,False,False,False,,correct,,baseline_correct_residual
memos_medium:2660,,,,,omission,,unresolved_or_missing_evidence
memos_medium:2661,,,,,omission,,unresolved_or_missing_evidence
memos_medium:2662,False,False,True,,hallucination,,unresolved_or_missing_evidence
memos_medium:2665,False,False,False,,correct,,baseline_correct_residual
memos_medium:2666,False,False,False,,correct,,baseline_correct_residual
memos_medium:2668,False,False,False,,correct,,baseline_correct_residual
memos_medium:2670,False,False,True,,hallucination,,unresolved_or_missing_evidence
memos_medium:2671,False,False,False,,correct,,baseline_correct_residual
memos_medium:2672,False,False,False,,correct,,baseline_correct_residual
memos_medium:2673,False,False,False,,correct,,baseline_correct_residual
memos_medium:2674,False,False,False,,correct,,baseline_correct_residual
memos_medium:2680,False,False,False,,correct,,baseline_correct_residual
memos_medium:2682,False,False,False,,correct,,baseline_correct_residual
memos_medium:2686,False,False,True,,omission,,unresolved_or_missing_evidence
memos_medium:2687,False,False,False,,correct,,baseline_correct_residual
memos_medium:2688,False,False,False,,correct,,baseline_correct_residual
memos_medium:2689,False,True,False,False,correct,,baseline_correct_residual
memos_medium:2690,,,,,hallucination,,unresolved_or_missing_evidence
memos_medium:2691,False,False,False,,correct,,baseline_correct_residual
memos_medium:2692,False,False,False,,correct,,baseline_correct_residual
memos_medium:2693,False,False,False,,correct,,baseline_correct_residual
memos_medium:2694,False,False,False,,correct,,baseline_correct_residual
memos_medium:2695,False,False,False,,correct,,baseline_correct_residual
memos_medium:2698,False,True,False,False,correct,,baseline_correct_residual
memos_medium:2700,False,False,False,,correct,,baseline_correct_residual
memos_medium:2701,False,False,False,,correct,,baseline_correct_residual
memos_medium:2702,False,False,False,,correct,,baseline_correct_residual
memos_medium:2703,False,False,False,,correct,,baseline_correct_residual
memos_medium:2704,False,False,False,,correct,,baseline_correct_residual
memos_medium:2708,False,False,False,,correct,,baseline_correct_residual
memos_medium:2709,False,False,False,,correct,,baseline_correct_residual
memos_medium:2710,False,False,False,,correct,,baseline_correct_residual
memos_medium:2716,False,False,False,,correct,,baseline_correct_residual
memos_medium:2717,False,False,False,,correct,,baseline_correct_residual
memos_medium:2718,False,False,False,,correct,,baseline_correct_residual
memos_medium:2719,False,False,False,,correct,,baseline_correct_residual
memos_medium:2726,False,True,False,False,omission,,serialization_loss
memos_medium:2727,,,,,omission,,unresolved_or_missing_evidence
memos_medium:2728,False,False,True,,hallucination,,unresolved_or_missing_evidence
memos_medium:2729,False,True,False,False,omission,,serialization_loss
memos_medium:2734,,,,,hallucination,,unresolved_or_missing_evidence
memos_medium:2735,,,,,correct,,baseline_correct_residual
memos_medium:2736,False,False,True,,hallucination,,unresolved_or_missing_evidence
memos_medium:2737,False,False,True,,hallucination,,unresolved_or_missing_evidence
memos_medium:2739,False,False,False,,correct,,baseline_correct_residual
memos_medium:2753,False,False,False,,correct,,baseline_correct_residual
memos_medium:2755,False,False,True,,hallucination,,unresolved_or_missing_evidence
memos_medium:2756,False,True,False,False,hallucination,,serialization_loss
memos_medium:2758,False,False,True,,hallucination,,unresolved_or_missing_evidence
memos_medium:2759,False,True,False,False,hallucination,,serialization_loss
memos_medium:2760,False,False,False,,correct,,baseline_correct_residual
memos_medium:2762,False,False,False,,correct,,baseline_correct_residual
memos_medium:2763,False,False,True,,hallucination,,unresolved_or_missing_evidence
memos_medium:2764,False,False,False,,correct,,baseline_correct_residual
memos_medium:2765,False,False,False,,correct,,baseline_correct_residual
memos_medium:2766,False,False,True,,hallucination,,unresolved_or_missing_evidence
memos_medium:2767,False,True,False,False,omission,,serialization_loss
memos_medium:2769,False,False,False,,correct,,baseline_correct_residual
memos_medium:2770,False,False,False,,correct,,baseline_correct_residual
memos_medium:2771,False,False,False,,correct,,baseline_correct_residual
memos_medium:2772,False,False,True,,hallucination,,unresolved_or_missing_evidence
memos_medium:2773,False,False,False,,correct,,baseline_correct_residual
memos_medium:2774,False,False,True,,hallucination,,unresolved_or_missing_evidence
memos_medium:2775,False,False,False,,correct,,baseline_correct_residual
memos_medium:2776,False,False,False,,correct,,baseline_correct_residual
memos_medium:2781,False,False,True,,hallucination,,unresolved_or_missing_evidence
memos_medium:2782,False,False,False,,correct,,baseline_correct_residual
memos_medium:2783,False,False,False,,correct,,baseline_correct_residual
memos_medium:2784,False,False,True,,hallucination,,unresolved_or_missing_evidence
memos_medium:2785,False,False,True,,omission,,unresolved_or_missing_evidence
memos_medium:2786,,,,,omission,,unresolved_or_missing_evidence
memos_medium:2790,False,False,False,,correct,,baseline_correct_residual
memos_medium:2791,False,False,False,,correct,,baseline_correct_residual
memos_medium:2792,False,False,False,,correct,,baseline_correct_residual
memos_medium:2793,False,False,True,,hallucination,,unresolved_or_missing_evidence
memos_medium:2794,False,False,False,,correct,,baseline_correct_residual
memos_medium:2796,False,False,False,,correct,,baseline_correct_residual
memos_medium:2797,False,False,False,,correct,,baseline_correct_residual
memos_medium:2798,False,False,False,,correct,,baseline_correct_residual
memos_medium:2799,,,,,hallucination,,unresolved_or_missing_evidence
memos_medium:2801,,,,,omission,,unresolved_or_missing_evidence
memos_medium:2802,False,False,True,,omission,,unresolved_or_missing_evidence
memos_medium:2803,,,,,hallucination,,unresolved_or_missing_evidence
memos_medium:2805,False,False,False,,correct,,baseline_correct_residual
memos_medium:2806,False,False,True,,hallucination,,unresolved_or_missing_evidence
memos_medium:2811,False,True,False,False,correct,,baseline_correct_residual
memos_medium:2813,False,False,False,,correct,,baseline_correct_residual
memos_medium:2814,False,False,False,,correct,,baseline_correct_residual
memos_medium:2815,False,False,False,,correct,,baseline_correct_residual
memos_medium:2818,False,False,False,,correct,,baseline_correct_residual
memos_medium:2820,False,False,False,,correct,,baseline_correct_residual
memos_medium:2823,False,False,True,,omission,,unresolved_or_missing_evidence
memos_medium:2826,False,False,True,,hallucination,,unresolved_or_missing_evidence
memos_medium:2827,False,False,False,,correct,,baseline_correct_residual
memos_medium:2828,False,False,False,,correct,,baseline_correct_residual
memos_medium:2830,False,False,False,,correct,,baseline_correct_residual
memos_medium:2832,,,,,correct,,baseline_correct_residual
memos_medium:2833,False,False,False,,correct,,baseline_correct_residual
memos_medium:2834,False,False,False,,correct,,baseline_correct_residual
memos_medium:2838,False,False,False,,correct,,baseline_correct_residual
memos_medium:2839,False,False,False,,correct,,baseline_correct_residual
memos_medium:2840,False,False,False,,correct,,baseline_correct_residual
memos_medium:2841,,,,,correct,,baseline_correct_residual
memos_medium:2842,,,,,correct,,baseline_correct_residual
memos_medium:2848,,,,,omission,,unresolved_or_missing_evidence
memos_medium:2853,False,True,False,False,hallucination,,serialization_loss
memos_medium:2855,False,False,False,,correct,,baseline_correct_residual
memos_medium:2859,False,False,False,,correct,,baseline_correct_residual
memos_medium:2860,False,False,False,,correct,,baseline_correct_residual
memos_medium:2862,False,False,False,,correct,,baseline_correct_residual
memos_medium:2863,False,False,True,,omission,,unresolved_or_missing_evidence
memos_medium:2865,False,True,False,False,correct,,baseline_correct_residual
memos_medium:2866,False,True,False,False,hallucination,,serialization_loss
memos_medium:2867,False,False,False,,correct,,baseline_correct_residual
memos_medium:2869,False,False,False,,correct,,baseline_correct_residual
memos_medium:2870,False,False,False,,correct,,baseline_correct_residual
memos_medium:2871,False,False,False,,correct,,baseline_correct_residual
memos_medium:2872,False,False,False,,correct,,baseline_correct_residual
memos_medium:2873,False,False,False,,correct,,baseline_correct_residual
memos_medium:2874,False,False,True,,hallucination,,unresolved_or_missing_evidence
memos_medium:2876,,,,,correct,,baseline_correct_residual
memos_medium:2877,False,False,False,,correct,,baseline_correct_residual
memos_medium:2879,False,False,False,,correct,,baseline_correct_residual
memos_medium:2880,False,False,False,,correct,,baseline_correct_residual
memos_medium:2883,False,False,True,,hallucination,,unresolved_or_missing_evidence
memos_medium:2884,False,False,False,,correct,,baseline_correct_residual
memos_medium:2885,False,False,True,,hallucination,,unresolved_or_missing_evidence
memos_medium:2886,False,False,False,,correct,,baseline_correct_residual
memos_medium:2887,False,False,False,,correct,,baseline_correct_residual
memos_medium:2888,,,,,correct,,baseline_correct_residual
memos_medium:2889,False,False,False,,correct,,baseline_correct_residual
memos_medium:2891,False,False,True,,hallucination,,unresolved_or_missing_evidence
memos_medium:2893,,,,,correct,,baseline_correct_residual
memos_medium:2895,False,False,False,,correct,,baseline_correct_residual
memos_medium:2897,False,False,False,,correct,,baseline_correct_residual
memos_medium:2900,False,True,False,False,hallucination,,serialization_loss
memos_medium:2902,False,False,False,,correct,,baseline_correct_residual
memos_medium:2903,False,False,False,,correct,,baseline_correct_residual
memos_medium:2904,False,False,False,,correct,,baseline_correct_residual
memos_medium:2906,False,False,False,,correct,,baseline_correct_residual
memos_medium:2907,False,False,False,,correct,,baseline_correct_residual
memos_medium:2909,False,False,False,,correct,,baseline_correct_residual
memos_medium:2912,False,False,False,,correct,,baseline_correct_residual
memos_medium:2914,False,False,False,,correct,,baseline_correct_residual
memos_medium:2915,,,,,correct,,baseline_correct_residual
memos_medium:2916,False,True,False,False,hallucination,,serialization_loss
memos_medium:2918,False,False,False,,correct,,baseline_correct_residual
memos_medium:2919,False,False,False,,correct,,baseline_correct_residual
memos_medium:2924,,,,,hallucination,,unresolved_or_missing_evidence
memos_medium:2925,,,,,hallucination,,unresolved_or_missing_evidence
memos_medium:2926,False,False,False,,correct,,baseline_correct_residual
memos_medium:2929,False,False,False,,correct,,baseline_correct_residual
memos_medium:2933,False,False,False,,correct,,baseline_correct_residual
memos_medium:2934,False,False,False,,correct,,baseline_correct_residual
memos_medium:2935,False,False,True,,omission,,unresolved_or_missing_evidence
memos_medium:2936,,,,,correct,,baseline_correct_residual
memos_medium:2937,False,False,False,,correct,,baseline_correct_residual
memos_medium:2938,,,,,omission,,unresolved_or_missing_evidence
memos_medium:2941,False,False,True,,hallucination,,unresolved_or_missing_evidence
memos_medium:2942,False,False,False,,correct,,baseline_correct_residual
memos_medium:2946,False,False,False,,correct,,baseline_correct_residual
memos_medium:2947,False,False,False,,correct,,baseline_correct_residual
memos_medium:2948,False,False,True,,omission,,unresolved_or_missing_evidence
memos_medium:2949,False,False,False,,correct,,baseline_correct_residual
memos_medium:2950,False,False,False,,correct,,baseline_correct_residual
memos_medium:2951,False,False,False,,correct,,baseline_correct_residual
memos_medium:2954,,,,,hallucination,,unresolved_or_missing_evidence
memos_medium:2956,False,False,False,,correct,,baseline_correct_residual
memos_medium:2963,False,False,False,,correct,,baseline_correct_residual
memos_medium:2964,False,False,False,,correct,,baseline_correct_residual
memos_medium:2966,,,,,omission,,unresolved_or_missing_evidence
memos_medium:2969,False,False,False,,correct,,baseline_correct_residual
memos_medium:2972,False,False,True,,hallucination,,unresolved_or_missing_evidence
memos_medium:2973,False,False,True,,hallucination,,unresolved_or_missing_evidence
memos_medium:2974,False,False,False,,correct,,baseline_correct_residual
memos_medium:2975,False,False,False,,correct,,baseline_correct_residual
memos_medium:2980,False,True,False,False,hallucination,,serialization_loss
memos_medium:2981,False,False,False,,correct,,baseline_correct_residual
memos_medium:2982,False,False,True,,hallucination,,unresolved_or_missing_evidence
memos_medium:2986,False,False,False,,correct,,baseline_correct_residual
memos_medium:2989,False,True,False,False,hallucination,,serialization_loss
memos_medium:2990,False,True,False,False,hallucination,,serialization_loss
memos_medium:2991,False,False,False,,correct,,baseline_correct_residual
memos_medium:2993,False,False,False,,correct,,baseline_correct_residual
memos_medium:2994,False,False,False,,correct,,baseline_correct_residual
memos_medium:2995,False,False,False,,correct,,baseline_correct_residual
memos_medium:2996,False,False,False,,correct,,baseline_correct_residual
memos_medium:2999,False,False,True,,omission,,unresolved_or_missing_evidence
memos_medium:3000,False,False,False,,correct,,baseline_correct_residual
memos_medium:3001,False,False,False,,correct,,baseline_correct_residual
memos_medium:3004,False,False,False,,correct,,baseline_correct_residual
memos_medium:3005,False,False,False,,correct,,baseline_correct_residual
memos_medium:3008,False,False,True,,hallucination,,unresolved_or_missing_evidence
memos_medium:3009,False,False,False,,correct,,baseline_correct_residual
memos_medium:3011,False,False,False,,correct,,baseline_correct_residual
memos_medium:3014,False,True,False,False,correct,,baseline_correct_residual
memos_medium:3020,False,False,False,,correct,,baseline_correct_residual
memos_medium:3021,False,False,False,,correct,,baseline_correct_residual
memos_medium:3023,False,False,False,,correct,,baseline_correct_residual
memos_medium:3024,False,False,True,,hallucination,,unresolved_or_missing_evidence
memos_medium:3025,False,False,False,,correct,,baseline_correct_residual
memos_medium:3027,False,False,True,,hallucination,,unresolved_or_missing_evidence
memos_medium:3028,False,False,False,,correct,,baseline_correct_residual
memos_medium:3030,,,,,correct,,baseline_correct_residual
memos_medium:3032,False,False,False,,correct,,baseline_correct_residual
memos_medium:3036,False,False,True,,omission,,unresolved_or_missing_evidence
memos_medium:3037,False,True,False,False,hallucination,,serialization_loss
memos_medium:3039,False,False,True,,hallucination,,unresolved_or_missing_evidence
memos_medium:3040,False,False,False,,correct,,baseline_correct_residual
memos_medium:3041,False,False,False,,correct,,baseline_correct_residual
memos_medium:3042,False,False,True,,hallucination,,unresolved_or_missing_evidence
memos_medium:3043,False,False,False,,correct,,baseline_correct_residual
memos_medium:3047,False,False,True,,hallucination,,unresolved_or_missing_evidence
memos_medium:3048,False,False,False,,correct,,baseline_correct_residual
memos_medium:3049,False,False,True,,hallucination,,unresolved_or_missing_evidence
memos_medium:3051,False,False,True,,hallucination,,unresolved_or_missing_evidence
memos_medium:3060,False,False,False,,correct,,baseline_correct_residual
memos_medium:3061,False,False,False,,correct,,baseline_correct_residual
memos_medium:3063,False,True,False,False,hallucination,,serialization_loss
memos_medium:3064,False,True,False,False,correct,,baseline_correct_residual
memos_medium:3066,,,,,correct,,baseline_correct_residual
memos_medium:3067,False,False,False,,correct,,baseline_correct_residual
memos_medium:3068,False,False,False,,correct,,baseline_correct_residual
memos_medium:3071,False,False,True,,omission,,unresolved_or_missing_evidence
memos_medium:3072,False,False,True,,omission,,unresolved_or_missing_evidence
memos_medium:3074,False,False,True,,hallucination,,unresolved_or_missing_evidence
memos_medium:3075,False,False,False,,correct,,baseline_correct_residual
memos_medium:3076,False,False,False,,correct,,baseline_correct_residual
memos_medium:3077,False,False,True,,hallucination,,unresolved_or_missing_evidence
memos_medium:3078,False,False,False,,correct,,baseline_correct_residual
memos_medium:3079,False,False,True,,hallucination,,unresolved_or_missing_evidence
memos_medium:3080,False,False,False,,correct,,baseline_correct_residual
memos_medium:3081,False,False,False,,correct,,baseline_correct_residual
memos_medium:3082,False,False,False,,correct,,baseline_correct_residual
memos_medium:3084,,,,,hallucination,,unresolved_or_missing_evidence
memos_medium:3086,False,False,False,,correct,,baseline_correct_residual
memos_medium:3088,False,False,False,,correct,,baseline_correct_residual
memos_medium:3089,False,True,False,False,hallucination,,serialization_loss
memos_medium:3090,False,True,False,False,hallucination,,serialization_loss
memos_medium:3091,False,False,False,,correct,,baseline_correct_residual
memos_medium:3092,False,True,False,False,hallucination,,serialization_loss
memos_medium:3093,False,True,False,False,hallucination,,serialization_loss
memos_medium:3094,False,False,False,,correct,,baseline_correct_residual
memos_medium:3096,False,False,False,,correct,,baseline_correct_residual
memos_medium:3101,False,True,False,False,correct,,baseline_correct_residual
memos_medium:3104,,,,,correct,,baseline_correct_residual
memos_medium:3105,False,False,False,,correct,,baseline_correct_residual
memos_medium:3106,False,False,False,,correct,,baseline_correct_residual
memos_medium:3111,,,,,hallucination,,unresolved_or_missing_evidence
memos_medium:3112,False,False,False,,correct,,baseline_correct_residual
memos_medium:3113,False,False,True,,hallucination,,unresolved_or_missing_evidence
memos_medium:3114,False,False,False,,correct,,baseline_correct_residual
memos_medium:3115,False,False,False,,correct,,baseline_correct_residual
memos_medium:3116,False,False,True,,hallucination,,unresolved_or_missing_evidence
memos_medium:3118,False,False,True,,hallucination,,unresolved_or_missing_evidence
memos_medium:3119,False,False,False,,correct,,baseline_correct_residual
memos_medium:3120,False,False,False,,correct,,baseline_correct_residual
memos_medium:3122,False,False,False,,correct,,baseline_correct_residual
memos_medium:3123,False,False,False,,correct,,baseline_correct_residual
memos_medium:3128,,,,,correct,,baseline_correct_residual
memos_medium:3129,False,False,False,,correct,,baseline_correct_residual
memos_medium:3130,False,False,False,,correct,,baseline_correct_residual
memos_medium:3134,,,,,correct,,baseline_correct_residual
memos_medium:3136,False,False,False,,correct,,baseline_correct_residual
memos_medium:3141,,,,,hallucination,,unresolved_or_missing_evidence
memos_medium:3148,False,False,False,,correct,,baseline_correct_residual
memos_medium:3152,False,False,False,,correct,,baseline_correct_residual
memos_medium:3153,False,False,False,,correct,,baseline_correct_residual
memos_medium:3154,False,False,False,,correct,,baseline_correct_residual
memos_medium:3155,False,False,False,,correct,,baseline_correct_residual
memos_medium:3156,False,False,False,,correct,,baseline_correct_residual
memos_medium:3157,False,True,False,False,hallucination,,serialization_loss
memos_medium:3162,False,False,True,,omission,,unresolved_or_missing_evidence
memos_medium:3163,False,False,False,,correct,,baseline_correct_residual
memos_medium:3169,,,,,correct,,baseline_correct_residual
memos_medium:3170,False,False,False,,correct,,baseline_correct_residual
memos_medium:3171,False,False,False,,correct,,baseline_correct_residual
memos_medium:3172,False,False,False,,correct,,baseline_correct_residual
memos_medium:3173,False,False,False,,correct,,baseline_correct_residual
memos_medium:3174,False,False,False,,correct,,baseline_correct_residual
memos_medium:3175,False,False,False,,correct,,baseline_correct_residual
memos_medium:3176,False,False,False,,correct,,baseline_correct_residual
memos_medium:3179,,,,,hallucination,,unresolved_or_missing_evidence
memos_medium:3181,False,False,False,,correct,,baseline_correct_residual
memos_medium:3182,False,False,False,,correct,,baseline_correct_residual
memos_medium:3183,,,,,hallucination,,unresolved_or_missing_evidence
memos_medium:3189,False,False,False,,correct,,baseline_correct_residual
memos_medium:3191,False,False,False,,correct,,baseline_correct_residual
memos_medium:3194,False,False,False,,correct,,baseline_correct_residual
memos_medium:3196,False,False,False,,correct,,baseline_correct_residual
memos_medium:3197,False,False,False,,correct,,baseline_correct_residual
memos_medium:3198,False,False,False,,correct,,baseline_correct_residual
memos_medium:3200,False,False,False,,correct,,baseline_correct_residual
memos_medium:3201,False,False,False,,correct,,baseline_correct_residual
memos_medium:3202,,,,,correct,,baseline_correct_residual
memos_medium:3203,False,False,False,,correct,,baseline_correct_residual
memos_medium:3204,False,False,False,,correct,,baseline_correct_residual
memos_medium:3208,False,False,True,,omission,,unresolved_or_missing_evidence
memos_medium:3212,,,,,omission,,unresolved_or_missing_evidence
memos_medium:3214,False,False,True,,hallucination,,unresolved_or_missing_evidence
memos_medium:3216,False,False,False,,correct,,baseline_correct_residual
memos_medium:3218,False,False,False,,correct,,baseline_correct_residual
memos_medium:3219,False,False,False,,correct,,baseline_correct_residual
memos_medium:3220,False,True,False,False,hallucination,,serialization_loss
memos_medium:3222,False,False,False,,correct,,baseline_correct_residual
memos_medium:3223,False,False,True,,hallucination,,unresolved_or_missing_evidence
memos_medium:3225,False,False,False,,correct,,baseline_correct_residual
memos_medium:3226,,,,,correct,,baseline_correct_residual
memos_medium:3234,,,,,hallucination,,unresolved_or_missing_evidence
memos_medium:3235,False,False,True,,hallucination,,unresolved_or_missing_evidence
memos_medium:3236,False,False,False,,correct,,baseline_correct_residual
memos_medium:3238,False,False,False,,correct,,baseline_correct_residual
memos_medium:3242,False,False,True,,hallucination,,unresolved_or_missing_evidence
memos_medium:3243,False,False,False,,correct,,baseline_correct_residual
memos_medium:3244,False,False,False,,correct,,baseline_correct_residual
memos_medium:3246,False,False,False,,correct,,baseline_correct_residual
memos_medium:3249,False,False,False,,correct,,baseline_correct_residual
memos_medium:3250,False,False,False,,correct,,baseline_correct_residual
memos_medium:3251,False,False,False,,correct,,baseline_correct_residual
memos_medium:3252,False,False,False,,correct,,baseline_correct_residual
memos_medium:3254,False,False,False,,correct,,baseline_correct_residual
memos_medium:3255,False,False,True,,hallucination,,unresolved_or_missing_evidence
memos_medium:3256,False,False,False,,correct,,baseline_correct_residual
memos_medium:3258,False,False,False,,correct,,baseline_correct_residual
memos_medium:3260,False,False,False,,correct,,baseline_correct_residual
memos_medium:3262,False,False,False,,correct,,baseline_correct_residual
memos_medium:3264,,,,,hallucination,,unresolved_or_missing_evidence
memos_medium:3265,False,False,False,,correct,,baseline_correct_residual
memos_medium:3270,False,False,True,,hallucination,,unresolved_or_missing_evidence
memos_medium:3271,False,False,False,,correct,,baseline_correct_residual
memos_medium:3272,,,,,hallucination,,unresolved_or_missing_evidence
memos_medium:3275,,,,,correct,,baseline_correct_residual
memos_medium:3277,False,False,False,,correct,,baseline_correct_residual
memos_medium:3279,False,False,False,,correct,,baseline_correct_residual
memos_medium:3280,False,False,True,,hallucination,,unresolved_or_missing_evidence
memos_medium:3281,,,,,hallucination,,unresolved_or_missing_evidence
memos_medium:3283,,,,,hallucination,,unresolved_or_missing_evidence
memos_medium:3284,False,False,False,,correct,,baseline_correct_residual
memos_medium:3287,False,False,False,,correct,,baseline_correct_residual
memos_medium:3288,False,False,False,,correct,,baseline_correct_residual
memos_medium:3289,False,False,True,,hallucination,,unresolved_or_missing_evidence
memos_medium:3290,False,False,True,,hallucination,,unresolved_or_missing_evidence
memos_medium:3292,,,,,hallucination,,unresolved_or_missing_evidence
memos_medium:3294,False,False,False,,correct,,baseline_correct_residual
memos_medium:3295,,,,,correct,,baseline_correct_residual
memos_medium:3296,False,True,False,False,correct,,baseline_correct_residual
memos_medium:3297,False,False,False,,correct,,baseline_correct_residual
memos_medium:3300,,,,,correct,,baseline_correct_residual
memos_medium:3301,False,True,False,False,hallucination,,serialization_loss
memos_medium:3306,False,False,False,,correct,,baseline_correct_residual
memos_medium:3307,False,False,False,,correct,,baseline_correct_residual
memos_medium:3310,False,False,False,,correct,,baseline_correct_residual
memos_medium:3311,,,,,hallucination,,unresolved_or_missing_evidence
memos_medium:3314,False,False,False,,correct,,baseline_correct_residual
memos_medium:3315,False,False,True,,hallucination,,unresolved_or_missing_evidence
memos_medium:3316,False,False,False,,correct,,baseline_correct_residual
memos_medium:3318,False,False,False,,correct,,baseline_correct_residual
memos_medium:3319,,,,,correct,,baseline_correct_residual
memos_medium:3320,,,,,correct,,baseline_correct_residual
memos_medium:3321,False,False,False,,correct,,baseline_correct_residual
memos_medium:3323,False,False,False,,correct,,baseline_correct_residual
memos_medium:3325,False,False,True,,hallucination,,unresolved_or_missing_evidence
memos_medium:3327,False,False,False,,correct,,baseline_correct_residual
memos_medium:3328,False,False,True,,hallucination,,unresolved_or_missing_evidence
memos_medium:3331,False,False,False,,correct,,baseline_correct_residual
memos_medium:3332,False,False,False,,correct,,baseline_correct_residual
memos_medium:3333,False,False,False,,correct,,baseline_correct_residual
memos_medium:3334,,,,,omission,,unresolved_or_missing_evidence
memos_medium:3339,,,,,correct,,baseline_correct_residual
memos_medium:3340,False,False,False,,correct,,baseline_correct_residual
memos_medium:3344,False,False,True,,hallucination,,unresolved_or_missing_evidence
memos_medium:3345,False,False,False,,correct,,baseline_correct_residual
memos_medium:3347,False,False,False,,correct,,baseline_correct_residual
memos_medium:3349,False,True,False,False,hallucination,,serialization_loss
memos_medium:3350,False,True,False,False,hallucination,,serialization_loss
memos_medium:3356,False,False,True,,hallucination,,unresolved_or_missing_evidence
memos_medium:3357,False,False,False,,correct,,baseline_correct_residual
memos_medium:3359,False,False,True,,hallucination,,unresolved_or_missing_evidence
memos_medium:3360,False,False,False,,correct,,baseline_correct_residual
memos_medium:3363,False,False,False,,correct,,baseline_correct_residual
memos_medium:3364,False,False,False,,correct,,baseline_correct_residual
memos_medium:3365,False,False,True,,omission,,unresolved_or_missing_evidence
memos_medium:3367,False,False,False,,correct,,baseline_correct_residual
memos_medium:3371,False,False,False,,correct,,baseline_correct_residual
memos_medium:3372,False,False,False,,correct,,baseline_correct_residual
memos_medium:3373,False,False,False,,correct,,baseline_correct_residual
memos_medium:3377,,,,,hallucination,,unresolved_or_missing_evidence
memos_medium:3381,,,,,correct,,baseline_correct_residual
memos_medium:3382,,,,,hallucination,,unresolved_or_missing_evidence
memos_medium:3383,False,False,False,,correct,,baseline_correct_residual
memos_medium:3384,False,False,False,,correct,,baseline_correct_residual
memos_medium:3385,False,False,False,,correct,,baseline_correct_residual
memos_medium:3386,False,False,False,,correct,,baseline_correct_residual
memos_medium:3387,,,,,hallucination,,unresolved_or_missing_evidence
memos_medium:3388,False,False,True,,omission,,unresolved_or_missing_evidence
memos_medium:3390,False,False,False,,correct,,baseline_correct_residual
memos_medium:3391,False,False,True,,hallucination,,unresolved_or_missing_evidence
memos_medium:3392,False,False,False,,correct,,baseline_correct_residual
memos_medium:3394,False,False,True,,hallucination,,unresolved_or_missing_evidence
memos_medium:3395,,,,,correct,,baseline_correct_residual
memos_medium:3396,False,False,False,,correct,,baseline_correct_residual
memos_medium:3397,False,False,False,,correct,,baseline_correct_residual
memos_medium:3398,False,False,False,,correct,,baseline_correct_residual
memos_medium:3399,False,False,False,,correct,,baseline_correct_residual
memos_medium:3401,False,False,False,,correct,,baseline_correct_residual
memos_medium:3402,False,False,False,,correct,,baseline_correct_residual
memos_medium:3403,False,False,False,,correct,,baseline_correct_residual
memos_medium:3405,False,False,True,,omission,,unresolved_or_missing_evidence
memos_medium:3406,,,,,hallucination,,unresolved_or_missing_evidence
memos_medium:3407,False,False,False,,correct,,baseline_correct_residual
memos_medium:3408,False,False,False,,correct,,baseline_correct_residual
memos_medium:3409,False,False,False,,correct,,baseline_correct_residual
memos_medium:3412,False,False,False,,correct,,baseline_correct_residual
memos_medium:3413,False,False,False,,correct,,baseline_correct_residual
memos_medium:3415,False,False,False,,correct,,baseline_correct_residual
memos_medium:3418,False,False,False,,correct,,baseline_correct_residual
memos_medium:3421,False,False,False,,correct,,baseline_correct_residual
memos_medium:3422,False,False,True,,hallucination,,unresolved_or_missing_evidence
memos_medium:3423,,,,,hallucination,,unresolved_or_missing_evidence
memos_medium:3424,False,False,False,,correct,,baseline_correct_residual
memos_medium:3433,,,,,correct,,baseline_correct_residual
memos_medium:3434,False,False,True,,omission,,unresolved_or_missing_evidence
memos_medium:3435,,,,,hallucination,,unresolved_or_missing_evidence
memos_medium:3436,False,True,False,False,correct,,baseline_correct_residual
memos_medium:3437,,,,,hallucination,,unresolved_or_missing_evidence
memos_medium:3438,False,False,True,,hallucination,,unresolved_or_missing_evidence
memos_medium:3439,False,False,False,,correct,,baseline_correct_residual
memos_medium:3440,False,False,False,,correct,,baseline_correct_residual
memos_medium:3441,False,False,True,,hallucination,,unresolved_or_missing_evidence
memos_medium:3442,False,False,False,,correct,,baseline_correct_residual
memos_medium:3443,False,False,True,,hallucination,,unresolved_or_missing_evidence
memos_medium:3444,False,False,False,,correct,,baseline_correct_residual
memos_medium:3448,False,False,False,,correct,,baseline_correct_residual
memos_medium:3449,,,,,hallucination,,unresolved_or_missing_evidence
memos_medium:3450,False,False,True,,hallucination,,unresolved_or_missing_evidence
memos_medium:3451,False,False,False,,correct,,baseline_correct_residual
memos_medium:3452,False,False,False,,correct,,baseline_correct_residual
memos_medium:3454,False,False,False,,correct,,baseline_correct_residual
memos_medium:3455,False,False,False,,correct,,baseline_correct_residual
memos_medium:3459,,,,,correct,,baseline_correct_residual
memos_medium:3461,False,False,True,,hallucination,,unresolved_or_missing_evidence
memos_medium:3462,,,,,hallucination,,unresolved_or_missing_evidence
memos_medium:3463,,,,,omission,,unresolved_or_missing_evidence
memos_medium:3465,False,False,False,,correct,,baseline_correct_residual
memos_medium:3466,False,False,False,,correct,,baseline_correct_residual
memos_medium:3467,False,False,True,,hallucination,,unresolved_or_missing_evidence
memos_long:2,False,False,False,,correct,,baseline_correct_residual
memos_long:3,False,False,True,,hallucination,,unresolved_or_missing_evidence
memos_long:4,False,False,False,,correct,,baseline_correct_residual
memos_long:5,False,False,False,,correct,,baseline_correct_residual
memos_long:6,False,False,False,,correct,,baseline_correct_residual
memos_long:8,False,True,False,False,correct,,baseline_correct_residual
memos_long:9,False,False,True,,hallucination,,unresolved_or_missing_evidence
memos_long:10,False,False,False,,correct,,baseline_correct_residual
memos_long:12,False,False,False,,correct,,baseline_correct_residual
memos_long:17,,,,,hallucination,,unresolved_or_missing_evidence
memos_long:19,False,False,True,,hallucination,,unresolved_or_missing_evidence
memos_long:20,False,False,False,,correct,,baseline_correct_residual
memos_long:23,False,False,False,,correct,,baseline_correct_residual
memos_long:24,False,False,True,,hallucination,,unresolved_or_missing_evidence
memos_long:25,False,False,True,,omission,,unresolved_or_missing_evidence
memos_long:27,,,,,omission,,unresolved_or_missing_evidence
memos_long:31,False,False,False,,correct,,baseline_correct_residual
memos_long:33,False,False,True,,hallucination,,unresolved_or_missing_evidence
memos_long:36,False,False,False,,correct,,baseline_correct_residual
memos_long:38,False,False,True,,hallucination,,unresolved_or_missing_evidence
memos_long:39,,,,,correct,,baseline_correct_residual
memos_long:40,False,False,False,,correct,,baseline_correct_residual
memos_long:41,False,False,False,,correct,,baseline_correct_residual
memos_long:42,False,False,False,,correct,,baseline_correct_residual
memos_long:44,False,False,False,,correct,,baseline_correct_residual
memos_long:45,False,False,False,,correct,,baseline_correct_residual
memos_long:46,False,False,False,,correct,,baseline_correct_residual
memos_long:47,False,False,False,,correct,,baseline_correct_residual
memos_long:49,False,True,False,False,omission,,serialization_loss
memos_long:50,False,False,True,,hallucination,,unresolved_or_missing_evidence
memos_long:51,False,False,False,,correct,,baseline_correct_residual
memos_long:52,False,False,False,,correct,,baseline_correct_residual
memos_long:53,False,False,True,,omission,,unresolved_or_missing_evidence
memos_long:56,False,False,False,,correct,,baseline_correct_residual
memos_long:57,False,False,False,,correct,,baseline_correct_residual
memos_long:58,False,False,True,,hallucination,,unresolved_or_missing_evidence
memos_long:61,False,False,False,,correct,,baseline_correct_residual
memos_long:62,False,False,False,,correct,,baseline_correct_residual
memos_long:63,False,False,False,,correct,,baseline_correct_residual
memos_long:64,False,False,False,,correct,,baseline_correct_residual
memos_long:65,False,False,False,,correct,,baseline_correct_residual
memos_long:66,False,False,False,,correct,,baseline_correct_residual
memos_long:67,False,False,False,,correct,,baseline_correct_residual
memos_long:68,False,False,True,,hallucination,,unresolved_or_missing_evidence
memos_long:69,False,False,False,,correct,,baseline_correct_residual
memos_long:70,False,False,True,,omission,,unresolved_or_missing_evidence
memos_long:77,False,False,True,,hallucination,,unresolved_or_missing_evidence
memos_long:79,False,False,False,,correct,,baseline_correct_residual
memos_long:80,False,False,False,,correct,,baseline_correct_residual
memos_long:81,False,False,False,,correct,,baseline_correct_residual
memos_long:84,False,False,False,,correct,,baseline_correct_residual
memos_long:85,False,False,True,,hallucination,,unresolved_or_missing_evidence
memos_long:86,False,False,False,,correct,,baseline_correct_residual
memos_long:88,False,False,True,,hallucination,,unresolved_or_missing_evidence
memos_long:89,,,,,correct,,baseline_correct_residual
memos_long:90,False,False,False,,correct,,baseline_correct_residual
memos_long:94,False,False,False,,correct,,baseline_correct_residual
memos_long:95,False,False,False,,correct,,baseline_correct_residual
memos_long:96,False,True,False,False,hallucination,,serialization_loss
memos_long:97,False,True,False,False,hallucination,,serialization_loss
memos_long:104,False,False,False,,correct,,baseline_correct_residual
memos_long:105,False,False,False,,correct,,baseline_correct_residual
memos_long:106,False,False,False,,correct,,baseline_correct_residual
memos_long:109,,,,,correct,,baseline_correct_residual
memos_long:110,,,,,correct,,baseline_correct_residual
memos_long:112,,,,,correct,,baseline_correct_residual
memos_long:113,False,False,False,,correct,,baseline_correct_residual
memos_long:114,False,False,False,,correct,,baseline_correct_residual
memos_long:115,False,False,True,,hallucination,,unresolved_or_missing_evidence
memos_long:117,,,,,correct,,baseline_correct_residual
memos_long:119,False,False,True,,hallucination,,unresolved_or_missing_evidence
memos_long:120,False,False,True,,hallucination,,unresolved_or_missing_evidence
memos_long:121,False,False,False,,correct,,baseline_correct_residual
memos_long:123,,,,,correct,,baseline_correct_residual
memos_long:124,,,,,omission,,unresolved_or_missing_evidence
memos_long:125,False,False,True,,hallucination,,unresolved_or_missing_evidence
memos_long:127,False,False,True,,omission,,unresolved_or_missing_evidence
memos_long:128,,,,,hallucination,,unresolved_or_missing_evidence
memos_long:131,False,False,True,,omission,,unresolved_or_missing_evidence
memos_long:132,False,False,False,,correct,,baseline_correct_residual
memos_long:133,False,False,False,,correct,,baseline_correct_residual
memos_long:134,False,False,False,,correct,,baseline_correct_residual
memos_long:135,False,False,False,,correct,,baseline_correct_residual
memos_long:136,False,False,False,,correct,,baseline_correct_residual
memos_long:137,False,False,False,,correct,,baseline_correct_residual
memos_long:138,False,False,False,,correct,,baseline_correct_residual
memos_long:141,False,True,False,False,correct,,baseline_correct_residual
memos_long:145,False,False,False,,correct,,baseline_correct_residual
memos_long:146,False,False,False,,correct,,baseline_correct_residual
memos_long:148,False,False,False,,correct,,baseline_correct_residual
memos_long:151,,,,,hallucination,,unresolved_or_missing_evidence
memos_long:152,False,False,True,,omission,,unresolved_or_missing_evidence
memos_long:153,False,False,False,,correct,,baseline_correct_residual
memos_long:155,False,False,False,,correct,,baseline_correct_residual
memos_long:156,False,False,False,,correct,,baseline_correct_residual
memos_long:157,False,False,False,,correct,,baseline_correct_residual
memos_long:161,False,False,False,,correct,,baseline_correct_residual
memos_long:162,,,,,correct,,baseline_correct_residual
memos_long:163,False,False,False,,correct,,baseline_correct_residual
memos_long:166,False,False,False,,correct,,baseline_correct_residual
memos_long:167,False,False,False,,correct,,baseline_correct_residual
memos_long:168,False,False,True,,hallucination,,unresolved_or_missing_evidence
memos_long:171,False,False,False,,correct,,baseline_correct_residual
memos_long:173,False,False,False,,correct,,baseline_correct_residual
memos_long:174,False,False,False,,correct,,baseline_correct_residual
memos_long:176,False,False,False,,correct,,baseline_correct_residual
memos_long:177,False,False,False,,correct,,baseline_correct_residual
memos_long:179,False,False,True,,omission,,unresolved_or_missing_evidence
memos_long:181,,,,,hallucination,,unresolved_or_missing_evidence
memos_long:182,,,,,hallucination,,unresolved_or_missing_evidence
memos_long:184,False,False,False,,correct,,baseline_correct_residual
memos_long:185,,,,,omission,,unresolved_or_missing_evidence
memos_long:186,False,False,False,,correct,,baseline_correct_residual
memos_long:189,False,True,False,False,correct,,baseline_correct_residual
memos_long:190,False,False,True,,hallucination,,unresolved_or_missing_evidence
memos_long:193,False,False,False,,correct,,baseline_correct_residual
memos_long:194,False,True,False,False,hallucination,,serialization_loss
memos_long:195,False,True,False,False,hallucination,,serialization_loss
memos_long:196,False,False,False,,correct,,baseline_correct_residual
memos_long:197,False,True,False,False,omission,,serialization_loss
memos_long:198,False,False,False,,correct,,baseline_correct_residual
memos_long:199,False,False,False,,correct,,baseline_correct_residual
memos_long:200,False,False,True,,hallucination,,unresolved_or_missing_evidence
memos_long:201,False,False,False,,correct,,baseline_correct_residual
memos_long:204,False,False,False,,correct,,baseline_correct_residual
memos_long:205,False,False,False,,correct,,baseline_correct_residual
memos_long:206,,,,,correct,,baseline_correct_residual
memos_long:207,False,True,False,False,omission,,serialization_loss
memos_long:208,False,False,True,,omission,,unresolved_or_missing_evidence
memos_long:209,False,False,False,,correct,,baseline_correct_residual
memos_long:210,False,False,False,,correct,,baseline_correct_residual
memos_long:211,False,False,False,,correct,,baseline_correct_residual
memos_long:214,False,False,True,,hallucination,,unresolved_or_missing_evidence
memos_long:216,False,False,False,,correct,,baseline_correct_residual
memos_long:220,,,,,hallucination,,unresolved_or_missing_evidence
memos_long:222,,,,,correct,,baseline_correct_residual
memos_long:224,,,,,hallucination,,unresolved_or_missing_evidence
memos_long:226,False,False,False,,correct,,baseline_correct_residual
memos_long:227,False,False,False,,correct,,baseline_correct_residual
memos_long:228,False,False,True,,omission,,unresolved_or_missing_evidence
memos_long:229,False,False,False,,correct,,baseline_correct_residual
memos_long:230,,,,,hallucination,,unresolved_or_missing_evidence
memos_long:231,False,False,False,,correct,,baseline_correct_residual
memos_long:233,False,False,False,,correct,,baseline_correct_residual
memos_long:234,False,False,False,,correct,,baseline_correct_residual
memos_long:235,False,False,True,,hallucination,,unresolved_or_missing_evidence
memos_long:238,False,False,False,,correct,,baseline_correct_residual
memos_long:239,False,False,False,,correct,,baseline_correct_residual
memos_long:240,False,False,True,,hallucination,,unresolved_or_missing_evidence
memos_long:241,False,False,False,,correct,,baseline_correct_residual
memos_long:243,False,False,False,,correct,,baseline_correct_residual
memos_long:244,False,False,False,,correct,,baseline_correct_residual
memos_long:245,False,True,False,False,omission,,serialization_loss
memos_long:246,False,False,False,,correct,,baseline_correct_residual
memos_long:248,False,False,False,,correct,,baseline_correct_residual
memos_long:250,False,False,False,,correct,,baseline_correct_residual
memos_long:252,False,False,True,,hallucination,,unresolved_or_missing_evidence
memos_long:253,False,False,False,,correct,,baseline_correct_residual
memos_long:254,False,False,True,,omission,,unresolved_or_missing_evidence
memos_long:255,,,,,hallucination,,unresolved_or_missing_evidence
memos_long:256,False,False,False,,correct,,baseline_correct_residual
memos_long:260,False,False,False,,correct,,baseline_correct_residual
memos_long:262,False,False,False,,correct,,baseline_correct_residual
memos_long:263,False,False,False,,correct,,baseline_correct_residual
memos_long:264,False,False,False,,correct,,baseline_correct_residual
memos_long:265,False,False,False,,correct,,baseline_correct_residual
memos_long:267,False,False,False,,correct,,baseline_correct_residual
memos_long:268,False,False,False,,correct,,baseline_correct_residual
memos_long:269,False,False,False,,correct,,baseline_correct_residual
memos_long:270,False,False,False,,correct,,baseline_correct_residual
memos_long:273,False,False,False,,correct,,baseline_correct_residual
memos_long:280,False,False,False,,correct,,baseline_correct_residual
memos_long:282,False,True,False,False,hallucination,,serialization_loss
memos_long:283,False,True,False,False,hallucination,,serialization_loss
memos_long:284,False,True,False,False,hallucination,,serialization_loss
memos_long:286,False,False,True,,hallucination,,unresolved_or_missing_evidence
memos_long:287,False,False,False,,correct,,baseline_correct_residual
memos_long:288,False,False,True,,hallucination,,unresolved_or_missing_evidence
memos_long:290,False,False,False,,correct,,baseline_correct_residual
memos_long:293,False,False,True,,omission,,unresolved_or_missing_evidence
memos_long:294,False,False,False,,correct,,baseline_correct_residual
memos_long:295,False,False,False,,correct,,baseline_correct_residual
memos_long:299,False,False,True,,hallucination,,unresolved_or_missing_evidence
memos_long:303,False,False,False,,correct,,baseline_correct_residual
memos_long:307,False,False,False,,correct,,baseline_correct_residual
memos_long:308,False,False,False,,correct,,baseline_correct_residual
memos_long:309,False,False,False,,correct,,baseline_correct_residual
memos_long:310,False,False,True,,omission,,unresolved_or_missing_evidence
memos_long:311,,,,,correct,,baseline_correct_residual
memos_long:312,,,,,correct,,baseline_correct_residual
memos_long:313,False,False,False,,correct,,baseline_correct_residual
memos_long:314,,,,,correct,,baseline_correct_residual
memos_long:317,,,,,correct,,baseline_correct_residual
memos_long:319,False,False,False,,correct,,baseline_correct_residual
memos_long:320,False,False,False,,correct,,baseline_correct_residual
memos_long:321,False,False,False,,correct,,baseline_correct_residual
memos_long:323,False,False,False,,correct,,baseline_correct_residual
memos_long:324,False,False,True,,omission,,unresolved_or_missing_evidence
memos_long:325,False,False,True,,omission,,unresolved_or_missing_evidence
memos_long:331,,,,,hallucination,,unresolved_or_missing_evidence
memos_long:332,False,False,True,,hallucination,,unresolved_or_missing_evidence
memos_long:333,,,,,hallucination,,unresolved_or_missing_evidence
memos_long:334,,,,,correct,,baseline_correct_residual
memos_long:335,False,False,False,,correct,,baseline_correct_residual
memos_long:336,False,False,False,,correct,,baseline_correct_residual
memos_long:337,False,False,False,,correct,,baseline_correct_residual
memos_long:339,False,False,False,,correct,,baseline_correct_residual
memos_long:341,False,False,False,,correct,,baseline_correct_residual
memos_long:342,False,False,False,,correct,,baseline_correct_residual
memos_long:344,,,,,correct,,baseline_correct_residual
memos_long:345,,,,,correct,,baseline_correct_residual
memos_long:348,False,False,True,,hallucination,,unresolved_or_missing_evidence
memos_long:352,,,,,correct,,baseline_correct_residual
memos_long:359,False,True,False,False,correct,,baseline_correct_residual
memos_long:360,False,False,False,,correct,,baseline_correct_residual
memos_long:362,,,,,correct,,baseline_correct_residual
memos_long:365,False,True,False,False,omission,,serialization_loss
memos_long:366,,,,,omission,,unresolved_or_missing_evidence
memos_long:367,,,,,correct,,baseline_correct_residual
memos_long:368,False,False,True,,hallucination,,unresolved_or_missing_evidence
memos_long:370,,,,,hallucination,,unresolved_or_missing_evidence
memos_long:371,False,False,False,,correct,,baseline_correct_residual
memos_long:375,False,False,False,,correct,,baseline_correct_residual
memos_long:378,False,False,False,,correct,,baseline_correct_residual
memos_long:379,False,False,False,,correct,,baseline_correct_residual
memos_long:383,False,False,True,,hallucination,,unresolved_or_missing_evidence
memos_long:386,False,False,False,,correct,,baseline_correct_residual
memos_long:388,False,False,False,,correct,,baseline_correct_residual
memos_long:389,False,False,False,,correct,,baseline_correct_residual
memos_long:390,False,False,True,,hallucination,,unresolved_or_missing_evidence
memos_long:392,False,False,False,,correct,,baseline_correct_residual
memos_long:395,False,False,False,,correct,,baseline_correct_residual
memos_long:397,False,False,False,,correct,,baseline_correct_residual
memos_long:398,,,,,omission,,unresolved_or_missing_evidence
memos_long:399,False,False,False,,correct,,baseline_correct_residual
memos_long:403,False,False,False,,correct,,baseline_correct_residual
memos_long:407,False,False,False,,correct,,baseline_correct_residual
memos_long:408,False,False,True,,hallucination,,unresolved_or_missing_evidence
memos_long:409,False,False,False,,correct,,baseline_correct_residual
memos_long:410,,,,,correct,,baseline_correct_residual
memos_long:412,False,False,False,,correct,,baseline_correct_residual
memos_long:413,,,,,hallucination,,unresolved_or_missing_evidence
memos_long:414,False,False,False,,correct,,baseline_correct_residual
memos_long:416,,,,,hallucination,,unresolved_or_missing_evidence
memos_long:420,False,False,False,,correct,,baseline_correct_residual
memos_long:423,False,False,False,,correct,,baseline_correct_residual
memos_long:424,False,False,False,,correct,,baseline_correct_residual
memos_long:425,False,True,False,False,hallucination,,serialization_loss
memos_long:426,False,False,False,,correct,,baseline_correct_residual
memos_long:427,False,True,False,False,correct,,baseline_correct_residual
memos_long:431,False,False,True,,hallucination,,unresolved_or_missing_evidence
memos_long:432,False,False,False,,correct,,baseline_correct_residual
memos_long:433,False,False,True,,omission,,unresolved_or_missing_evidence
memos_long:434,False,False,False,,correct,,baseline_correct_residual
memos_long:437,False,False,False,,correct,,baseline_correct_residual
memos_long:438,False,False,True,,hallucination,,unresolved_or_missing_evidence
memos_long:439,False,False,False,,correct,,baseline_correct_residual
memos_long:442,False,False,True,,hallucination,,unresolved_or_missing_evidence
memos_long:443,False,False,False,,correct,,baseline_correct_residual
memos_long:444,False,False,False,,correct,,baseline_correct_residual
memos_long:446,False,False,False,,correct,,baseline_correct_residual
memos_long:447,False,False,False,,correct,,baseline_correct_residual
memos_long:448,False,False,False,,correct,,baseline_correct_residual
memos_long:449,False,False,False,,correct,,baseline_correct_residual
memos_long:452,False,False,False,,correct,,baseline_correct_residual
memos_long:453,False,False,True,,hallucination,,unresolved_or_missing_evidence
memos_long:455,False,False,True,,hallucination,,unresolved_or_missing_evidence
memos_long:461,False,False,False,,correct,,baseline_correct_residual
memos_long:462,False,False,True,,hallucination,,unresolved_or_missing_evidence
memos_long:463,False,False,False,,correct,,baseline_correct_residual
memos_long:464,False,False,True,,hallucination,,unresolved_or_missing_evidence
memos_long:465,False,False,False,,correct,,baseline_correct_residual
memos_long:467,False,False,False,,correct,,baseline_correct_residual
memos_long:468,False,False,False,,correct,,baseline_correct_residual
memos_long:469,False,False,False,,correct,,baseline_correct_residual
memos_long:470,False,False,False,,correct,,baseline_correct_residual
memos_long:471,,,,,correct,,baseline_correct_residual
memos_long:473,False,False,True,,hallucination,,unresolved_or_missing_evidence
memos_long:474,False,True,False,False,correct,,baseline_correct_residual
memos_long:475,,,,,correct,,baseline_correct_residual
memos_long:476,False,True,False,False,hallucination,,serialization_loss
memos_long:477,False,False,True,,hallucination,,unresolved_or_missing_evidence
memos_long:478,False,False,True,,hallucination,,unresolved_or_missing_evidence
memos_long:481,False,False,False,,correct,,baseline_correct_residual
memos_long:482,,,,,hallucination,,unresolved_or_missing_evidence
memos_long:483,False,False,True,,hallucination,,unresolved_or_missing_evidence
memos_long:484,False,False,False,,correct,,baseline_correct_residual
memos_long:485,False,False,False,,correct,,baseline_correct_residual
memos_long:486,False,False,True,,hallucination,,unresolved_or_missing_evidence
memos_long:487,,,,,correct,,baseline_correct_residual
memos_long:488,False,False,False,,correct,,baseline_correct_residual
memos_long:490,False,False,False,,correct,,baseline_correct_residual
memos_long:491,False,False,True,,hallucination,,unresolved_or_missing_evidence
memos_long:492,False,False,False,,correct,,baseline_correct_residual
memos_long:493,False,False,False,,correct,,baseline_correct_residual
memos_long:494,False,False,False,,correct,,baseline_correct_residual
memos_long:497,False,False,True,,hallucination,,unresolved_or_missing_evidence
memos_long:498,False,False,False,,correct,,baseline_correct_residual
memos_long:499,False,False,False,,correct,,baseline_correct_residual
memos_long:500,False,False,False,,correct,,baseline_correct_residual
memos_long:502,False,False,False,,correct,,baseline_correct_residual
memos_long:503,False,False,False,,correct,,baseline_correct_residual
memos_long:505,False,False,False,,correct,,baseline_correct_residual
memos_long:506,False,False,False,,correct,,baseline_correct_residual
memos_long:510,,,,,hallucination,,unresolved_or_missing_evidence
memos_long:516,False,False,False,,correct,,baseline_correct_residual
memos_long:517,False,False,False,,correct,,baseline_correct_residual
memos_long:518,False,False,False,,correct,,baseline_correct_residual
memos_long:519,False,False,False,,correct,,baseline_correct_residual
memos_long:521,False,False,False,,correct,,baseline_correct_residual
memos_long:523,False,False,False,,correct,,baseline_correct_residual
memos_long:524,False,False,False,,correct,,baseline_correct_residual
memos_long:527,False,False,False,,correct,,baseline_correct_residual
memos_long:531,False,False,False,,correct,,baseline_correct_residual
memos_long:532,False,False,False,,correct,,baseline_correct_residual
memos_long:533,False,True,False,False,correct,,baseline_correct_residual
memos_long:534,,,,,correct,,baseline_correct_residual
memos_long:535,False,False,True,,hallucination,,unresolved_or_missing_evidence
memos_long:538,False,False,False,,correct,,baseline_correct_residual
memos_long:539,,,,,hallucination,,unresolved_or_missing_evidence
memos_long:540,False,True,False,False,hallucination,,serialization_loss
memos_long:541,False,False,False,,correct,,baseline_correct_residual
memos_long:542,False,False,False,,correct,,baseline_correct_residual
memos_long:549,False,False,True,,hallucination,,unresolved_or_missing_evidence
memos_long:550,False,False,False,,correct,,baseline_correct_residual
memos_long:551,False,False,False,,correct,,baseline_correct_residual
memos_long:552,False,False,False,,correct,,baseline_correct_residual
memos_long:555,False,False,False,,correct,,baseline_correct_residual
memos_long:557,False,False,False,,correct,,baseline_correct_residual
memos_long:558,False,True,False,False,hallucination,,serialization_loss
memos_long:559,False,False,True,,hallucination,,unresolved_or_missing_evidence
memos_long:560,False,False,False,,correct,,baseline_correct_residual
memos_long:562,False,False,True,,omission,,unresolved_or_missing_evidence
memos_long:563,False,False,False,,correct,,baseline_correct_residual
memos_long:566,False,False,False,,correct,,baseline_correct_residual
memos_long:567,False,False,True,,hallucination,,unresolved_or_missing_evidence
memos_long:568,False,False,False,,correct,,baseline_correct_residual
memos_long:569,False,False,False,,correct,,baseline_correct_residual
memos_long:571,False,False,False,,correct,,baseline_correct_residual
memos_long:572,False,False,True,,hallucination,,unresolved_or_missing_evidence
memos_long:573,False,False,False,,correct,,baseline_correct_residual
memos_long:574,False,False,False,,correct,,baseline_correct_residual
memos_long:575,False,False,False,,correct,,baseline_correct_residual
memos_long:576,False,False,False,,correct,,baseline_correct_residual
memos_long:577,False,False,True,,hallucination,,unresolved_or_missing_evidence
memos_long:579,False,False,False,,correct,,baseline_correct_residual
memos_long:580,False,False,False,,correct,,baseline_correct_residual
memos_long:581,False,False,False,,correct,,baseline_correct_residual
memos_long:582,False,False,False,,correct,,baseline_correct_residual
memos_long:583,False,False,False,,correct,,baseline_correct_residual
memos_long:585,False,False,False,,correct,,baseline_correct_residual
memos_long:587,False,False,True,,omission,,unresolved_or_missing_evidence
memos_long:588,False,False,False,,correct,,baseline_correct_residual
memos_long:589,False,False,False,,correct,,baseline_correct_residual
memos_long:590,False,False,True,,hallucination,,unresolved_or_missing_evidence
memos_long:591,False,False,False,,correct,,baseline_correct_residual
memos_long:598,False,False,False,,correct,,baseline_correct_residual
memos_long:599,,,,,hallucination,,unresolved_or_missing_evidence
memos_long:600,,,,,hallucination,,unresolved_or_missing_evidence
memos_long:601,False,False,True,,hallucination,,unresolved_or_missing_evidence
memos_long:604,,,,,correct,,baseline_correct_residual
memos_long:606,False,False,True,,hallucination,,unresolved_or_missing_evidence
memos_long:607,False,False,False,,correct,,baseline_correct_residual
memos_long:608,False,False,True,,hallucination,,unresolved_or_missing_evidence
memos_long:610,False,False,True,,hallucination,,unresolved_or_missing_evidence
memos_long:611,False,False,False,,correct,,baseline_correct_residual
memos_long:612,False,False,False,,correct,,baseline_correct_residual
memos_long:615,,,,,correct,,baseline_correct_residual
memos_long:616,False,False,False,,correct,,baseline_correct_residual
memos_long:617,,,,,correct,,baseline_correct_residual
memos_long:618,False,False,True,,hallucination,,unresolved_or_missing_evidence
memos_long:619,False,False,False,,correct,,baseline_correct_residual
memos_long:620,False,False,False,,correct,,baseline_correct_residual
memos_long:621,False,False,False,,correct,,baseline_correct_residual
memos_long:623,False,False,False,,correct,,baseline_correct_residual
memos_long:624,False,False,False,,correct,,baseline_correct_residual
memos_long:627,False,False,False,,correct,,baseline_correct_residual
memos_long:628,,,,,correct,,baseline_correct_residual
memos_long:629,False,False,False,,correct,,baseline_correct_residual
memos_long:631,False,False,False,,correct,,baseline_correct_residual
memos_long:632,False,False,False,,correct,,baseline_correct_residual
memos_long:633,False,False,False,,correct,,baseline_correct_residual
memos_long:634,False,False,False,,correct,,baseline_correct_residual
memos_long:637,False,False,False,,correct,,baseline_correct_residual
memos_long:638,False,False,False,,correct,,baseline_correct_residual
memos_long:639,False,False,False,,correct,,baseline_correct_residual
memos_long:642,False,False,False,,correct,,baseline_correct_residual
memos_long:644,,,,,correct,,baseline_correct_residual
memos_long:645,False,False,False,,correct,,baseline_correct_residual
memos_long:647,False,False,False,,correct,,baseline_correct_residual
memos_long:648,,,,,correct,,baseline_correct_residual
memos_long:650,False,False,False,,correct,,baseline_correct_residual
memos_long:651,False,False,False,,correct,,baseline_correct_residual
memos_long:652,False,False,False,,correct,,baseline_correct_residual
memos_long:653,False,False,True,,omission,,unresolved_or_missing_evidence
memos_long:654,False,False,False,,correct,,baseline_correct_residual
memos_long:657,False,False,False,,correct,,baseline_correct_residual
memos_long:659,False,False,False,,correct,,baseline_correct_residual
memos_long:661,False,False,True,,hallucination,,unresolved_or_missing_evidence
memos_long:664,False,False,False,,correct,,baseline_correct_residual
memos_long:665,False,False,False,,correct,,baseline_correct_residual
memos_long:666,False,False,False,,correct,,baseline_correct_residual
memos_long:667,,,,,hallucination,,unresolved_or_missing_evidence
memos_long:668,False,False,True,,hallucination,,unresolved_or_missing_evidence
memos_long:669,False,False,False,,correct,,baseline_correct_residual
memos_long:670,False,False,True,,hallucination,,unresolved_or_missing_evidence
memos_long:674,False,False,False,,correct,,baseline_correct_residual
memos_long:675,False,False,False,,correct,,baseline_correct_residual
memos_long:676,False,False,False,,correct,,baseline_correct_residual
memos_long:677,False,False,True,,hallucination,,unresolved_or_missing_evidence
memos_long:678,,,,,correct,,baseline_correct_residual
memos_long:680,,,,,correct,,baseline_correct_residual
memos_long:681,False,False,True,,hallucination,,unresolved_or_missing_evidence
memos_long:684,False,True,False,False,correct,,baseline_correct_residual
memos_long:688,False,False,False,,correct,,baseline_correct_residual
memos_long:689,False,False,False,,correct,,baseline_correct_residual
memos_long:690,False,False,False,,correct,,baseline_correct_residual
memos_long:693,,,,,hallucination,,unresolved_or_missing_evidence
memos_long:696,False,False,False,,correct,,baseline_correct_residual
memos_long:697,False,False,True,,hallucination,,unresolved_or_missing_evidence
memos_long:699,False,False,False,,correct,,baseline_correct_residual
memos_long:702,False,False,False,,correct,,baseline_correct_residual
memos_long:708,False,False,False,,correct,,baseline_correct_residual
memos_long:712,False,False,False,,correct,,baseline_correct_residual
memos_long:713,False,False,False,,correct,,baseline_correct_residual
memos_long:715,,,,,correct,,baseline_correct_residual
memos_long:716,,,,,correct,,baseline_correct_residual
memos_long:717,False,False,False,,correct,,baseline_correct_residual
memos_long:718,,,,,hallucination,,unresolved_or_missing_evidence
memos_long:719,,,,,hallucination,,unresolved_or_missing_evidence
memos_long:720,False,False,False,,correct,,baseline_correct_residual
memos_long:721,False,False,True,,hallucination,,unresolved_or_missing_evidence
memos_long:722,False,False,False,,correct,,baseline_correct_residual
memos_long:723,False,False,False,,correct,,baseline_correct_residual
memos_long:724,False,False,False,,correct,,baseline_correct_residual
memos_long:725,False,False,True,,hallucination,,unresolved_or_missing_evidence
memos_long:726,False,False,False,,correct,,baseline_correct_residual
memos_long:729,False,False,False,,correct,,baseline_correct_residual
memos_long:731,False,False,False,,correct,,baseline_correct_residual
memos_long:733,False,False,False,,correct,,baseline_correct_residual
memos_long:734,False,False,False,,correct,,baseline_correct_residual
memos_long:735,False,False,False,,correct,,baseline_correct_residual
memos_long:738,False,False,False,,correct,,baseline_correct_residual
memos_long:739,False,False,False,,correct,,baseline_correct_residual
memos_long:742,False,False,False,,correct,,baseline_correct_residual
memos_long:744,False,False,False,,correct,,baseline_correct_residual
memos_long:745,False,False,False,,correct,,baseline_correct_residual
memos_long:746,False,False,True,,hallucination,,unresolved_or_missing_evidence
memos_long:747,,,,,hallucination,,unresolved_or_missing_evidence
memos_long:748,False,False,False,,correct,,baseline_correct_residual
memos_long:749,False,False,False,,correct,,baseline_correct_residual
memos_long:750,False,True,False,False,hallucination,,serialization_loss
memos_long:751,False,False,False,,correct,,baseline_correct_residual
memos_long:752,False,True,False,False,correct,,baseline_correct_residual
memos_long:754,False,False,False,,correct,,baseline_correct_residual
memos_long:756,False,False,False,,correct,,baseline_correct_residual
memos_long:757,False,False,False,,correct,,baseline_correct_residual
memos_long:759,False,False,False,,correct,,baseline_correct_residual
memos_long:760,False,False,False,,correct,,baseline_correct_residual
memos_long:763,,,,,correct,,baseline_correct_residual
memos_long:765,False,False,True,,hallucination,,unresolved_or_missing_evidence
memos_long:766,False,False,False,,correct,,baseline_correct_residual
memos_long:768,,,,,hallucination,,unresolved_or_missing_evidence
memos_long:771,False,False,False,,correct,,baseline_correct_residual
memos_long:772,False,False,True,,omission,,unresolved_or_missing_evidence
memos_long:773,False,False,False,,correct,,baseline_correct_residual
memos_long:774,False,False,False,,correct,,baseline_correct_residual
memos_long:775,False,False,False,,correct,,baseline_correct_residual
memos_long:778,False,False,False,,correct,,baseline_correct_residual
memos_long:779,False,False,False,,correct,,baseline_correct_residual
memos_long:782,,,,,omission,,unresolved_or_missing_evidence
memos_long:784,False,False,False,,correct,,baseline_correct_residual
memos_long:786,False,False,False,,correct,,baseline_correct_residual
memos_long:788,False,False,False,,correct,,baseline_correct_residual
memos_long:789,False,False,True,,hallucination,,unresolved_or_missing_evidence
memos_long:790,False,True,False,False,omission,,serialization_loss
memos_long:791,False,False,False,,correct,,baseline_correct_residual
memos_long:792,False,False,False,,correct,,baseline_correct_residual
memos_long:794,False,False,False,,correct,,baseline_correct_residual
memos_long:798,False,False,False,,correct,,baseline_correct_residual
memos_long:799,False,False,False,,correct,,baseline_correct_residual
memos_long:801,False,False,False,,correct,,baseline_correct_residual
memos_long:802,False,False,False,,correct,,baseline_correct_residual
memos_long:803,False,False,False,,correct,,baseline_correct_residual
memos_long:804,False,False,False,,correct,,baseline_correct_residual
memos_long:806,False,False,True,,hallucination,,unresolved_or_missing_evidence
memos_long:807,,,,,omission,,unresolved_or_missing_evidence
memos_long:808,False,False,True,,omission,,unresolved_or_missing_evidence
memos_long:809,False,False,False,,correct,,baseline_correct_residual
memos_long:812,False,False,False,,correct,,baseline_correct_residual
memos_long:813,False,False,False,,correct,,baseline_correct_residual
memos_long:817,,,,,correct,,baseline_correct_residual
memos_long:819,False,False,True,,omission,,unresolved_or_missing_evidence
memos_long:822,,,,,correct,,baseline_correct_residual
memos_long:824,False,False,False,,correct,,baseline_correct_residual
memos_long:825,False,False,False,,correct,,baseline_correct_residual
memos_long:828,False,False,True,,hallucination,,unresolved_or_missing_evidence
memos_long:829,False,True,False,False,hallucination,,serialization_loss
memos_long:830,False,False,False,,correct,,baseline_correct_residual
memos_long:831,False,True,False,False,correct,,baseline_correct_residual
memos_long:834,False,False,True,,hallucination,,unresolved_or_missing_evidence
memos_long:835,False,False,False,,correct,,baseline_correct_residual
memos_long:837,False,False,False,,correct,,baseline_correct_residual
memos_long:838,False,False,False,,correct,,baseline_correct_residual
memos_long:839,False,True,False,False,hallucination,,serialization_loss
memos_long:842,False,False,False,,correct,,baseline_correct_residual
memos_long:843,False,False,False,,correct,,baseline_correct_residual
memos_long:844,False,False,False,,correct,,baseline_correct_residual
memos_long:845,False,False,False,,correct,,baseline_correct_residual
memos_long:847,False,False,False,,correct,,baseline_correct_residual
memos_long:852,False,False,False,,correct,,baseline_correct_residual
memos_long:853,False,False,False,,correct,,baseline_correct_residual
memos_long:855,,,,,correct,,baseline_correct_residual
memos_long:859,False,False,False,,correct,,baseline_correct_residual
memos_long:860,False,False,False,,correct,,baseline_correct_residual
memos_long:861,False,False,False,,correct,,baseline_correct_residual
memos_long:862,False,False,True,,hallucination,,unresolved_or_missing_evidence
memos_long:863,False,False,False,,correct,,baseline_correct_residual
memos_long:864,False,False,False,,correct,,baseline_correct_residual
memos_long:865,,,,,correct,,baseline_correct_residual
memos_long:866,False,False,False,,correct,,baseline_correct_residual
memos_long:867,False,False,False,,correct,,baseline_correct_residual
memos_long:868,False,False,False,,correct,,baseline_correct_residual
memos_long:869,False,False,False,,correct,,baseline_correct_residual
memos_long:870,False,False,True,,hallucination,,unresolved_or_missing_evidence
memos_long:871,False,False,True,,hallucination,,unresolved_or_missing_evidence
memos_long:872,False,False,False,,correct,,baseline_correct_residual
memos_long:873,False,False,True,,hallucination,,unresolved_or_missing_evidence
memos_long:876,False,False,False,,correct,,baseline_correct_residual
memos_long:878,False,False,False,,correct,,baseline_correct_residual
memos_long:879,False,False,False,,correct,,baseline_correct_residual
memos_long:880,False,False,False,,correct,,baseline_correct_residual
memos_long:887,False,False,False,,correct,,baseline_correct_residual
memos_long:888,False,True,False,False,correct,,baseline_correct_residual
memos_long:891,,,,,hallucination,,unresolved_or_missing_evidence
memos_long:892,False,True,False,False,correct,,baseline_correct_residual
memos_long:894,False,False,False,,correct,,baseline_correct_residual
memos_long:896,False,False,False,,correct,,baseline_correct_residual
memos_long:897,False,False,False,,correct,,baseline_correct_residual
memos_long:898,False,False,False,,correct,,baseline_correct_residual
memos_long:899,False,False,False,,correct,,baseline_correct_residual
memos_long:900,False,False,False,,correct,,baseline_correct_residual
memos_long:901,False,False,False,,correct,,baseline_correct_residual
memos_long:903,False,False,False,,correct,,baseline_correct_residual
memos_long:904,False,False,False,,correct,,baseline_correct_residual
memos_long:905,False,False,False,,correct,,baseline_correct_residual
memos_long:906,False,False,False,,correct,,baseline_correct_residual
memos_long:907,False,False,False,,correct,,baseline_correct_residual
memos_long:908,,,,,hallucination,,unresolved_or_missing_evidence
memos_long:910,False,False,True,,hallucination,,unresolved_or_missing_evidence
memos_long:912,False,False,False,,correct,,baseline_correct_residual
memos_long:913,False,False,True,,hallucination,,unresolved_or_missing_evidence
memos_long:914,False,False,True,,hallucination,,unresolved_or_missing_evidence
memos_long:916,False,False,False,,correct,,baseline_correct_residual
memos_long:917,False,False,False,,correct,,baseline_correct_residual
memos_long:919,False,False,True,,hallucination,,unresolved_or_missing_evidence
memos_long:922,False,False,True,,omission,,unresolved_or_missing_evidence
memos_long:923,False,False,False,,correct,,baseline_correct_residual
memos_long:924,,,,,correct,,baseline_correct_residual
memos_long:926,False,False,False,,correct,,baseline_correct_residual
memos_long:933,False,False,False,,correct,,baseline_correct_residual
memos_long:934,False,False,False,,correct,,baseline_correct_residual
memos_long:938,False,False,False,,correct,,baseline_correct_residual
memos_long:940,False,False,True,,hallucination,,unresolved_or_missing_evidence
memos_long:941,False,False,False,,correct,,baseline_correct_residual
memos_long:942,False,False,False,,correct,,baseline_correct_residual
memos_long:943,False,False,False,,correct,,baseline_correct_residual
memos_long:944,False,False,False,,correct,,baseline_correct_residual
memos_long:945,False,False,False,,correct,,baseline_correct_residual
memos_long:947,,,,,correct,,baseline_correct_residual
memos_long:948,False,False,False,,correct,,baseline_correct_residual
memos_long:956,False,False,False,,correct,,baseline_correct_residual
memos_long:958,False,False,True,,hallucination,,unresolved_or_missing_evidence
memos_long:959,,,,,correct,,baseline_correct_residual
memos_long:960,False,False,False,,correct,,baseline_correct_residual
memos_long:961,,,,,hallucination,,unresolved_or_missing_evidence
memos_long:962,False,True,False,False,correct,,baseline_correct_residual
memos_long:964,False,True,False,False,hallucination,,serialization_loss
memos_long:965,False,False,False,,correct,,baseline_correct_residual
memos_long:967,False,False,False,,correct,,baseline_correct_residual
memos_long:968,False,False,True,,hallucination,,unresolved_or_missing_evidence
memos_long:969,False,False,False,,correct,,baseline_correct_residual
memos_long:970,False,False,False,,correct,,baseline_correct_residual
memos_long:971,False,False,False,,correct,,baseline_correct_residual
memos_long:972,False,False,False,,correct,,baseline_correct_residual
memos_long:973,False,False,False,,correct,,baseline_correct_residual
memos_long:974,,,,,correct,,baseline_correct_residual
memos_long:975,False,False,True,,hallucination,,unresolved_or_missing_evidence
memos_long:979,False,False,False,,correct,,baseline_correct_residual
memos_long:981,False,False,False,,correct,,baseline_correct_residual
memos_long:986,,,,,correct,,baseline_correct_residual
memos_long:988,False,False,False,,correct,,baseline_correct_residual
memos_long:989,False,False,False,,correct,,baseline_correct_residual
memos_long:991,False,False,False,,correct,,baseline_correct_residual
memos_long:992,False,False,False,,correct,,baseline_correct_residual
memos_long:994,False,False,True,,hallucination,,unresolved_or_missing_evidence
memos_long:995,False,True,False,False,hallucination,,serialization_loss
memos_long:1001,False,False,False,,correct,,baseline_correct_residual
memos_long:1003,,,,,correct,,baseline_correct_residual
memos_long:1004,False,False,True,,hallucination,,unresolved_or_missing_evidence
memos_long:1005,False,False,False,,correct,,baseline_correct_residual
memos_long:1006,False,False,False,,correct,,baseline_correct_residual
memos_long:1007,False,False,False,,correct,,baseline_correct_residual
memos_long:1010,False,False,True,,hallucination,,unresolved_or_missing_evidence
memos_long:1013,,,,,omission,,unresolved_or_missing_evidence
memos_long:1015,False,False,True,,hallucination,,unresolved_or_missing_evidence
memos_long:1019,False,True,False,False,hallucination,,serialization_loss
memos_long:1024,False,True,False,False,hallucination,,serialization_loss
memos_long:1026,False,False,False,,correct,,baseline_correct_residual
memos_long:1027,False,False,False,,correct,,baseline_correct_residual
memos_long:1028,False,False,True,,hallucination,,unresolved_or_missing_evidence
memos_long:1030,False,False,True,,hallucination,,unresolved_or_missing_evidence
memos_long:1032,False,True,False,False,correct,,baseline_correct_residual
memos_long:1033,False,False,False,,correct,,baseline_correct_residual
memos_long:1035,False,False,False,,correct,,baseline_correct_residual
memos_long:1036,False,False,False,,correct,,baseline_correct_residual
memos_long:1037,False,False,False,,correct,,baseline_correct_residual
memos_long:1038,False,False,False,,correct,,baseline_correct_residual
memos_long:1039,False,False,False,,correct,,baseline_correct_residual
memos_long:1040,False,False,False,,correct,,baseline_correct_residual
memos_long:1041,False,False,False,,correct,,baseline_correct_residual
memos_long:1045,False,False,False,,correct,,baseline_correct_residual
memos_long:1050,False,False,False,,correct,,baseline_correct_residual
memos_long:1053,False,False,False,,correct,,baseline_correct_residual
memos_long:1056,False,False,False,,correct,,baseline_correct_residual
memos_long:1058,False,False,False,,correct,,baseline_correct_residual
memos_long:1060,False,False,False,,correct,,baseline_correct_residual
memos_long:1061,False,False,False,,correct,,baseline_correct_residual
memos_long:1063,False,False,False,,correct,,baseline_correct_residual
memos_long:1064,False,False,False,,correct,,baseline_correct_residual
memos_long:1065,False,False,False,,correct,,baseline_correct_residual
memos_long:1070,False,False,False,,correct,,baseline_correct_residual
memos_long:1071,False,False,False,,correct,,baseline_correct_residual
memos_long:1083,,,,,hallucination,,unresolved_or_missing_evidence
memos_long:1084,False,False,False,,correct,,baseline_correct_residual
memos_long:1085,False,False,True,,omission,,unresolved_or_missing_evidence
memos_long:1086,False,False,False,,correct,,baseline_correct_residual
memos_long:1087,False,False,False,,correct,,baseline_correct_residual
memos_long:1088,False,False,False,,correct,,baseline_correct_residual
memos_long:1092,False,False,False,,correct,,baseline_correct_residual
memos_long:1093,False,False,False,,correct,,baseline_correct_residual
memos_long:1094,False,False,False,,correct,,baseline_correct_residual
memos_long:1098,False,False,False,,correct,,baseline_correct_residual
memos_long:1099,False,False,False,,correct,,baseline_correct_residual
memos_long:1102,,,,,correct,,baseline_correct_residual
memos_long:1104,False,False,False,,correct,,baseline_correct_residual
memos_long:1105,False,False,False,,correct,,baseline_correct_residual
memos_long:1108,False,False,True,,hallucination,,unresolved_or_missing_evidence
memos_long:1109,False,False,False,,correct,,baseline_correct_residual
memos_long:1110,False,False,False,,correct,,baseline_correct_residual
memos_long:1111,False,False,True,,hallucination,,unresolved_or_missing_evidence
memos_long:1112,False,False,False,,correct,,baseline_correct_residual
memos_long:1113,False,False,False,,correct,,baseline_correct_residual
memos_long:1115,False,False,False,,correct,,baseline_correct_residual
memos_long:1116,,,,,correct,,baseline_correct_residual
memos_long:1118,False,True,False,False,hallucination,,serialization_loss
memos_long:1123,False,False,True,,hallucination,,unresolved_or_missing_evidence
memos_long:1125,False,False,False,,correct,,baseline_correct_residual
memos_long:1126,False,False,False,,correct,,baseline_correct_residual
memos_long:1129,False,False,False,,correct,,baseline_correct_residual
memos_long:1133,False,False,False,,correct,,baseline_correct_residual
memos_long:1134,False,False,False,,correct,,baseline_correct_residual
memos_long:1136,False,False,False,,correct,,baseline_correct_residual
memos_long:1137,False,False,True,,hallucination,,unresolved_or_missing_evidence
memos_long:1139,False,False,False,,correct,,baseline_correct_residual
memos_long:1141,False,False,False,,correct,,baseline_correct_residual
memos_long:1144,False,False,False,,correct,,baseline_correct_residual
memos_long:1147,False,False,True,,omission,,unresolved_or_missing_evidence
memos_long:1149,False,False,True,,hallucination,,unresolved_or_missing_evidence
memos_long:1150,False,True,False,False,hallucination,,serialization_loss
memos_long:1151,False,False,True,,hallucination,,unresolved_or_missing_evidence
memos_long:1153,False,False,False,,correct,,baseline_correct_residual
memos_long:1154,False,False,False,,correct,,baseline_correct_residual
memos_long:1156,False,False,False,,correct,,baseline_correct_residual
memos_long:1159,False,False,False,,correct,,baseline_correct_residual
memos_long:1160,False,False,False,,correct,,baseline_correct_residual
memos_long:1161,False,False,False,,correct,,baseline_correct_residual
memos_long:1170,False,False,True,,hallucination,,unresolved_or_missing_evidence
memos_long:1172,False,False,False,,correct,,baseline_correct_residual
memos_long:1173,False,False,False,,correct,,baseline_correct_residual
memos_long:1174,False,False,False,,correct,,baseline_correct_residual
memos_long:1175,False,False,True,,hallucination,,unresolved_or_missing_evidence
memos_long:1176,False,False,True,,hallucination,,unresolved_or_missing_evidence
memos_long:1178,False,False,True,,hallucination,,unresolved_or_missing_evidence
memos_long:1183,False,False,False,,correct,,baseline_correct_residual
memos_long:1184,False,False,False,,correct,,baseline_correct_residual
memos_long:1185,False,False,True,,hallucination,,unresolved_or_missing_evidence
memos_long:1191,,,,,hallucination,,unresolved_or_missing_evidence
memos_long:1192,False,False,False,,correct,,baseline_correct_residual
memos_long:1193,False,False,False,,correct,,baseline_correct_residual
memos_long:1194,False,False,False,,correct,,baseline_correct_residual
memos_long:1196,False,False,False,,correct,,baseline_correct_residual
memos_long:1197,False,False,False,,correct,,baseline_correct_residual
memos_long:1202,False,False,True,,hallucination,,unresolved_or_missing_evidence
memos_long:1212,False,False,True,,hallucination,,unresolved_or_missing_evidence
memos_long:1213,False,False,False,,correct,,baseline_correct_residual
memos_long:1215,False,False,True,,hallucination,,unresolved_or_missing_evidence
memos_long:1217,False,False,False,,correct,,baseline_correct_residual
memos_long:1219,,,,,hallucination,,unresolved_or_missing_evidence
memos_long:1220,False,False,False,,correct,,baseline_correct_residual
memos_long:1221,False,False,False,,correct,,baseline_correct_residual
memos_long:1222,False,False,True,,hallucination,,unresolved_or_missing_evidence
memos_long:1226,False,False,False,,correct,,baseline_correct_residual
memos_long:1231,False,False,True,,hallucination,,unresolved_or_missing_evidence
memos_long:1232,False,False,True,,hallucination,,unresolved_or_missing_evidence
memos_long:1233,False,False,False,,correct,,baseline_correct_residual
memos_long:1236,False,False,False,,correct,,baseline_correct_residual
memos_long:1237,False,False,True,,hallucination,,unresolved_or_missing_evidence
memos_long:1238,False,False,False,,correct,,baseline_correct_residual
memos_long:1243,False,False,False,,correct,,baseline_correct_residual
memos_long:1245,False,False,True,,hallucination,,unresolved_or_missing_evidence
memos_long:1246,False,False,False,,correct,,baseline_correct_residual
memos_long:1248,,,,,hallucination,,unresolved_or_missing_evidence
memos_long:1249,,,,,hallucination,,unresolved_or_missing_evidence
memos_long:1257,False,True,False,False,hallucination,,serialization_loss
memos_long:1258,False,False,False,,correct,,baseline_correct_residual
memos_long:1260,False,False,False,,correct,,baseline_correct_residual
memos_long:1262,,,,,hallucination,,unresolved_or_missing_evidence
memos_long:1264,False,True,False,False,omission,,serialization_loss
memos_long:1266,,,,,omission,,unresolved_or_missing_evidence
memos_long:1267,False,False,False,,correct,,baseline_correct_residual
memos_long:1269,False,False,False,,correct,,baseline_correct_residual
memos_long:1270,False,False,False,,correct,,baseline_correct_residual
memos_long:1271,False,False,True,,hallucination,,unresolved_or_missing_evidence
memos_long:1272,False,False,False,,correct,,baseline_correct_residual
memos_long:1273,,,,,correct,,baseline_correct_residual
memos_long:1275,,,,,hallucination,,unresolved_or_missing_evidence
memos_long:1276,False,False,True,,hallucination,,unresolved_or_missing_evidence
memos_long:1277,False,False,False,,correct,,baseline_correct_residual
memos_long:1278,False,False,False,,correct,,baseline_correct_residual
memos_long:1279,False,False,False,,correct,,baseline_correct_residual
memos_long:1280,False,False,True,,hallucination,,unresolved_or_missing_evidence
memos_long:1281,False,False,False,,correct,,baseline_correct_residual
memos_long:1282,False,False,True,,hallucination,,unresolved_or_missing_evidence
memos_long:1286,False,False,False,,correct,,baseline_correct_residual
memos_long:1287,False,False,False,,correct,,baseline_correct_residual
memos_long:1288,,,,,hallucination,,unresolved_or_missing_evidence
memos_long:1289,False,False,False,,correct,,baseline_correct_residual
memos_long:1290,False,False,False,,correct,,baseline_correct_residual
memos_long:1292,False,False,False,,correct,,baseline_correct_residual
memos_long:1294,False,False,False,,correct,,baseline_correct_residual
memos_long:1295,False,False,False,,correct,,baseline_correct_residual
memos_long:1296,False,False,False,,correct,,baseline_correct_residual
memos_long:1297,False,False,False,,correct,,baseline_correct_residual
memos_long:1298,False,False,True,,hallucination,,unresolved_or_missing_evidence
memos_long:1304,,,,,hallucination,,unresolved_or_missing_evidence
memos_long:1306,False,False,False,,correct,,baseline_correct_residual
memos_long:1307,False,False,False,,correct,,baseline_correct_residual
memos_long:1309,False,False,False,,correct,,baseline_correct_residual
memos_long:1310,False,False,False,,correct,,baseline_correct_residual
memos_long:1311,False,False,False,,correct,,baseline_correct_residual
memos_long:1313,False,False,True,,hallucination,,unresolved_or_missing_evidence
memos_long:1314,False,False,False,,correct,,baseline_correct_residual
memos_long:1315,False,False,False,,correct,,baseline_correct_residual
memos_long:1316,False,False,True,,hallucination,,unresolved_or_missing_evidence
memos_long:1318,False,False,False,,correct,,baseline_correct_residual
memos_long:1319,False,False,True,,hallucination,,unresolved_or_missing_evidence
memos_long:1323,False,False,False,,correct,,baseline_correct_residual
memos_long:1324,False,False,True,,hallucination,,unresolved_or_missing_evidence
memos_long:1325,False,False,False,,correct,,baseline_correct_residual
memos_long:1326,False,False,False,,correct,,baseline_correct_residual
memos_long:1327,False,False,False,,correct,,baseline_correct_residual
memos_long:1328,False,False,False,,correct,,baseline_correct_residual
memos_long:1329,False,True,False,False,correct,,baseline_correct_residual
memos_long:1330,False,False,False,,correct,,baseline_correct_residual
memos_long:1332,False,False,False,,correct,,baseline_correct_residual
memos_long:1334,False,True,False,False,correct,,baseline_correct_residual
memos_long:1337,False,False,False,,correct,,baseline_correct_residual
memos_long:1338,False,False,False,,correct,,baseline_correct_residual
memos_long:1340,False,False,False,,correct,,baseline_correct_residual
memos_long:1341,False,False,False,,correct,,baseline_correct_residual
memos_long:1342,False,False,False,,correct,,baseline_correct_residual
memos_long:1343,False,False,True,,hallucination,,unresolved_or_missing_evidence
memos_long:1346,False,False,False,,correct,,baseline_correct_residual
memos_long:1348,False,False,True,,hallucination,,unresolved_or_missing_evidence
memos_long:1350,False,False,True,,hallucination,,unresolved_or_missing_evidence
memos_long:1353,False,False,False,,correct,,baseline_correct_residual
memos_long:1357,False,False,False,,correct,,baseline_correct_residual
memos_long:1358,False,False,False,,correct,,baseline_correct_residual
memos_long:1360,False,False,True,,hallucination,,unresolved_or_missing_evidence
memos_long:1361,,,,,hallucination,,unresolved_or_missing_evidence
memos_long:1362,False,False,False,,correct,,baseline_correct_residual
memos_long:1364,False,False,False,,correct,,baseline_correct_residual
memos_long:1365,False,False,True,,hallucination,,unresolved_or_missing_evidence
memos_long:1368,False,False,False,,correct,,baseline_correct_residual
memos_long:1370,False,False,True,,hallucination,,unresolved_or_missing_evidence
memos_long:1371,False,False,False,,correct,,baseline_correct_residual
memos_long:1373,False,False,True,,hallucination,,unresolved_or_missing_evidence
memos_long:1374,False,False,True,,hallucination,,unresolved_or_missing_evidence
memos_long:1378,False,False,False,,correct,,baseline_correct_residual
memos_long:1379,False,False,False,,correct,,baseline_correct_residual
memos_long:1380,False,False,True,,hallucination,,unresolved_or_missing_evidence
memos_long:1381,False,False,False,,correct,,baseline_correct_residual
memos_long:1385,False,False,False,,correct,,baseline_correct_residual
memos_long:1386,False,False,False,,correct,,baseline_correct_residual
memos_long:1390,False,False,True,,hallucination,,unresolved_or_missing_evidence
memos_long:1395,,,,,hallucination,,unresolved_or_missing_evidence
memos_long:1397,False,False,False,,correct,,baseline_correct_residual
memos_long:1398,False,False,False,,correct,,baseline_correct_residual
memos_long:1401,False,False,True,,hallucination,,unresolved_or_missing_evidence
memos_long:1402,False,False,False,,correct,,baseline_correct_residual
memos_long:1403,False,False,False,,correct,,baseline_correct_residual
memos_long:1404,False,False,True,,hallucination,,unresolved_or_missing_evidence
memos_long:1405,False,False,True,,omission,,unresolved_or_missing_evidence
memos_long:1406,False,False,True,,omission,,unresolved_or_missing_evidence
memos_long:1407,,,,,hallucination,,unresolved_or_missing_evidence
memos_long:1409,False,False,True,,omission,,unresolved_or_missing_evidence
memos_long:1410,False,False,False,,correct,,baseline_correct_residual
memos_long:1412,False,False,False,,correct,,baseline_correct_residual
memos_long:1414,,,,,correct,,baseline_correct_residual
memos_long:1416,False,False,True,,hallucination,,unresolved_or_missing_evidence
memos_long:1417,False,False,False,,correct,,baseline_correct_residual
memos_long:1419,False,True,False,False,correct,,baseline_correct_residual
memos_long:1420,False,False,True,,hallucination,,unresolved_or_missing_evidence
memos_long:1421,False,False,False,,correct,,baseline_correct_residual
memos_long:1422,,,,,hallucination,,unresolved_or_missing_evidence
memos_long:1425,False,False,True,,hallucination,,unresolved_or_missing_evidence
memos_long:1426,False,False,False,,correct,,baseline_correct_residual
memos_long:1427,False,False,False,,correct,,baseline_correct_residual
memos_long:1428,False,False,True,,hallucination,,unresolved_or_missing_evidence
memos_long:1429,False,False,True,,hallucination,,unresolved_or_missing_evidence
memos_long:1430,False,False,False,,correct,,baseline_correct_residual
memos_long:1434,False,False,False,,correct,,baseline_correct_residual
memos_long:1435,False,False,False,,correct,,baseline_correct_residual
memos_long:1436,False,False,False,,correct,,baseline_correct_residual
memos_long:1437,False,False,False,,correct,,baseline_correct_residual
memos_long:1438,False,False,False,,correct,,baseline_correct_residual
memos_long:1440,False,False,False,,correct,,baseline_correct_residual
memos_long:1444,False,True,False,False,omission,,serialization_loss
memos_long:1446,False,False,True,,hallucination,,unresolved_or_missing_evidence
memos_long:1447,False,False,False,,correct,,baseline_correct_residual
memos_long:1451,,,,,omission,,unresolved_or_missing_evidence
memos_long:1452,False,False,False,,correct,,baseline_correct_residual
memos_long:1454,False,False,False,,correct,,baseline_correct_residual
memos_long:1455,False,False,True,,hallucination,,unresolved_or_missing_evidence
memos_long:1456,False,False,False,,correct,,baseline_correct_residual
memos_long:1458,False,False,False,,correct,,baseline_correct_residual
memos_long:1459,,,,,hallucination,,unresolved_or_missing_evidence
memos_long:1461,False,False,False,,correct,,baseline_correct_residual
memos_long:1462,False,False,False,,correct,,baseline_correct_residual
memos_long:1463,False,False,True,,hallucination,,unresolved_or_missing_evidence
memos_long:1464,False,False,False,,correct,,baseline_correct_residual
memos_long:1465,False,False,False,,correct,,baseline_correct_residual
memos_long:1466,False,False,False,,correct,,baseline_correct_residual
memos_long:1468,False,False,True,,hallucination,,unresolved_or_missing_evidence
memos_long:1469,False,True,False,False,correct,,baseline_correct_residual
memos_long:1470,False,False,True,,hallucination,,unresolved_or_missing_evidence
memos_long:1471,False,False,True,,hallucination,,unresolved_or_missing_evidence
memos_long:1472,,,,,hallucination,,unresolved_or_missing_evidence
memos_long:1473,False,False,False,,correct,,baseline_correct_residual
memos_long:1474,False,False,False,,correct,,baseline_correct_residual
memos_long:1475,False,False,False,,correct,,baseline_correct_residual
memos_long:1477,False,False,False,,correct,,baseline_correct_residual
memos_long:1479,False,False,False,,correct,,baseline_correct_residual
memos_long:1480,False,False,False,,correct,,baseline_correct_residual
memos_long:1484,False,False,True,,omission,,unresolved_or_missing_evidence
memos_long:1485,False,False,True,,hallucination,,unresolved_or_missing_evidence
memos_long:1487,False,False,False,,correct,,baseline_correct_residual
memos_long:1488,,,,,correct,,baseline_correct_residual
memos_long:1489,False,False,False,,correct,,baseline_correct_residual
memos_long:1494,False,True,False,False,omission,,serialization_loss
memos_long:1496,False,False,False,,correct,,baseline_correct_residual
memos_long:1499,False,False,False,,correct,,baseline_correct_residual
memos_long:1500,False,False,False,,correct,,baseline_correct_residual
memos_long:1501,,,,,correct,,baseline_correct_residual
memos_long:1502,False,False,True,,hallucination,,unresolved_or_missing_evidence
memos_long:1503,False,False,False,,correct,,baseline_correct_residual
memos_long:1505,False,False,False,,correct,,baseline_correct_residual
memos_long:1506,,,,,correct,,baseline_correct_residual
memos_long:1507,False,False,False,,correct,,baseline_correct_residual
memos_long:1508,False,False,False,,correct,,baseline_correct_residual
memos_long:1511,,,,,omission,,unresolved_or_missing_evidence
memos_long:1512,,,,,hallucination,,unresolved_or_missing_evidence
memos_long:1515,False,False,False,,correct,,baseline_correct_residual
memos_long:1516,False,False,False,,correct,,baseline_correct_residual
memos_long:1518,False,False,False,,correct,,baseline_correct_residual
memos_long:1519,False,False,False,,correct,,baseline_correct_residual
memos_long:1520,False,False,True,,hallucination,,unresolved_or_missing_evidence
memos_long:1521,False,False,False,,correct,,baseline_correct_residual
memos_long:1523,,,,,correct,,baseline_correct_residual
memos_long:1525,False,False,False,,correct,,baseline_correct_residual
memos_long:1526,False,False,False,,correct,,baseline_correct_residual
memos_long:1528,False,False,True,,hallucination,,unresolved_or_missing_evidence
memos_long:1530,,,,,hallucination,,unresolved_or_missing_evidence
memos_long:1531,False,True,False,False,hallucination,,serialization_loss
memos_long:1532,False,False,False,,correct,,baseline_correct_residual
memos_long:1533,False,False,False,,correct,,baseline_correct_residual
memos_long:1535,False,False,False,,correct,,baseline_correct_residual
memos_long:1536,False,False,False,,correct,,baseline_correct_residual
memos_long:1538,,,,,correct,,baseline_correct_residual
memos_long:1540,False,False,True,,omission,,unresolved_or_missing_evidence
memos_long:1541,False,False,False,,correct,,baseline_correct_residual
memos_long:1546,,,,,omission,,unresolved_or_missing_evidence
memos_long:1547,,,,,hallucination,,unresolved_or_missing_evidence
memos_long:1548,False,False,False,,correct,,baseline_correct_residual
memos_long:1549,False,False,False,,correct,,baseline_correct_residual
memos_long:1550,,,,,correct,,baseline_correct_residual
memos_long:1551,False,False,False,,correct,,baseline_correct_residual
memos_long:1552,,,,,correct,,baseline_correct_residual
memos_long:1553,False,False,False,,correct,,baseline_correct_residual
memos_long:1554,False,False,False,,correct,,baseline_correct_residual
memos_long:1555,False,False,False,,correct,,baseline_correct_residual
memos_long:1556,False,False,False,,correct,,baseline_correct_residual
memos_long:1557,,,,,correct,,baseline_correct_residual
memos_long:1559,False,False,False,,correct,,baseline_correct_residual
memos_long:1561,False,False,False,,correct,,baseline_correct_residual
memos_long:1562,False,False,False,,correct,,baseline_correct_residual
memos_long:1568,False,False,False,,correct,,baseline_correct_residual
memos_long:1569,False,False,False,,correct,,baseline_correct_residual
memos_long:1571,False,False,False,,correct,,baseline_correct_residual
memos_long:1572,False,False,False,,correct,,baseline_correct_residual
memos_long:1573,,,,,correct,,baseline_correct_residual
memos_long:1574,False,False,True,,hallucination,,unresolved_or_missing_evidence
memos_long:1575,False,False,True,,hallucination,,unresolved_or_missing_evidence
memos_long:1577,False,False,False,,correct,,baseline_correct_residual
memos_long:1580,False,False,False,,correct,,baseline_correct_residual
memos_long:1584,False,False,False,,correct,,baseline_correct_residual
memos_long:1586,False,True,False,False,omission,,serialization_loss
memos_long:1587,False,False,False,,correct,,baseline_correct_residual
memos_long:1588,False,False,False,,correct,,baseline_correct_residual
memos_long:1590,False,False,True,,hallucination,,unresolved_or_missing_evidence
memos_long:1591,False,False,False,,correct,,baseline_correct_residual
memos_long:1593,False,False,False,,correct,,baseline_correct_residual
memos_long:1594,,,,,omission,,unresolved_or_missing_evidence
memos_long:1595,False,True,False,False,hallucination,,serialization_loss
memos_long:1597,False,False,False,,correct,,baseline_correct_residual
memos_long:1598,,,,,correct,,baseline_correct_residual
memos_long:1599,False,False,False,,correct,,baseline_correct_residual
memos_long:1602,False,False,False,,correct,,baseline_correct_residual
memos_long:1604,False,False,False,,correct,,baseline_correct_residual
memos_long:1605,False,False,True,,hallucination,,unresolved_or_missing_evidence
memos_long:1607,False,False,False,,correct,,baseline_correct_residual
memos_long:1608,False,False,True,,hallucination,,unresolved_or_missing_evidence
memos_long:1611,False,False,True,,hallucination,,unresolved_or_missing_evidence
memos_long:1619,False,False,False,,correct,,baseline_correct_residual
memos_long:1620,False,False,False,,correct,,baseline_correct_residual
memos_long:1621,,,,,correct,,baseline_correct_residual
memos_long:1622,False,False,True,,hallucination,,unresolved_or_missing_evidence
memos_long:1624,False,False,False,,correct,,baseline_correct_residual
memos_long:1625,False,False,True,,hallucination,,unresolved_or_missing_evidence
memos_long:1626,False,True,False,False,correct,,baseline_correct_residual
memos_long:1628,False,False,False,,correct,,baseline_correct_residual
memos_long:1629,False,False,True,,hallucination,,unresolved_or_missing_evidence
memos_long:1630,False,False,False,,correct,,baseline_correct_residual
memos_long:1631,False,False,False,,correct,,baseline_correct_residual
memos_long:1632,False,False,False,,correct,,baseline_correct_residual
memos_long:1633,,,,,correct,,baseline_correct_residual
memos_long:1641,False,False,True,,omission,,unresolved_or_missing_evidence
memos_long:1642,False,False,False,,correct,,baseline_correct_residual
memos_long:1643,False,False,False,,correct,,baseline_correct_residual
memos_long:1645,False,False,False,,correct,,baseline_correct_residual
memos_long:1646,False,False,False,,correct,,baseline_correct_residual
memos_long:1647,False,False,False,,correct,,baseline_correct_residual
memos_long:1649,False,False,True,,hallucination,,unresolved_or_missing_evidence
memos_long:1650,False,False,False,,correct,,baseline_correct_residual
memos_long:1651,False,False,False,,correct,,baseline_correct_residual
memos_long:1652,False,False,False,,correct,,baseline_correct_residual
memos_long:1654,False,False,True,,hallucination,,unresolved_or_missing_evidence
memos_long:1655,False,False,False,,correct,,baseline_correct_residual
memos_long:1659,,,,,correct,,baseline_correct_residual
memos_long:1662,False,False,False,,correct,,baseline_correct_residual
memos_long:1664,,,,,hallucination,,unresolved_or_missing_evidence
memos_long:1665,,,,,correct,,baseline_correct_residual
memos_long:1667,False,False,False,,correct,,baseline_correct_residual
memos_long:1668,False,False,False,,correct,,baseline_correct_residual
memos_long:1669,False,False,False,,correct,,baseline_correct_residual
memos_long:1670,False,False,False,,correct,,baseline_correct_residual
memos_long:1671,False,False,False,,correct,,baseline_correct_residual
memos_long:1672,,,,,correct,,baseline_correct_residual
memos_long:1674,False,False,True,,hallucination,,unresolved_or_missing_evidence
memos_long:1675,False,False,False,,correct,,baseline_correct_residual
memos_long:1676,False,False,False,,correct,,baseline_correct_residual
memos_long:1682,False,False,False,,correct,,baseline_correct_residual
memos_long:1683,False,False,True,,hallucination,,unresolved_or_missing_evidence
memos_long:1685,,,,,omission,,unresolved_or_missing_evidence
memos_long:1686,False,False,False,,correct,,baseline_correct_residual
memos_long:1688,False,False,False,,correct,,baseline_correct_residual
memos_long:1689,False,False,False,,correct,,baseline_correct_residual
memos_long:1693,False,False,True,,hallucination,,unresolved_or_missing_evidence
memos_long:1695,False,False,True,,hallucination,,unresolved_or_missing_evidence
memos_long:1699,False,False,True,,hallucination,,unresolved_or_missing_evidence
memos_long:1701,False,False,False,,correct,,baseline_correct_residual
memos_long:1702,False,False,False,,correct,,baseline_correct_residual
memos_long:1703,False,False,False,,correct,,baseline_correct_residual
memos_long:1704,False,False,True,,hallucination,,unresolved_or_missing_evidence
memos_long:1706,False,True,False,False,correct,,baseline_correct_residual
memos_long:1707,False,False,False,,correct,,baseline_correct_residual
memos_long:1708,,,,,hallucination,,unresolved_or_missing_evidence
memos_long:1709,False,False,False,,correct,,baseline_correct_residual
memos_long:1710,False,False,True,,hallucination,,unresolved_or_missing_evidence
memos_long:1712,False,False,False,,correct,,baseline_correct_residual
memos_long:1713,,,,,hallucination,,unresolved_or_missing_evidence
memos_long:1716,,,,,correct,,baseline_correct_residual
memos_long:1718,False,False,False,,correct,,baseline_correct_residual
memos_long:1719,False,False,False,,correct,,baseline_correct_residual
memos_long:1721,False,False,True,,hallucination,,unresolved_or_missing_evidence
memos_long:1722,False,False,False,,correct,,baseline_correct_residual
memos_long:1723,False,False,False,,correct,,baseline_correct_residual
memos_long:1725,False,False,True,,hallucination,,unresolved_or_missing_evidence
memos_long:1726,False,False,False,,correct,,baseline_correct_residual
memos_long:1727,False,False,False,,correct,,baseline_correct_residual
memos_long:1728,,,,,hallucination,,unresolved_or_missing_evidence
memos_long:1730,False,False,False,,correct,,baseline_correct_residual
memos_long:1732,False,False,False,,correct,,baseline_correct_residual
memos_long:1733,False,False,True,,hallucination,,unresolved_or_missing_evidence
memos_long:1734,False,False,True,,hallucination,,unresolved_or_missing_evidence
memos_long:1735,False,False,False,,correct,,baseline_correct_residual
memos_long:1736,False,False,False,,correct,,baseline_correct_residual
memos_long:1742,False,False,True,,omission,,unresolved_or_missing_evidence
memos_long:1743,False,False,False,,correct,,baseline_correct_residual
memos_long:1745,False,False,False,,correct,,baseline_correct_residual
memos_long:1746,False,False,False,,correct,,baseline_correct_residual
memos_long:1747,False,False,True,,hallucination,,unresolved_or_missing_evidence
memos_long:1748,False,False,False,,correct,,baseline_correct_residual
memos_long:1752,False,False,True,,hallucination,,unresolved_or_missing_evidence
memos_long:1753,False,False,False,,correct,,baseline_correct_residual
memos_long:1754,False,False,False,,correct,,baseline_correct_residual
memos_long:1756,False,False,True,,hallucination,,unresolved_or_missing_evidence
memos_long:1757,False,False,True,,omission,,unresolved_or_missing_evidence
memos_long:1758,False,False,False,,correct,,baseline_correct_residual
memos_long:1759,False,False,False,,correct,,baseline_correct_residual
memos_long:1760,False,False,False,,correct,,baseline_correct_residual
memos_long:1761,,,,,hallucination,,unresolved_or_missing_evidence
memos_long:1762,,,,,hallucination,,unresolved_or_missing_evidence
memos_long:1763,False,False,False,,correct,,baseline_correct_residual
memos_long:1765,False,False,False,,correct,,baseline_correct_residual
memos_long:1766,False,False,False,,correct,,baseline_correct_residual
memos_long:1770,False,True,False,False,hallucination,,serialization_loss
memos_long:1772,False,True,False,False,correct,,baseline_correct_residual
memos_long:1773,False,True,False,False,hallucination,,serialization_loss
memos_long:1775,False,True,False,False,correct,,baseline_correct_residual
memos_long:1776,False,False,False,,correct,,baseline_correct_residual
memos_long:1777,False,False,False,,correct,,baseline_correct_residual
memos_long:1778,False,False,False,,correct,,baseline_correct_residual
memos_long:1779,False,False,False,,correct,,baseline_correct_residual
memos_long:1783,False,False,False,,correct,,baseline_correct_residual
memos_long:1784,False,False,False,,correct,,baseline_correct_residual
memos_long:1786,False,True,False,False,hallucination,,serialization_loss
memos_long:1787,False,False,False,,correct,,baseline_correct_residual
memos_long:1789,False,False,False,,correct,,baseline_correct_residual
memos_long:1790,False,False,False,,correct,,baseline_correct_residual
memos_long:1791,False,False,False,,correct,,baseline_correct_residual
memos_long:1793,,,,,hallucination,,unresolved_or_missing_evidence
memos_long:1795,,,,,omission,,unresolved_or_missing_evidence
memos_long:1796,False,False,False,,correct,,baseline_correct_residual
memos_long:1797,False,False,False,,correct,,baseline_correct_residual
memos_long:1798,False,False,False,,correct,,baseline_correct_residual
memos_long:1801,False,False,False,,correct,,baseline_correct_residual
memos_long:1802,False,False,False,,correct,,baseline_correct_residual
memos_long:1803,False,False,True,,hallucination,,unresolved_or_missing_evidence
memos_long:1804,False,False,False,,correct,,baseline_correct_residual
memos_long:1805,,,,,correct,,baseline_correct_residual
memos_long:1806,False,False,True,,hallucination,,unresolved_or_missing_evidence
memos_long:1807,False,False,False,,correct,,baseline_correct_residual
memos_long:1810,False,False,False,,correct,,baseline_correct_residual
memos_long:1811,,,,,hallucination,,unresolved_or_missing_evidence
memos_long:1812,,,,,hallucination,,unresolved_or_missing_evidence
memos_long:1815,False,True,False,False,hallucination,,serialization_loss
memos_long:1817,False,False,False,,correct,,baseline_correct_residual
memos_long:1820,False,False,True,,hallucination,,unresolved_or_missing_evidence
memos_long:1823,False,False,False,,correct,,baseline_correct_residual
memos_long:1824,False,False,False,,correct,,baseline_correct_residual
memos_long:1827,False,False,False,,correct,,baseline_correct_residual
memos_long:1828,False,False,False,,correct,,baseline_correct_residual
memos_long:1829,,,,,correct,,baseline_correct_residual
memos_long:1831,False,False,False,,correct,,baseline_correct_residual
memos_long:1832,False,False,False,,correct,,baseline_correct_residual
memos_long:1833,False,False,True,,hallucination,,unresolved_or_missing_evidence
memos_long:1834,False,False,False,,correct,,baseline_correct_residual
memos_long:1835,False,False,False,,correct,,baseline_correct_residual
memos_long:1837,False,False,False,,correct,,baseline_correct_residual
memos_long:1839,False,False,False,,correct,,baseline_correct_residual
memos_long:1842,False,True,False,False,correct,,baseline_correct_residual
memos_long:1843,False,False,False,,correct,,baseline_correct_residual
memos_long:1847,False,False,False,,correct,,baseline_correct_residual
memos_long:1848,False,False,False,,correct,,baseline_correct_residual
memos_long:1850,False,False,False,,correct,,baseline_correct_residual
memos_long:1851,False,False,False,,correct,,baseline_correct_residual
memos_long:1852,False,False,True,,hallucination,,unresolved_or_missing_evidence
memos_long:1854,,,,,correct,,baseline_correct_residual
memos_long:1855,False,False,False,,correct,,baseline_correct_residual
memos_long:1857,False,False,False,,correct,,baseline_correct_residual
memos_long:1858,False,False,False,,correct,,baseline_correct_residual
memos_long:1859,,,,,hallucination,,unresolved_or_missing_evidence
memos_long:1861,False,False,False,,correct,,baseline_correct_residual
memos_long:1865,False,False,True,,omission,,unresolved_or_missing_evidence
memos_long:1866,False,False,True,,omission,,unresolved_or_missing_evidence
memos_long:1867,False,False,False,,correct,,baseline_correct_residual
memos_long:1868,False,False,False,,correct,,baseline_correct_residual
memos_long:1869,False,False,False,,correct,,baseline_correct_residual
memos_long:1872,False,False,False,,correct,,baseline_correct_residual
memos_long:1873,False,False,False,,correct,,baseline_correct_residual
memos_long:1874,False,False,False,,correct,,baseline_correct_residual
memos_long:1875,False,False,True,,hallucination,,unresolved_or_missing_evidence
memos_long:1878,False,False,True,,omission,,unresolved_or_missing_evidence
memos_long:1879,,,,,hallucination,,unresolved_or_missing_evidence
memos_long:1880,False,False,True,,hallucination,,unresolved_or_missing_evidence
memos_long:1881,False,False,False,,correct,,baseline_correct_residual
memos_long:1882,False,False,True,,hallucination,,unresolved_or_missing_evidence
memos_long:1883,False,False,True,,hallucination,,unresolved_or_missing_evidence
memos_long:1886,False,True,False,False,correct,,baseline_correct_residual
memos_long:1887,False,False,False,,correct,,baseline_correct_residual
memos_long:1889,False,False,False,,correct,,baseline_correct_residual
memos_long:1891,False,False,True,,hallucination,,unresolved_or_missing_evidence
memos_long:1892,False,False,False,,correct,,baseline_correct_residual
memos_long:1893,False,False,True,,omission,,unresolved_or_missing_evidence
memos_long:1894,False,False,False,,correct,,baseline_correct_residual
memos_long:1895,,,,,hallucination,,unresolved_or_missing_evidence
memos_long:1896,False,False,True,,omission,,unresolved_or_missing_evidence
memos_long:1897,False,False,False,,correct,,baseline_correct_residual
memos_long:1902,False,False,False,,correct,,baseline_correct_residual
memos_long:1905,False,False,True,,omission,,unresolved_or_missing_evidence
memos_long:1910,False,True,False,False,hallucination,,serialization_loss
memos_long:1911,,,,,correct,,baseline_correct_residual
memos_long:1912,False,False,False,,correct,,baseline_correct_residual
memos_long:1913,False,False,True,,hallucination,,unresolved_or_missing_evidence
memos_long:1914,,,,,hallucination,,unresolved_or_missing_evidence
memos_long:1915,False,False,False,,correct,,baseline_correct_residual
memos_long:1920,,,,,omission,,unresolved_or_missing_evidence
memos_long:1921,False,False,False,,correct,,baseline_correct_residual
memos_long:1922,False,False,False,,correct,,baseline_correct_residual
memos_long:1923,False,False,False,,correct,,baseline_correct_residual
memos_long:1924,False,False,False,,correct,,baseline_correct_residual
memos_long:1925,False,False,False,,correct,,baseline_correct_residual
memos_long:1926,,,,,correct,,baseline_correct_residual
memos_long:1927,False,False,False,,correct,,baseline_correct_residual
memos_long:1928,False,False,False,,correct,,baseline_correct_residual
memos_long:1929,False,False,True,,omission,,unresolved_or_missing_evidence
memos_long:1930,False,False,False,,correct,,baseline_correct_residual
memos_long:1931,False,False,False,,correct,,baseline_correct_residual
memos_long:1932,False,False,True,,omission,,unresolved_or_missing_evidence
memos_long:1933,,,,,correct,,baseline_correct_residual
memos_long:1934,,,,,hallucination,,unresolved_or_missing_evidence
memos_long:1935,,,,,correct,,baseline_correct_residual
memos_long:1938,False,False,True,,hallucination,,unresolved_or_missing_evidence
memos_long:1939,False,False,False,,correct,,baseline_correct_residual
memos_long:1940,False,False,False,,correct,,baseline_correct_residual
memos_long:1942,False,False,True,,hallucination,,unresolved_or_missing_evidence
memos_long:1943,False,False,False,,correct,,baseline_correct_residual
memos_long:1945,False,True,False,False,correct,,baseline_correct_residual
memos_long:1946,False,False,True,,hallucination,,unresolved_or_missing_evidence
memos_long:1947,,,,,correct,,baseline_correct_residual
memos_long:1949,False,True,False,False,omission,,serialization_loss
memos_long:1952,False,False,False,,correct,,baseline_correct_residual
memos_long:1955,,,,,correct,,baseline_correct_residual
memos_long:1956,False,False,False,,correct,,baseline_correct_residual
memos_long:1958,False,False,False,,correct,,baseline_correct_residual
memos_long:1960,False,False,False,,correct,,baseline_correct_residual
memos_long:1963,False,True,False,False,hallucination,,serialization_loss
memos_long:1964,,,,,hallucination,,unresolved_or_missing_evidence
memos_long:1965,False,False,False,,correct,,baseline_correct_residual
memos_long:1966,False,False,False,,correct,,baseline_correct_residual
memos_long:1967,,,,,correct,,baseline_correct_residual
memos_long:1968,False,False,False,,correct,,baseline_correct_residual
memos_long:1969,False,False,False,,correct,,baseline_correct_residual
memos_long:1970,False,False,True,,omission,,unresolved_or_missing_evidence
memos_long:1971,False,False,False,,correct,,baseline_correct_residual
memos_long:1972,False,False,False,,correct,,baseline_correct_residual
memos_long:1974,False,True,False,False,correct,,baseline_correct_residual
memos_long:1975,,,,,correct,,baseline_correct_residual
memos_long:1976,False,False,True,,hallucination,,unresolved_or_missing_evidence
memos_long:1977,False,False,False,,correct,,baseline_correct_residual
memos_long:1980,False,False,True,,hallucination,,unresolved_or_missing_evidence
memos_long:1981,False,False,False,,correct,,baseline_correct_residual
memos_long:1982,False,False,False,,correct,,baseline_correct_residual
memos_long:1983,False,False,False,,correct,,baseline_correct_residual
memos_long:1984,False,False,True,,omission,,unresolved_or_missing_evidence
memos_long:1985,False,False,True,,hallucination,,unresolved_or_missing_evidence
memos_long:1986,False,False,False,,correct,,baseline_correct_residual
memos_long:1987,False,False,False,,correct,,baseline_correct_residual
memos_long:1997,False,False,True,,omission,,unresolved_or_missing_evidence
memos_long:1998,False,False,True,,omission,,unresolved_or_missing_evidence
memos_long:2000,,,,,omission,,unresolved_or_missing_evidence
memos_long:2002,,,,,omission,,unresolved_or_missing_evidence
memos_long:2003,False,True,False,False,correct,,baseline_correct_residual
memos_long:2004,False,False,True,,omission,,unresolved_or_missing_evidence
memos_long:2007,False,False,False,,correct,,baseline_correct_residual
memos_long:2008,False,False,False,,correct,,baseline_correct_residual
memos_long:2009,False,False,True,,hallucination,,unresolved_or_missing_evidence
memos_long:2010,False,False,False,,correct,,baseline_correct_residual
memos_long:2014,False,True,False,False,correct,,baseline_correct_residual
memos_long:2015,False,False,False,,correct,,baseline_correct_residual
memos_long:2016,False,False,False,,correct,,baseline_correct_residual
memos_long:2017,False,True,False,False,hallucination,,serialization_loss
memos_long:2019,False,False,False,,correct,,baseline_correct_residual
memos_long:2021,False,False,True,,hallucination,,unresolved_or_missing_evidence
memos_long:2022,False,False,False,,correct,,baseline_correct_residual
memos_long:2023,False,False,True,,hallucination,,unresolved_or_missing_evidence
memos_long:2024,False,False,False,,correct,,baseline_correct_residual
memos_long:2025,False,False,False,,correct,,baseline_correct_residual
memos_long:2027,False,False,False,,correct,,baseline_correct_residual
memos_long:2028,False,False,False,,correct,,baseline_correct_residual
memos_long:2032,False,False,False,,correct,,baseline_correct_residual
memos_long:2033,False,False,False,,correct,,baseline_correct_residual
memos_long:2036,False,False,False,,correct,,baseline_correct_residual
memos_long:2037,False,False,False,,correct,,baseline_correct_residual
memos_long:2038,False,False,False,,correct,,baseline_correct_residual
memos_long:2039,False,False,False,,correct,,baseline_correct_residual
memos_long:2047,False,False,True,,hallucination,,unresolved_or_missing_evidence
memos_long:2048,False,False,False,,correct,,baseline_correct_residual
memos_long:2049,False,False,False,,correct,,baseline_correct_residual
memos_long:2050,False,False,False,,correct,,baseline_correct_residual
memos_long:2053,False,False,False,,correct,,baseline_correct_residual
memos_long:2054,False,False,True,,hallucination,,unresolved_or_missing_evidence
memos_long:2056,,,,,omission,,unresolved_or_missing_evidence
memos_long:2057,False,False,True,,hallucination,,unresolved_or_missing_evidence
memos_long:2061,False,False,False,,correct,,baseline_correct_residual
memos_long:2062,False,False,False,,correct,,baseline_correct_residual
memos_long:2063,False,False,False,,correct,,baseline_correct_residual
memos_long:2066,False,False,False,,correct,,baseline_correct_residual
memos_long:2067,False,False,False,,correct,,baseline_correct_residual
memos_long:2068,False,False,False,,correct,,baseline_correct_residual
memos_long:2070,,,,,hallucination,,unresolved_or_missing_evidence
memos_long:2071,False,True,False,False,correct,,baseline_correct_residual
memos_long:2074,False,False,False,,correct,,baseline_correct_residual
memos_long:2076,False,False,False,,correct,,baseline_correct_residual
memos_long:2079,False,False,False,,correct,,baseline_correct_residual
memos_long:2086,False,False,False,,correct,,baseline_correct_residual
memos_long:2090,False,True,False,False,hallucination,,serialization_loss
memos_long:2091,False,False,False,,correct,,baseline_correct_residual
memos_long:2093,False,False,False,,correct,,baseline_correct_residual
memos_long:2094,False,False,True,,hallucination,,unresolved_or_missing_evidence
memos_long:2095,,,,,correct,,baseline_correct_residual
memos_long:2098,False,False,False,,correct,,baseline_correct_residual
memos_long:2102,False,False,False,,correct,,baseline_correct_residual
memos_long:2104,False,False,False,,correct,,baseline_correct_residual
memos_long:2106,,,,,hallucination,,unresolved_or_missing_evidence
memos_long:2107,False,False,False,,correct,,baseline_correct_residual
memos_long:2108,False,False,False,,correct,,baseline_correct_residual
memos_long:2110,False,False,False,,correct,,baseline_correct_residual
memos_long:2111,False,False,True,,hallucination,,unresolved_or_missing_evidence
memos_long:2113,False,False,True,,hallucination,,unresolved_or_missing_evidence
memos_long:2115,False,False,False,,correct,,baseline_correct_residual
memos_long:2116,False,False,False,,correct,,baseline_correct_residual
memos_long:2117,False,False,False,,correct,,baseline_correct_residual
memos_long:2118,False,False,True,,hallucination,,unresolved_or_missing_evidence
memos_long:2119,,,,,omission,,unresolved_or_missing_evidence
memos_long:2120,False,False,True,,hallucination,,unresolved_or_missing_evidence
memos_long:2121,False,False,False,,correct,,baseline_correct_residual
memos_long:2122,False,False,True,,hallucination,,unresolved_or_missing_evidence
memos_long:2126,False,False,True,,hallucination,,unresolved_or_missing_evidence
memos_long:2127,False,True,False,False,hallucination,,serialization_loss
memos_long:2128,False,True,False,False,hallucination,,serialization_loss
memos_long:2130,False,False,False,,correct,,baseline_correct_residual
memos_long:2131,,,,,omission,,unresolved_or_missing_evidence
memos_long:2133,False,False,True,,hallucination,,unresolved_or_missing_evidence
memos_long:2134,False,False,False,,correct,,baseline_correct_residual
memos_long:2136,False,False,False,,correct,,baseline_correct_residual
memos_long:2138,False,False,False,,correct,,baseline_correct_residual
memos_long:2139,False,False,False,,correct,,baseline_correct_residual
memos_long:2143,False,False,True,,hallucination,,unresolved_or_missing_evidence
memos_long:2144,False,False,False,,correct,,baseline_correct_residual
memos_long:2146,False,False,False,,correct,,baseline_correct_residual
memos_long:2148,False,False,False,,correct,,baseline_correct_residual
memos_long:2151,False,False,False,,correct,,baseline_correct_residual
memos_long:2152,False,False,True,,hallucination,,unresolved_or_missing_evidence
memos_long:2153,False,False,True,,hallucination,,unresolved_or_missing_evidence
memos_long:2154,False,False,True,,omission,,unresolved_or_missing_evidence
memos_long:2156,False,False,True,,hallucination,,unresolved_or_missing_evidence
memos_long:2157,False,False,False,,correct,,baseline_correct_residual
memos_long:2158,False,False,False,,correct,,baseline_correct_residual
memos_long:2160,False,False,False,,correct,,baseline_correct_residual
memos_long:2163,False,False,False,,correct,,baseline_correct_residual
memos_long:2164,False,False,False,,correct,,baseline_correct_residual
memos_long:2166,False,False,False,,correct,,baseline_correct_residual
memos_long:2167,False,False,False,,correct,,baseline_correct_residual
memos_long:2169,False,False,True,,hallucination,,unresolved_or_missing_evidence
memos_long:2172,,,,,correct,,baseline_correct_residual
memos_long:2173,,,,,omission,,unresolved_or_missing_evidence
memos_long:2174,False,False,True,,hallucination,,unresolved_or_missing_evidence
memos_long:2176,,,,,hallucination,,unresolved_or_missing_evidence
memos_long:2177,False,False,False,,correct,,baseline_correct_residual
memos_long:2179,,,,,hallucination,,unresolved_or_missing_evidence
memos_long:2181,False,False,False,,correct,,baseline_correct_residual
memos_long:2182,False,False,False,,correct,,baseline_correct_residual
memos_long:2183,False,False,True,,omission,,unresolved_or_missing_evidence
memos_long:2184,False,False,False,,correct,,baseline_correct_residual
memos_long:2189,False,False,True,,hallucination,,unresolved_or_missing_evidence
memos_long:2190,False,True,False,False,correct,,baseline_correct_residual
memos_long:2194,,,,,hallucination,,unresolved_or_missing_evidence
memos_long:2196,False,False,True,,hallucination,,unresolved_or_missing_evidence
memos_long:2197,False,False,False,,correct,,baseline_correct_residual
memos_long:2201,False,False,False,,correct,,baseline_correct_residual
memos_long:2202,False,False,True,,hallucination,,unresolved_or_missing_evidence
memos_long:2203,False,False,False,,correct,,baseline_correct_residual
memos_long:2204,,,,,correct,,baseline_correct_residual
memos_long:2205,False,False,False,,correct,,baseline_correct_residual
memos_long:2206,False,False,True,,hallucination,,unresolved_or_missing_evidence
memos_long:2207,False,False,False,,correct,,baseline_correct_residual
memos_long:2208,False,False,False,,correct,,baseline_correct_residual
memos_long:2209,False,False,True,,hallucination,,unresolved_or_missing_evidence
memos_long:2210,False,False,False,,correct,,baseline_correct_residual
memos_long:2211,False,False,False,,correct,,baseline_correct_residual
memos_long:2212,False,False,True,,hallucination,,unresolved_or_missing_evidence
memos_long:2217,False,False,True,,hallucination,,unresolved_or_missing_evidence
memos_long:2218,False,False,False,,correct,,baseline_correct_residual
memos_long:2220,False,False,False,,correct,,baseline_correct_residual
memos_long:2223,False,False,False,,correct,,baseline_correct_residual
memos_long:2224,,,,,correct,,baseline_correct_residual
memos_long:2226,False,False,True,,hallucination,,unresolved_or_missing_evidence
memos_long:2230,False,False,False,,correct,,baseline_correct_residual
memos_long:2231,False,False,False,,correct,,baseline_correct_residual
memos_long:2232,False,False,False,,correct,,baseline_correct_residual
memos_long:2233,False,False,False,,correct,,baseline_correct_residual
memos_long:2235,False,False,True,,hallucination,,unresolved_or_missing_evidence
memos_long:2241,False,False,False,,correct,,baseline_correct_residual
memos_long:2242,False,False,False,,correct,,baseline_correct_residual
memos_long:2245,False,False,False,,correct,,baseline_correct_residual
memos_long:2246,False,False,False,,correct,,baseline_correct_residual
memos_long:2247,False,False,False,,correct,,baseline_correct_residual
memos_long:2249,False,False,True,,hallucination,,unresolved_or_missing_evidence
memos_long:2250,False,False,False,,correct,,baseline_correct_residual
memos_long:2251,False,False,False,,correct,,baseline_correct_residual
memos_long:2252,,,,,correct,,baseline_correct_residual
memos_long:2254,False,False,False,,correct,,baseline_correct_residual
memos_long:2255,False,False,False,,correct,,baseline_correct_residual
memos_long:2256,False,False,False,,correct,,baseline_correct_residual
memos_long:2257,,,,,correct,,baseline_correct_residual
memos_long:2258,False,False,False,,correct,,baseline_correct_residual
memos_long:2259,,,,,correct,,baseline_correct_residual
memos_long:2260,,,,,correct,,baseline_correct_residual
memos_long:2263,,,,,correct,,baseline_correct_residual
memos_long:2264,,,,,correct,,baseline_correct_residual
memos_long:2266,False,False,False,,correct,,baseline_correct_residual
memos_long:2267,,,,,correct,,baseline_correct_residual
memos_long:2268,False,False,False,,correct,,baseline_correct_residual
memos_long:2269,False,False,True,,hallucination,,unresolved_or_missing_evidence
memos_long:2271,False,False,False,,correct,,baseline_correct_residual
memos_long:2273,False,False,False,,correct,,baseline_correct_residual
memos_long:2274,False,False,False,,correct,,baseline_correct_residual
memos_long:2276,False,False,False,,correct,,baseline_correct_residual
memos_long:2277,False,False,True,,hallucination,,unresolved_or_missing_evidence
memos_long:2278,,,,,correct,,baseline_correct_residual
memos_long:2279,False,False,False,,correct,,baseline_correct_residual
memos_long:2282,False,False,False,,correct,,baseline_correct_residual
memos_long:2283,False,False,False,,correct,,baseline_correct_residual
memos_long:2288,False,False,False,,correct,,baseline_correct_residual
memos_long:2289,False,False,False,,correct,,baseline_correct_residual
memos_long:2291,False,False,False,,correct,,baseline_correct_residual
memos_long:2293,,,,,correct,,baseline_correct_residual
memos_long:2295,False,False,False,,correct,,baseline_correct_residual
memos_long:2297,,,,,hallucination,,unresolved_or_missing_evidence
memos_long:2298,False,False,False,,correct,,baseline_correct_residual
memos_long:2303,False,False,True,,omission,,unresolved_or_missing_evidence
memos_long:2304,False,True,False,False,hallucination,,serialization_loss
memos_long:2309,False,False,False,,correct,,baseline_correct_residual
memos_long:2310,False,False,False,,correct,,baseline_correct_residual
memos_long:2311,False,False,False,,correct,,baseline_correct_residual
memos_long:2313,False,False,False,,correct,,baseline_correct_residual
memos_long:2314,False,False,True,,hallucination,,unresolved_or_missing_evidence
memos_long:2315,False,False,False,,correct,,baseline_correct_residual
memos_long:2318,,,,,correct,,baseline_correct_residual
memos_long:2321,False,False,True,,hallucination,,unresolved_or_missing_evidence
memos_long:2322,False,False,False,,correct,,baseline_correct_residual
memos_long:2323,False,False,False,,correct,,baseline_correct_residual
memos_long:2327,False,True,False,False,omission,,serialization_loss
memos_long:2328,False,False,False,,correct,,baseline_correct_residual
memos_long:2330,False,False,False,,correct,,baseline_correct_residual
memos_long:2331,False,False,False,,correct,,baseline_correct_residual
memos_long:2333,False,False,False,,correct,,baseline_correct_residual
memos_long:2334,False,False,False,,correct,,baseline_correct_residual
memos_long:2335,False,False,True,,hallucination,,unresolved_or_missing_evidence
memos_long:2336,False,False,False,,correct,,baseline_correct_residual
memos_long:2337,False,False,False,,correct,,baseline_correct_residual
memos_long:2338,False,False,True,,hallucination,,unresolved_or_missing_evidence
memos_long:2339,False,True,False,False,hallucination,,serialization_loss
memos_long:2340,False,False,False,,correct,,baseline_correct_residual
memos_long:2341,,,,,omission,,unresolved_or_missing_evidence
memos_long:2342,False,False,False,,correct,,baseline_correct_residual
memos_long:2346,False,False,True,,omission,,unresolved_or_missing_evidence
memos_long:2347,False,False,False,,correct,,baseline_correct_residual
memos_long:2348,False,False,False,,correct,,baseline_correct_residual
memos_long:2349,,,,,correct,,baseline_correct_residual
memos_long:2351,False,False,False,,correct,,baseline_correct_residual
memos_long:2353,False,False,False,,correct,,baseline_correct_residual
memos_long:2354,False,False,True,,hallucination,,unresolved_or_missing_evidence
memos_long:2355,,,,,correct,,baseline_correct_residual
memos_long:2356,False,False,False,,correct,,baseline_correct_residual
memos_long:2357,False,False,True,,hallucination,,unresolved_or_missing_evidence
memos_long:2360,False,False,False,,correct,,baseline_correct_residual
memos_long:2361,False,False,False,,correct,,baseline_correct_residual
memos_long:2362,,,,,correct,,baseline_correct_residual
memos_long:2363,,,,,correct,,baseline_correct_residual
memos_long:2365,False,False,True,,hallucination,,unresolved_or_missing_evidence
memos_long:2366,False,False,False,,correct,,baseline_correct_residual
memos_long:2367,False,False,False,,correct,,baseline_correct_residual
memos_long:2368,False,False,False,,correct,,baseline_correct_residual
memos_long:2369,False,False,True,,omission,,unresolved_or_missing_evidence
memos_long:2370,False,False,False,,correct,,baseline_correct_residual
memos_long:2371,False,False,False,,correct,,baseline_correct_residual
memos_long:2372,,,,,correct,,baseline_correct_residual
memos_long:2373,False,False,True,,hallucination,,unresolved_or_missing_evidence
memos_long:2374,False,True,False,False,correct,,baseline_correct_residual
memos_long:2375,False,False,True,,hallucination,,unresolved_or_missing_evidence
memos_long:2376,False,True,False,False,hallucination,,serialization_loss
memos_long:2377,False,True,False,False,omission,,serialization_loss
memos_long:2379,False,False,False,,correct,,baseline_correct_residual
memos_long:2380,,,,,correct,,baseline_correct_residual
memos_long:2381,False,False,False,,correct,,baseline_correct_residual
memos_long:2383,False,False,False,,correct,,baseline_correct_residual
memos_long:2384,False,False,True,,hallucination,,unresolved_or_missing_evidence
memos_long:2385,False,False,False,,correct,,baseline_correct_residual
memos_long:2387,False,False,True,,hallucination,,unresolved_or_missing_evidence
memos_long:2388,False,False,False,,correct,,baseline_correct_residual
memos_long:2389,False,True,False,False,hallucination,,serialization_loss
memos_long:2390,False,False,False,,correct,,baseline_correct_residual
memos_long:2391,False,True,False,False,correct,,baseline_correct_residual
memos_long:2392,False,False,True,,hallucination,,unresolved_or_missing_evidence
memos_long:2393,False,False,False,,correct,,baseline_correct_residual
memos_long:2394,False,False,False,,correct,,baseline_correct_residual
memos_long:2395,False,False,False,,correct,,baseline_correct_residual
memos_long:2401,False,False,False,,correct,,baseline_correct_residual
memos_long:2402,False,False,False,,correct,,baseline_correct_residual
memos_long:2403,False,False,False,,correct,,baseline_correct_residual
memos_long:2404,False,False,False,,correct,,baseline_correct_residual
memos_long:2408,,,,,correct,,baseline_correct_residual
memos_long:2409,False,False,True,,hallucination,,unresolved_or_missing_evidence
memos_long:2410,False,False,True,,hallucination,,unresolved_or_missing_evidence
memos_long:2412,False,False,False,,correct,,baseline_correct_residual
memos_long:2414,False,False,False,,correct,,baseline_correct_residual
memos_long:2415,False,False,False,,correct,,baseline_correct_residual
memos_long:2416,False,False,True,,hallucination,,unresolved_or_missing_evidence
memos_long:2417,False,False,False,,correct,,baseline_correct_residual
memos_long:2422,False,False,True,,hallucination,,unresolved_or_missing_evidence
memos_long:2423,,,,,hallucination,,unresolved_or_missing_evidence
memos_long:2426,,,,,hallucination,,unresolved_or_missing_evidence
memos_long:2428,False,False,False,,correct,,baseline_correct_residual
memos_long:2429,False,False,False,,correct,,baseline_correct_residual
memos_long:2431,False,False,False,,correct,,baseline_correct_residual
memos_long:2436,False,False,False,,correct,,baseline_correct_residual
memos_long:2438,False,False,False,,correct,,baseline_correct_residual
memos_long:2439,False,False,False,,correct,,baseline_correct_residual
memos_long:2446,False,False,False,,correct,,baseline_correct_residual
memos_long:2448,False,False,False,,correct,,baseline_correct_residual
memos_long:2449,False,False,False,,correct,,baseline_correct_residual
memos_long:2452,False,False,False,,correct,,baseline_correct_residual
memos_long:2455,False,False,True,,hallucination,,unresolved_or_missing_evidence
memos_long:2456,False,False,False,,correct,,baseline_correct_residual
memos_long:2457,False,False,False,,correct,,baseline_correct_residual
memos_long:2458,False,False,False,,correct,,baseline_correct_residual
memos_long:2459,False,False,True,,hallucination,,unresolved_or_missing_evidence
memos_long:2460,False,False,False,,correct,,baseline_correct_residual
memos_long:2461,False,False,False,,correct,,baseline_correct_residual
memos_long:2464,False,False,False,,correct,,baseline_correct_residual
memos_long:2466,,,,,correct,,baseline_correct_residual
memos_long:2467,False,False,True,,hallucination,,unresolved_or_missing_evidence
memos_long:2468,,,,,hallucination,,unresolved_or_missing_evidence
memos_long:2469,False,False,False,,correct,,baseline_correct_residual
memos_long:2470,False,False,True,,hallucination,,unresolved_or_missing_evidence
memos_long:2472,False,False,False,,correct,,baseline_correct_residual
memos_long:2473,False,False,False,,correct,,baseline_correct_residual
memos_long:2474,False,False,False,,correct,,baseline_correct_residual
memos_long:2476,False,False,False,,correct,,baseline_correct_residual
memos_long:2477,False,False,True,,hallucination,,unresolved_or_missing_evidence
memos_long:2479,False,False,True,,hallucination,,unresolved_or_missing_evidence
memos_long:2480,False,False,False,,correct,,baseline_correct_residual
memos_long:2481,False,False,False,,correct,,baseline_correct_residual
memos_long:2483,False,False,False,,correct,,baseline_correct_residual
memos_long:2485,False,False,False,,correct,,baseline_correct_residual
memos_long:2486,False,False,False,,correct,,baseline_correct_residual
memos_long:2487,,,,,correct,,baseline_correct_residual
memos_long:2490,False,False,True,,hallucination,,unresolved_or_missing_evidence
memos_long:2492,False,False,False,,correct,,baseline_correct_residual
memos_long:2494,,,,,hallucination,,unresolved_or_missing_evidence
memos_long:2495,False,False,False,,correct,,baseline_correct_residual
memos_long:2496,False,False,False,,correct,,baseline_correct_residual
memos_long:2497,False,False,False,,correct,,baseline_correct_residual
memos_long:2498,,,,,correct,,baseline_correct_residual
memos_long:2501,False,False,False,,correct,,baseline_correct_residual
memos_long:2502,False,False,False,,correct,,baseline_correct_residual
memos_long:2504,,,,,correct,,baseline_correct_residual
memos_long:2505,False,False,False,,correct,,baseline_correct_residual
memos_long:2506,False,False,False,,correct,,baseline_correct_residual
memos_long:2507,,,,,hallucination,,unresolved_or_missing_evidence
memos_long:2508,,,,,hallucination,,unresolved_or_missing_evidence
memos_long:2510,False,True,False,False,hallucination,,serialization_loss
memos_long:2512,False,True,False,False,hallucination,,serialization_loss
memos_long:2513,False,False,False,,correct,,baseline_correct_residual
memos_long:2514,False,False,False,,correct,,baseline_correct_residual
memos_long:2520,False,False,False,,correct,,baseline_correct_residual
memos_long:2523,,,,,correct,,baseline_correct_residual
memos_long:2524,False,False,False,,correct,,baseline_correct_residual
memos_long:2526,,,,,hallucination,,unresolved_or_missing_evidence
memos_long:2528,False,False,True,,omission,,unresolved_or_missing_evidence
memos_long:2533,False,False,False,,correct,,baseline_correct_residual
memos_long:2534,False,False,True,,hallucination,,unresolved_or_missing_evidence
memos_long:2535,False,False,False,,correct,,baseline_correct_residual
memos_long:2536,False,False,True,,hallucination,,unresolved_or_missing_evidence
memos_long:2537,False,False,True,,hallucination,,unresolved_or_missing_evidence
memos_long:2538,False,False,True,,omission,,unresolved_or_missing_evidence
memos_long:2539,False,True,False,False,hallucination,,serialization_loss
memos_long:2540,False,False,True,,hallucination,,unresolved_or_missing_evidence
memos_long:2542,False,False,False,,correct,,baseline_correct_residual
memos_long:2543,False,False,False,,correct,,baseline_correct_residual
memos_long:2544,,,,,hallucination,,unresolved_or_missing_evidence
memos_long:2545,False,False,True,,omission,,unresolved_or_missing_evidence
memos_long:2547,False,False,False,,correct,,baseline_correct_residual
memos_long:2548,False,False,False,,correct,,baseline_correct_residual
memos_long:2549,False,False,True,,omission,,unresolved_or_missing_evidence
memos_long:2552,False,False,False,,correct,,baseline_correct_residual
memos_long:2553,False,False,False,,correct,,baseline_correct_residual
memos_long:2554,False,False,False,,correct,,baseline_correct_residual
memos_long:2556,False,False,False,,correct,,baseline_correct_residual
memos_long:2559,False,False,False,,correct,,baseline_correct_residual
memos_long:2560,False,False,True,,hallucination,,unresolved_or_missing_evidence
memos_long:2562,False,False,False,,correct,,baseline_correct_residual
memos_long:2563,False,False,False,,correct,,baseline_correct_residual
memos_long:2564,False,False,False,,correct,,baseline_correct_residual
memos_long:2565,False,False,False,,correct,,baseline_correct_residual
memos_long:2566,False,False,False,,correct,,baseline_correct_residual
memos_long:2567,False,False,False,,correct,,baseline_correct_residual
memos_long:2568,False,False,False,,correct,,baseline_correct_residual
memos_long:2569,,,,,correct,,baseline_correct_residual
memos_long:2570,False,False,False,,correct,,baseline_correct_residual
memos_long:2571,False,False,False,,correct,,baseline_correct_residual
memos_long:2572,False,False,False,,correct,,baseline_correct_residual
memos_long:2575,False,False,False,,correct,,baseline_correct_residual
memos_long:2577,False,False,True,,omission,,unresolved_or_missing_evidence
memos_long:2578,False,False,False,,correct,,baseline_correct_residual
memos_long:2580,False,False,False,,correct,,baseline_correct_residual
memos_long:2586,False,False,False,,correct,,baseline_correct_residual
memos_long:2587,False,False,False,,correct,,baseline_correct_residual
memos_long:2591,False,False,False,,correct,,baseline_correct_residual
memos_long:2593,False,False,False,,correct,,baseline_correct_residual
memos_long:2595,False,False,False,,correct,,baseline_correct_residual
memos_long:2597,False,False,False,,correct,,baseline_correct_residual
memos_long:2598,False,False,True,,omission,,unresolved_or_missing_evidence
memos_long:2599,False,False,False,,correct,,baseline_correct_residual
memos_long:2600,False,False,False,,correct,,baseline_correct_residual
memos_long:2601,,,,,hallucination,,unresolved_or_missing_evidence
memos_long:2605,,,,,correct,,baseline_correct_residual
memos_long:2608,False,False,False,,correct,,baseline_correct_residual
memos_long:2609,False,False,False,,correct,,baseline_correct_residual
memos_long:2610,False,False,False,,correct,,baseline_correct_residual
memos_long:2612,False,False,False,,correct,,baseline_correct_residual
memos_long:2613,False,False,True,,hallucination,,unresolved_or_missing_evidence
memos_long:2614,False,False,False,,correct,,baseline_correct_residual
memos_long:2615,False,False,False,,correct,,baseline_correct_residual
memos_long:2616,False,False,False,,correct,,baseline_correct_residual
memos_long:2620,False,False,False,,correct,,baseline_correct_residual
memos_long:2621,False,False,False,,correct,,baseline_correct_residual
memos_long:2622,False,False,True,,hallucination,,unresolved_or_missing_evidence
memos_long:2623,False,False,False,,correct,,baseline_correct_residual
memos_long:2624,,,,,omission,,unresolved_or_missing_evidence
memos_long:2632,False,False,False,,correct,,baseline_correct_residual
memos_long:2633,False,False,True,,hallucination,,unresolved_or_missing_evidence
memos_long:2634,False,False,False,,correct,,baseline_correct_residual
memos_long:2636,False,False,False,,correct,,baseline_correct_residual
memos_long:2638,False,False,False,,correct,,baseline_correct_residual
memos_long:2639,False,False,False,,correct,,baseline_correct_residual
memos_long:2641,False,False,False,,correct,,baseline_correct_residual
memos_long:2642,False,False,False,,correct,,baseline_correct_residual
memos_long:2643,,,,,omission,,unresolved_or_missing_evidence
memos_long:2644,False,False,False,,correct,,baseline_correct_residual
memos_long:2645,,,,,correct,,baseline_correct_residual
memos_long:2646,False,False,False,,correct,,baseline_correct_residual
memos_long:2647,False,False,False,,correct,,baseline_correct_residual
memos_long:2648,False,False,False,,correct,,baseline_correct_residual
memos_long:2651,False,False,False,,correct,,baseline_correct_residual
memos_long:2653,False,False,False,,correct,,baseline_correct_residual
memos_long:2655,False,False,True,,hallucination,,unresolved_or_missing_evidence
memos_long:2656,,,,,correct,,baseline_correct_residual
memos_long:2657,False,False,False,,correct,,baseline_correct_residual
memos_long:2658,False,False,True,,hallucination,,unresolved_or_missing_evidence
memos_long:2659,,,,,hallucination,,unresolved_or_missing_evidence
memos_long:2660,,,,,hallucination,,unresolved_or_missing_evidence
memos_long:2661,False,False,False,,correct,,baseline_correct_residual
memos_long:2664,False,False,False,,correct,,baseline_correct_residual
memos_long:2665,False,False,False,,correct,,baseline_correct_residual
memos_long:2667,False,False,True,,hallucination,,unresolved_or_missing_evidence
memos_long:2669,False,False,True,,hallucination,,unresolved_or_missing_evidence
memos_long:2670,False,False,False,,correct,,baseline_correct_residual
memos_long:2671,False,False,False,,correct,,baseline_correct_residual
memos_long:2672,False,False,False,,correct,,baseline_correct_residual
memos_long:2673,False,False,False,,correct,,baseline_correct_residual
memos_long:2674,,,,,hallucination,,unresolved_or_missing_evidence
memos_long:2681,,,,,correct,,baseline_correct_residual
memos_long:2683,False,False,False,,correct,,baseline_correct_residual
memos_long:2685,False,False,False,,correct,,baseline_correct_residual
memos_long:2686,False,False,False,,correct,,baseline_correct_residual
memos_long:2687,False,False,False,,correct,,baseline_correct_residual
memos_long:2688,False,False,False,,correct,,baseline_correct_residual
memos_long:2689,False,False,True,,hallucination,,unresolved_or_missing_evidence
memos_long:2690,,,,,correct,,baseline_correct_residual
memos_long:2691,False,False,False,,correct,,baseline_correct_residual
memos_long:2692,False,False,False,,correct,,baseline_correct_residual
memos_long:2693,False,False,False,,correct,,baseline_correct_residual
memos_long:2694,,,,,correct,,baseline_correct_residual
memos_long:2699,False,False,False,,correct,,baseline_correct_residual
memos_long:2700,False,False,True,,hallucination,,unresolved_or_missing_evidence
memos_long:2701,,,,,hallucination,,unresolved_or_missing_evidence
memos_long:2702,False,False,False,,correct,,baseline_correct_residual
memos_long:2703,False,False,True,,hallucination,,unresolved_or_missing_evidence
memos_long:2707,False,False,False,,correct,,baseline_correct_residual
memos_long:2709,False,False,False,,correct,,baseline_correct_residual
memos_long:2710,False,False,False,,correct,,baseline_correct_residual
memos_long:2712,False,False,False,,correct,,baseline_correct_residual
memos_long:2716,False,False,False,,correct,,baseline_correct_residual
memos_long:2717,False,False,False,,correct,,baseline_correct_residual
memos_long:2718,False,False,False,,correct,,baseline_correct_residual
memos_long:2725,False,False,False,,correct,,baseline_correct_residual
memos_long:2726,False,False,False,,correct,,baseline_correct_residual
memos_long:2727,False,True,False,False,correct,,baseline_correct_residual
memos_long:2730,False,False,False,,correct,,baseline_correct_residual
memos_long:2732,False,False,False,,correct,,baseline_correct_residual
memos_long:2733,False,False,False,,correct,,baseline_correct_residual
memos_long:2734,False,False,False,,correct,,baseline_correct_residual
memos_long:2735,False,False,True,,hallucination,,unresolved_or_missing_evidence
memos_long:2736,False,False,False,,correct,,baseline_correct_residual
memos_long:2737,False,False,False,,correct,,baseline_correct_residual
memos_long:2738,False,False,False,,correct,,baseline_correct_residual
memos_long:2752,False,False,True,,hallucination,,unresolved_or_missing_evidence
memos_long:2754,False,False,True,,hallucination,,unresolved_or_missing_evidence
memos_long:2755,False,False,False,,correct,,baseline_correct_residual
memos_long:2756,,,,,hallucination,,unresolved_or_missing_evidence
memos_long:2757,False,False,False,,correct,,baseline_correct_residual
memos_long:2759,,,,,hallucination,,unresolved_or_missing_evidence
memos_long:2761,False,False,False,,correct,,baseline_correct_residual
memos_long:2762,False,False,True,,hallucination,,unresolved_or_missing_evidence
memos_long:2763,False,False,False,,correct,,baseline_correct_residual
memos_long:2764,False,False,False,,correct,,baseline_correct_residual
memos_long:2765,False,False,False,,correct,,baseline_correct_residual
memos_long:2766,False,False,False,,correct,,baseline_correct_residual
memos_long:2768,False,False,False,,correct,,baseline_correct_residual
memos_long:2769,False,False,False,,correct,,baseline_correct_residual
memos_long:2770,False,False,False,,correct,,baseline_correct_residual
memos_long:2771,False,False,True,,hallucination,,unresolved_or_missing_evidence
memos_long:2772,False,False,False,,correct,,baseline_correct_residual
memos_long:2773,False,False,False,,correct,,baseline_correct_residual
memos_long:2774,False,False,False,,correct,,baseline_correct_residual
memos_long:2775,,,,,hallucination,,unresolved_or_missing_evidence
memos_long:2780,False,False,True,,hallucination,,unresolved_or_missing_evidence
memos_long:2781,False,False,True,,hallucination,,unresolved_or_missing_evidence
memos_long:2782,False,False,False,,correct,,baseline_correct_residual
memos_long:2783,,,,,correct,,baseline_correct_residual
memos_long:2784,False,False,True,,omission,,unresolved_or_missing_evidence
memos_long:2785,,,,,omission,,unresolved_or_missing_evidence
memos_long:2789,False,False,False,,correct,,baseline_correct_residual
memos_long:2790,False,False,False,,correct,,baseline_correct_residual
memos_long:2791,False,False,False,,correct,,baseline_correct_residual
memos_long:2792,False,False,True,,hallucination,,unresolved_or_missing_evidence
memos_long:2793,False,False,False,,correct,,baseline_correct_residual
memos_long:2795,False,False,False,,correct,,baseline_correct_residual
memos_long:2796,False,False,False,,correct,,baseline_correct_residual
memos_long:2797,False,False,False,,correct,,baseline_correct_residual
memos_long:2798,False,False,False,,correct,,baseline_correct_residual
memos_long:2800,False,False,False,,correct,,baseline_correct_residual
memos_long:2801,False,False,True,,omission,,unresolved_or_missing_evidence
memos_long:2802,,,,,hallucination,,unresolved_or_missing_evidence
memos_long:2803,False,False,True,,hallucination,,unresolved_or_missing_evidence
memos_long:2804,False,False,False,,correct,,baseline_correct_residual
memos_long:2805,False,False,True,,hallucination,,unresolved_or_missing_evidence
memos_long:2808,,,,,correct,,baseline_correct_residual
memos_long:2809,False,False,True,,hallucination,,unresolved_or_missing_evidence
memos_long:2810,False,False,False,,correct,,baseline_correct_residual
memos_long:2812,False,False,False,,correct,,baseline_correct_residual
memos_long:2813,False,False,False,,correct,,baseline_correct_residual
memos_long:2814,False,False,False,,correct,,baseline_correct_residual
memos_long:2816,False,True,False,False,hallucination,,serialization_loss
memos_long:2817,False,False,False,,correct,,baseline_correct_residual
memos_long:2819,False,False,True,,hallucination,,unresolved_or_missing_evidence
memos_long:2822,False,False,True,,hallucination,,unresolved_or_missing_evidence
memos_long:2825,False,False,False,,correct,,baseline_correct_residual
memos_long:2826,False,False,False,,correct,,baseline_correct_residual
memos_long:2827,False,False,False,,correct,,baseline_correct_residual
memos_long:2829,False,False,False,,correct,,baseline_correct_residual
memos_long:2831,False,True,False,False,hallucination,,serialization_loss
memos_long:2832,False,False,False,,correct,,baseline_correct_residual
memos_long:2833,False,False,False,,correct,,baseline_correct_residual
memos_long:2837,False,False,False,,correct,,baseline_correct_residual
memos_long:2838,False,False,False,,correct,,baseline_correct_residual
memos_long:2839,False,False,False,,correct,,baseline_correct_residual
memos_long:2840,False,False,False,,correct,,baseline_correct_residual
memos_long:2841,,,,,correct,,baseline_correct_residual
memos_long:2845,False,False,False,,correct,,baseline_correct_residual
memos_long:2846,False,False,True,,hallucination,,unresolved_or_missing_evidence
memos_long:2847,,,,,omission,,unresolved_or_missing_evidence
memos_long:2852,False,False,False,,correct,,baseline_correct_residual
memos_long:2853,False,False,True,,hallucination,,unresolved_or_missing_evidence
memos_long:2854,False,False,False,,correct,,baseline_correct_residual
memos_long:2857,,,,,hallucination,,unresolved_or_missing_evidence
memos_long:2858,False,False,False,,correct,,baseline_correct_residual
memos_long:2859,False,False,True,,hallucination,,unresolved_or_missing_evidence
memos_long:2861,False,False,False,,correct,,baseline_correct_residual
memos_long:2862,False,False,True,,hallucination,,unresolved_or_missing_evidence
memos_long:2864,False,False,False,,correct,,baseline_correct_residual
memos_long:2865,False,False,False,,correct,,baseline_correct_residual
memos_long:2866,False,False,False,,correct,,baseline_correct_residual
memos_long:2868,False,False,True,,hallucination,,unresolved_or_missing_evidence
memos_long:2869,False,False,False,,correct,,baseline_correct_residual
memos_long:2870,False,False,False,,correct,,baseline_correct_residual
memos_long:2871,,,,,hallucination,,unresolved_or_missing_evidence
memos_long:2872,,,,,correct,,baseline_correct_residual
memos_long:2873,False,False,False,,correct,,baseline_correct_residual
memos_long:2875,False,False,False,,correct,,baseline_correct_residual
memos_long:2876,False,False,False,,correct,,baseline_correct_residual
memos_long:2877,,,,,correct,,baseline_correct_residual
memos_long:2878,False,False,False,,correct,,baseline_correct_residual
memos_long:2879,False,False,False,,correct,,baseline_correct_residual
memos_long:2882,False,False,False,,correct,,baseline_correct_residual
memos_long:2883,False,False,False,,correct,,baseline_correct_residual
memos_long:2884,False,False,False,,correct,,baseline_correct_residual
memos_long:2885,False,False,False,,correct,,baseline_correct_residual
memos_long:2886,False,False,False,,correct,,baseline_correct_residual
memos_long:2888,False,False,False,,correct,,baseline_correct_residual
memos_long:2890,False,False,True,,hallucination,,unresolved_or_missing_evidence
memos_long:2891,False,False,False,,correct,,baseline_correct_residual
memos_long:2892,False,False,False,,correct,,baseline_correct_residual
memos_long:2894,False,False,True,,hallucination,,unresolved_or_missing_evidence
memos_long:2896,False,False,False,,correct,,baseline_correct_residual
memos_long:2899,False,False,True,,hallucination,,unresolved_or_missing_evidence
memos_long:2900,False,False,True,,omission,,unresolved_or_missing_evidence
memos_long:2901,False,False,False,,correct,,baseline_correct_residual
memos_long:2902,False,False,False,,correct,,baseline_correct_residual
memos_long:2905,False,False,False,,correct,,baseline_correct_residual
memos_long:2906,False,False,True,,hallucination,,unresolved_or_missing_evidence
memos_long:2908,False,False,False,,correct,,baseline_correct_residual
memos_long:2910,,,,,correct,,baseline_correct_residual
memos_long:2911,False,False,False,,correct,,baseline_correct_residual
memos_long:2913,False,False,False,,correct,,baseline_correct_residual
memos_long:2914,,,,,hallucination,,unresolved_or_missing_evidence
memos_long:2915,False,False,False,,correct,,baseline_correct_residual
memos_long:2917,False,False,True,,omission,,unresolved_or_missing_evidence
memos_long:2918,,,,,correct,,baseline_correct_residual
memos_long:2924,,,,,hallucination,,unresolved_or_missing_evidence
memos_long:2928,False,False,False,,correct,,baseline_correct_residual
memos_long:2932,False,False,False,,correct,,baseline_correct_residual
memos_long:2933,False,False,False,,correct,,baseline_correct_residual
memos_long:2934,,,,,hallucination,,unresolved_or_missing_evidence
memos_long:2935,,,,,correct,,baseline_correct_residual
memos_long:2936,False,False,True,,hallucination,,unresolved_or_missing_evidence
memos_long:2937,,,,,correct,,baseline_correct_residual
memos_long:2940,False,False,False,,correct,,baseline_correct_residual
memos_long:2941,False,False,False,,correct,,baseline_correct_residual
memos_long:2942,False,False,True,,hallucination,,unresolved_or_missing_evidence
memos_long:2945,False,False,True,,hallucination,,unresolved_or_missing_evidence
memos_long:2946,False,False,False,,correct,,baseline_correct_residual
memos_long:2947,False,False,False,,correct,,baseline_correct_residual
memos_long:2948,False,False,False,,correct,,baseline_correct_residual
memos_long:2949,False,False,False,,correct,,baseline_correct_residual
memos_long:2950,False,False,True,,hallucination,,unresolved_or_missing_evidence
memos_long:2952,False,False,False,,correct,,baseline_correct_residual
memos_long:2953,False,False,False,,correct,,baseline_correct_residual
memos_long:2955,False,False,False,,correct,,baseline_correct_residual
memos_long:2962,False,False,False,,correct,,baseline_correct_residual
memos_long:2963,False,False,False,,correct,,baseline_correct_residual
memos_long:2964,False,False,True,,hallucination,,unresolved_or_missing_evidence
memos_long:2965,False,False,False,,correct,,baseline_correct_residual
memos_long:2968,,,,,hallucination,,unresolved_or_missing_evidence
memos_long:2969,False,False,False,,correct,,baseline_correct_residual
memos_long:2971,False,False,False,,correct,,baseline_correct_residual
memos_long:2973,False,False,False,,correct,,baseline_correct_residual
memos_long:2974,False,False,False,,correct,,baseline_correct_residual
memos_long:2975,,,,,correct,,baseline_correct_residual
memos_long:2979,False,False,True,,hallucination,,unresolved_or_missing_evidence
memos_long:2980,False,False,True,,omission,,unresolved_or_missing_evidence
memos_long:2981,False,False,True,,hallucination,,unresolved_or_missing_evidence
memos_long:2985,False,False,False,,correct,,baseline_correct_residual
memos_long:2988,False,False,True,,hallucination,,unresolved_or_missing_evidence
memos_long:2989,False,False,False,,correct,,baseline_correct_residual
memos_long:2990,False,False,False,,correct,,baseline_correct_residual
memos_long:2992,False,False,False,,correct,,baseline_correct_residual
memos_long:2993,False,False,True,,hallucination,,unresolved_or_missing_evidence
memos_long:2994,False,True,False,False,hallucination,,serialization_loss
memos_long:2995,False,False,False,,correct,,baseline_correct_residual
memos_long:2998,,,,,hallucination,,unresolved_or_missing_evidence
memos_long:3000,False,False,False,,correct,,baseline_correct_residual
memos_long:3003,False,True,False,False,omission,,serialization_loss
memos_long:3004,False,False,False,,correct,,baseline_correct_residual
memos_long:3007,False,False,True,,hallucination,,unresolved_or_missing_evidence
memos_long:3008,False,False,False,,correct,,baseline_correct_residual
memos_long:3010,False,False,False,,correct,,baseline_correct_residual
memos_long:3011,False,False,True,,hallucination,,unresolved_or_missing_evidence
memos_long:3013,False,False,True,,omission,,unresolved_or_missing_evidence
memos_long:3020,False,False,False,,correct,,baseline_correct_residual
memos_long:3022,,,,,correct,,baseline_correct_residual
memos_long:3026,False,False,True,,hallucination,,unresolved_or_missing_evidence
memos_long:3027,False,False,False,,correct,,baseline_correct_residual
memos_long:3035,False,False,False,,correct,,baseline_correct_residual
memos_long:3036,False,False,True,,hallucination,,unresolved_or_missing_evidence
memos_long:3038,False,False,True,,hallucination,,unresolved_or_missing_evidence
memos_long:3040,,,,,hallucination,,unresolved_or_missing_evidence
memos_long:3041,False,False,False,,correct,,baseline_correct_residual
memos_long:3043,False,False,False,,correct,,baseline_correct_residual
memos_long:3046,False,False,False,,correct,,baseline_correct_residual
memos_long:3047,,,,,correct,,baseline_correct_residual
memos_long:3048,False,False,True,,hallucination,,unresolved_or_missing_evidence
memos_long:3050,False,False,True,,hallucination,,unresolved_or_missing_evidence
memos_long:3051,False,False,False,,correct,,baseline_correct_residual
memos_long:3058,False,False,False,,correct,,baseline_correct_residual
memos_long:3059,False,False,False,,correct,,baseline_correct_residual
memos_long:3060,False,False,False,,correct,,baseline_correct_residual
memos_long:3062,False,False,True,,hallucination,,unresolved_or_missing_evidence
memos_long:3063,False,False,True,,hallucination,,unresolved_or_missing_evidence
memos_long:3065,,,,,hallucination,,unresolved_or_missing_evidence
memos_long:3066,False,False,False,,correct,,baseline_correct_residual
memos_long:3067,False,False,False,,correct,,baseline_correct_residual
memos_long:3070,False,False,True,,hallucination,,unresolved_or_missing_evidence
memos_long:3071,False,False,True,,omission,,unresolved_or_missing_evidence
memos_long:3073,False,False,False,,correct,,baseline_correct_residual
memos_long:3074,False,False,False,,correct,,baseline_correct_residual
memos_long:3075,False,False,True,,omission,,unresolved_or_missing_evidence
memos_long:3076,False,False,False,,correct,,baseline_correct_residual
memos_long:3077,,,,,hallucination,,unresolved_or_missing_evidence
memos_long:3078,False,False,False,,correct,,baseline_correct_residual
memos_long:3080,False,False,False,,correct,,baseline_correct_residual
memos_long:3081,False,False,False,,correct,,baseline_correct_residual
memos_long:3083,,,,,hallucination,,unresolved_or_missing_evidence
memos_long:3085,False,False,False,,correct,,baseline_correct_residual
memos_long:3087,False,False,True,,hallucination,,unresolved_or_missing_evidence
memos_long:3088,False,False,True,,hallucination,,unresolved_or_missing_evidence
memos_long:3089,False,True,False,False,hallucination,,serialization_loss
memos_long:3090,False,False,False,,correct,,baseline_correct_residual
memos_long:3091,,,,,omission,,unresolved_or_missing_evidence
memos_long:3092,False,False,False,,correct,,baseline_correct_residual
memos_long:3093,False,False,False,,correct,,baseline_correct_residual
memos_long:3095,False,False,False,,correct,,baseline_correct_residual
memos_long:3097,False,False,False,,correct,,baseline_correct_residual
memos_long:3100,False,False,False,,correct,,baseline_correct_residual
memos_long:3103,False,False,False,,correct,,baseline_correct_residual
memos_long:3104,False,False,False,,correct,,baseline_correct_residual
memos_long:3105,False,False,False,,correct,,baseline_correct_residual
memos_long:3106,False,False,True,,hallucination,,unresolved_or_missing_evidence
memos_long:3107,False,False,False,,correct,,baseline_correct_residual
memos_long:3110,,,,,omission,,unresolved_or_missing_evidence
memos_long:3111,False,True,False,False,hallucination,,serialization_loss
memos_long:3112,False,False,False,,correct,,baseline_correct_residual
memos_long:3113,False,False,False,,correct,,baseline_correct_residual
memos_long:3114,False,False,False,,correct,,baseline_correct_residual
memos_long:3115,False,False,True,,hallucination,,unresolved_or_missing_evidence
memos_long:3117,False,False,True,,hallucination,,unresolved_or_missing_evidence
memos_long:3118,False,False,False,,correct,,baseline_correct_residual
memos_long:3119,False,False,False,,correct,,baseline_correct_residual
memos_long:3120,False,False,False,,correct,,baseline_correct_residual
memos_long:3121,False,False,False,,correct,,baseline_correct_residual
memos_long:3122,False,False,False,,correct,,baseline_correct_residual
memos_long:3124,False,False,True,,hallucination,,unresolved_or_missing_evidence
memos_long:3125,False,False,False,,correct,,baseline_correct_residual
memos_long:3127,False,False,False,,correct,,baseline_correct_residual
memos_long:3128,False,False,False,,correct,,baseline_correct_residual
memos_long:3129,False,False,False,,correct,,baseline_correct_residual
memos_long:3133,False,False,False,,correct,,baseline_correct_residual
memos_long:3135,False,False,False,,correct,,baseline_correct_residual
memos_long:3140,,,,,correct,,baseline_correct_residual
memos_long:3144,False,False,False,,correct,,baseline_correct_residual
memos_long:3146,,,,,correct,,baseline_correct_residual
memos_long:3147,,,,,hallucination,,unresolved_or_missing_evidence
memos_long:3151,False,False,True,,hallucination,,unresolved_or_missing_evidence
memos_long:3152,False,False,False,,correct,,baseline_correct_residual
memos_long:3153,False,False,False,,correct,,baseline_correct_residual
memos_long:3154,False,False,False,,correct,,baseline_correct_residual
memos_long:3155,False,False,False,,correct,,baseline_correct_residual
memos_long:3156,False,False,False,,correct,,baseline_correct_residual
memos_long:3161,False,False,False,,correct,,baseline_correct_residual
memos_long:3162,False,False,False,,correct,,baseline_correct_residual
memos_long:3168,False,False,False,,correct,,baseline_correct_residual
memos_long:3169,False,False,False,,correct,,baseline_correct_residual
memos_long:3170,False,False,False,,correct,,baseline_correct_residual
memos_long:3171,False,False,True,,hallucination,,unresolved_or_missing_evidence
memos_long:3172,False,False,False,,correct,,baseline_correct_residual
memos_long:3173,False,False,False,,correct,,baseline_correct_residual
memos_long:3174,False,False,False,,correct,,baseline_correct_residual
memos_long:3175,False,False,False,,correct,,baseline_correct_residual
memos_long:3176,False,False,False,,correct,,baseline_correct_residual
memos_long:3178,False,False,True,,hallucination,,unresolved_or_missing_evidence
memos_long:3181,False,False,False,,correct,,baseline_correct_residual
memos_long:3182,False,False,False,,correct,,baseline_correct_residual
memos_long:3183,False,False,True,,hallucination,,unresolved_or_missing_evidence
memos_long:3190,False,False,False,,correct,,baseline_correct_residual
memos_long:3193,False,False,False,,correct,,baseline_correct_residual
memos_long:3194,False,False,False,,correct,,baseline_correct_residual
memos_long:3195,False,False,True,,hallucination,,unresolved_or_missing_evidence
memos_long:3196,False,False,False,,correct,,baseline_correct_residual
memos_long:3197,False,False,True,,hallucination,,unresolved_or_missing_evidence
memos_long:3199,False,False,False,,correct,,baseline_correct_residual
memos_long:3201,False,False,True,,hallucination,,unresolved_or_missing_evidence
memos_long:3203,False,False,False,,correct,,baseline_correct_residual
memos_long:3205,,,,,hallucination,,unresolved_or_missing_evidence
memos_long:3207,False,False,True,,hallucination,,unresolved_or_missing_evidence
memos_long:3210,False,False,False,,correct,,baseline_correct_residual
memos_long:3212,False,False,False,,correct,,baseline_correct_residual
memos_long:3213,False,False,True,,hallucination,,unresolved_or_missing_evidence
memos_long:3215,False,False,False,,correct,,baseline_correct_residual
memos_long:3217,False,False,False,,correct,,baseline_correct_residual
memos_long:3218,False,True,False,False,correct,,baseline_correct_residual
memos_long:3219,,,,,omission,,unresolved_or_missing_evidence
memos_long:3221,,,,,correct,,baseline_correct_residual
memos_long:3222,,,,,correct,,baseline_correct_residual
memos_long:3224,False,False,False,,correct,,baseline_correct_residual
memos_long:3233,,,,,hallucination,,unresolved_or_missing_evidence
memos_long:3234,,,,,correct,,baseline_correct_residual
memos_long:3240,False,False,False,,correct,,baseline_correct_residual
memos_long:3241,,,,,correct,,baseline_correct_residual
memos_long:3242,False,False,False,,correct,,baseline_correct_residual
memos_long:3243,False,False,False,,correct,,baseline_correct_residual
memos_long:3245,False,True,False,False,correct,,baseline_correct_residual
memos_long:3248,False,False,False,,correct,,baseline_correct_residual
memos_long:3249,False,False,False,,correct,,baseline_correct_residual
memos_long:3250,False,False,False,,correct,,baseline_correct_residual
memos_long:3251,False,False,False,,correct,,baseline_correct_residual
memos_long:3253,False,False,False,,correct,,baseline_correct_residual
memos_long:3254,False,False,True,,hallucination,,unresolved_or_missing_evidence
memos_long:3255,False,False,False,,correct,,baseline_correct_residual
memos_long:3256,,,,,correct,,baseline_correct_residual
memos_long:3257,False,True,False,False,omission,,serialization_loss
memos_long:3259,False,False,True,,hallucination,,unresolved_or_missing_evidence
memos_long:3261,False,False,False,,correct,,baseline_correct_residual
memos_long:3263,False,False,True,,hallucination,,unresolved_or_missing_evidence
memos_long:3264,False,False,False,,correct,,baseline_correct_residual
memos_long:3269,,,,,hallucination,,unresolved_or_missing_evidence
memos_long:3270,False,False,True,,hallucination,,unresolved_or_missing_evidence
memos_long:3271,,,,,omission,,unresolved_or_missing_evidence
memos_long:3272,False,False,False,,correct,,baseline_correct_residual
memos_long:3275,False,False,False,,correct,,baseline_correct_residual
memos_long:3276,False,False,False,,correct,,baseline_correct_residual
memos_long:3278,False,True,False,False,omission,,serialization_loss
memos_long:3279,False,False,True,,hallucination,,unresolved_or_missing_evidence
memos_long:3282,False,False,False,,correct,,baseline_correct_residual
memos_long:3283,False,False,False,,correct,,baseline_correct_residual
memos_long:3286,False,False,False,,correct,,baseline_correct_residual
memos_long:3287,,,,,omission,,unresolved_or_missing_evidence
memos_long:3288,False,False,True,,omission,,unresolved_or_missing_evidence
memos_long:3289,False,False,True,,omission,,unresolved_or_missing_evidence
memos_long:3293,False,False,False,,correct,,baseline_correct_residual
memos_long:3294,False,False,False,,correct,,baseline_correct_residual
memos_long:3295,False,True,False,False,correct,,baseline_correct_residual
memos_long:3296,False,False,False,,correct,,baseline_correct_residual
memos_long:3300,False,False,True,,hallucination,,unresolved_or_missing_evidence
memos_long:3304,False,True,False,False,omission,,serialization_loss
memos_long:3305,False,False,False,,correct,,baseline_correct_residual
memos_long:3306,False,False,False,,correct,,baseline_correct_residual
memos_long:3308,False,False,False,,correct,,baseline_correct_residual
memos_long:3309,False,False,False,,correct,,baseline_correct_residual
memos_long:3313,False,False,True,,hallucination,,unresolved_or_missing_evidence
memos_long:3314,,,,,hallucination,,unresolved_or_missing_evidence
memos_long:3315,False,False,False,,correct,,baseline_correct_residual
memos_long:3316,False,False,True,,hallucination,,unresolved_or_missing_evidence
memos_long:3317,False,False,True,,hallucination,,unresolved_or_missing_evidence
memos_long:3319,,,,,hallucination,,unresolved_or_missing_evidence
memos_long:3320,,,,,hallucination,,unresolved_or_missing_evidence
memos_long:3321,False,False,False,,correct,,baseline_correct_residual
memos_long:3322,False,False,True,,hallucination,,unresolved_or_missing_evidence
memos_long:3323,False,False,False,,correct,,baseline_correct_residual
memos_long:3324,False,True,False,False,hallucination,,serialization_loss
memos_long:3326,False,False,False,,correct,,baseline_correct_residual
memos_long:3327,False,False,False,,correct,,baseline_correct_residual
memos_long:3329,False,False,False,,correct,,baseline_correct_residual
memos_long:3330,,,,,hallucination,,unresolved_or_missing_evidence
memos_long:3331,False,False,False,,correct,,baseline_correct_residual
memos_long:3332,False,False,False,,correct,,baseline_correct_residual
memos_long:3333,False,False,True,,hallucination,,unresolved_or_missing_evidence
memos_long:3337,,,,,correct,,baseline_correct_residual
memos_long:3338,False,False,False,,correct,,baseline_correct_residual
memos_long:3339,False,False,False,,correct,,baseline_correct_residual
memos_long:3344,False,False,True,,omission,,unresolved_or_missing_evidence
memos_long:3346,False,False,False,,correct,,baseline_correct_residual
memos_long:3348,False,True,False,False,omission,,serialization_loss
memos_long:3353,False,False,False,,correct,,baseline_correct_residual
memos_long:3354,False,False,False,,correct,,baseline_correct_residual
memos_long:3355,False,False,False,,correct,,baseline_correct_residual
memos_long:3356,False,False,False,,correct,,baseline_correct_residual
memos_long:3358,False,False,False,,correct,,baseline_correct_residual
memos_long:3359,False,False,False,,correct,,baseline_correct_residual
memos_long:3362,,,,,correct,,baseline_correct_residual
memos_long:3364,False,False,False,,correct,,baseline_correct_residual
memos_long:3366,False,False,False,,correct,,baseline_correct_residual
memos_long:3368,False,False,False,,correct,,baseline_correct_residual
memos_long:3369,False,False,True,,hallucination,,unresolved_or_missing_evidence
memos_long:3370,False,False,False,,correct,,baseline_correct_residual
memos_long:3371,False,False,False,,correct,,baseline_correct_residual
memos_long:3372,False,False,False,,correct,,baseline_correct_residual
memos_long:3376,False,False,False,,correct,,baseline_correct_residual
memos_long:3377,,,,,hallucination,,unresolved_or_missing_evidence
memos_long:3379,False,False,False,,correct,,baseline_correct_residual
memos_long:3380,False,False,True,,hallucination,,unresolved_or_missing_evidence
memos_long:3381,False,False,False,,correct,,baseline_correct_residual
memos_long:3382,False,False,False,,correct,,baseline_correct_residual
memos_long:3383,False,False,False,,correct,,baseline_correct_residual
memos_long:3384,False,False,False,,correct,,baseline_correct_residual
memos_long:3385,,,,,hallucination,,unresolved_or_missing_evidence
memos_long:3386,False,True,False,False,hallucination,,serialization_loss
memos_long:3388,False,False,True,,hallucination,,unresolved_or_missing_evidence
memos_long:3389,False,False,True,,hallucination,,unresolved_or_missing_evidence
memos_long:3390,False,False,False,,correct,,baseline_correct_residual
memos_long:3392,False,False,False,,correct,,baseline_correct_residual
memos_long:3393,False,False,False,,correct,,baseline_correct_residual
memos_long:3394,False,False,False,,correct,,baseline_correct_residual
memos_long:3395,False,False,False,,correct,,baseline_correct_residual
memos_long:3396,False,False,False,,correct,,baseline_correct_residual
memos_long:3397,False,False,False,,correct,,baseline_correct_residual
memos_long:3399,False,False,True,,hallucination,,unresolved_or_missing_evidence
memos_long:3401,False,False,False,,correct,,baseline_correct_residual
memos_long:3403,False,False,True,,omission,,unresolved_or_missing_evidence
memos_long:3404,False,False,False,,correct,,baseline_correct_residual
memos_long:3405,False,False,False,,correct,,baseline_correct_residual
memos_long:3406,False,False,False,,correct,,baseline_correct_residual
memos_long:3407,,,,,correct,,baseline_correct_residual
memos_long:3410,False,False,False,,correct,,baseline_correct_residual
memos_long:3411,False,False,False,,correct,,baseline_correct_residual
memos_long:3413,False,False,False,,correct,,baseline_correct_residual
memos_long:3416,False,False,False,,correct,,baseline_correct_residual
memos_long:3419,False,False,False,,correct,,baseline_correct_residual
memos_long:3420,False,False,False,,correct,,baseline_correct_residual
memos_long:3421,False,False,False,,correct,,baseline_correct_residual
memos_long:3426,False,True,False,False,omission,,serialization_loss
memos_long:3428,,,,,correct,,baseline_correct_residual
memos_long:3432,False,False,True,,hallucination,,unresolved_or_missing_evidence
memos_long:3433,False,False,False,,correct,,baseline_correct_residual
memos_long:3434,False,False,False,,correct,,baseline_correct_residual
memos_long:3435,False,False,True,,hallucination,,unresolved_or_missing_evidence
memos_long:3436,False,False,True,,hallucination,,unresolved_or_missing_evidence
memos_long:3437,False,False,False,,correct,,baseline_correct_residual
memos_long:3438,False,False,False,,correct,,baseline_correct_residual
memos_long:3439,False,False,True,,hallucination,,unresolved_or_missing_evidence
memos_long:3441,False,True,False,False,hallucination,,serialization_loss
memos_long:3442,False,False,False,,correct,,baseline_correct_residual
memos_long:3445,False,False,False,,correct,,baseline_correct_residual
memos_long:3446,False,False,False,,correct,,baseline_correct_residual
memos_long:3448,False,False,True,,hallucination,,unresolved_or_missing_evidence
memos_long:3450,False,False,False,,correct,,baseline_correct_residual
memos_long:3452,False,False,False,,correct,,baseline_correct_residual
memos_long:3453,False,False,False,,correct,,baseline_correct_residual
memos_long:3459,False,False,True,,hallucination,,unresolved_or_missing_evidence
memos_long:3460,,,,,correct,,baseline_correct_residual
memos_long:3461,False,True,False,False,omission,,serialization_loss
memos_long:3463,False,False,False,,correct,,baseline_correct_residual
memos_long:3464,False,False,False,,correct,,baseline_correct_residual
memos_long:3466,False,False,False,,correct,,baseline_correct_residual
memos_long:3467,False,False,True,,hallucination,,unresolved_or_missing_evidence
